measurement_type,epsilon_requested,privacy_cost_fixed,request_index,accepted,reverted,reason,latency_ms,budget_total_fixed,budget_used_fixed,budget_reserved_fixed,budget_remaining_fixed,budget_invariant_violations,cumulative_accepted_requests
measured_local_hardhat,0.05,186154,1,1,0,,3.594800000078976,5000000,186154,0,4813846,0,1
measured_local_hardhat,0.05,186154,2,1,0,,3.003100000321865,5000000,372308,0,4627692,0,2
measured_local_hardhat,0.05,186154,3,1,0,,4.231600000523031,5000000,558462,0,4441538,0,3
measured_local_hardhat,0.05,186154,4,1,0,,3.6546000000089407,5000000,744616,0,4255384,0,4
measured_local_hardhat,0.05,186154,5,1,0,,3.6200000001117587,5000000,930770,0,4069230,0,5
measured_local_hardhat,0.05,186154,6,1,0,,3.025499999523163,5000000,1116924,0,3883076,0,6
measured_local_hardhat,0.05,186154,7,1,0,,3.630099999718368,5000000,1303078,0,3696922,0,7
measured_local_hardhat,0.05,186154,8,1,0,,3.4741000002250075,5000000,1489232,0,3510768,0,8
measured_local_hardhat,0.05,186154,9,1,0,,3.538099999539554,5000000,1675386,0,3324614,0,9
measured_local_hardhat,0.05,186154,10,1,0,,3.8383999997749925,5000000,1861540,0,3138460,0,10
measured_local_hardhat,0.05,186154,11,1,0,,3.474299999885261,5000000,2047694,0,2952306,0,11
measured_local_hardhat,0.05,186154,12,1,0,,3.5711000002920628,5000000,2233848,0,2766152,0,12
measured_local_hardhat,0.05,186154,13,1,0,,3.118999999947846,5000000,2420002,0,2579998,0,13
measured_local_hardhat,0.05,186154,14,1,0,,3.184299999848008,5000000,2606156,0,2393844,0,14
measured_local_hardhat,0.05,186154,15,1,0,,3.0334999999031425,5000000,2792310,0,2207690,0,15
measured_local_hardhat,0.05,186154,16,1,0,,3.1255000000819564,5000000,2978464,0,2021536,0,16
measured_local_hardhat,0.05,186154,17,1,0,,4.088299999944866,5000000,3164618,0,1835382,0,17
measured_local_hardhat,0.05,186154,18,1,0,,3.394399999640882,5000000,3350772,0,1649228,0,18
measured_local_hardhat,0.05,186154,19,1,0,,3.23340000025928,5000000,3536926,0,1463074,0,19
measured_local_hardhat,0.05,186154,20,1,0,,3.189400000497699,5000000,3723080,0,1276920,0,20
measured_local_hardhat,0.05,186154,21,1,0,,3.5480000004172325,5000000,3909234,0,1090766,0,21
measured_local_hardhat,0.05,186154,22,1,0,,3.342699999921024,5000000,4095388,0,904612,0,22
measured_local_hardhat,0.05,186154,23,1,0,,3.3859000001102686,5000000,4281542,0,718458,0,23
measured_local_hardhat,0.05,186154,24,1,0,,3.072500000707805,5000000,4467696,0,532304,0,24
measured_local_hardhat,0.05,186154,25,1,0,,3.081400000490248,5000000,4653850,0,346150,0,25
measured_local_hardhat,0.05,186154,26,1,0,,3.3408000003546476,5000000,4840004,0,159996,0,26
measured_local_hardhat,0.05,186154,27,0,1,"VM Exception while processing transaction: reverted with custom error 'InsufficientBudget(""0xc033845ea6634726412ec9c73d4c96da1b01df78eb669f8b0a43864042be93d7"", 186154, 159996)'",2.3542999997735023,5000000,4840004,0,159996,0,26
measured_local_hardhat,0.05,186154,28,0,1,"VM Exception while processing transaction: reverted with custom error 'InsufficientBudget(""0xc033845ea6634726412ec9c73d4c96da1b01df78eb669f8b0a43864042be93d7"", 186154, 159996)'",1.8316000001505017,5000000,4840004,0,159996,0,26
measured_local_hardhat,0.05,186154,29,0,1,"VM Exception while processing transaction: reverted with custom error 'InsufficientBudget(""0xc033845ea6634726412ec9c73d4c96da1b01df78eb669f8b0a43864042be93d7"", 186154, 159996)'",1.761400000192225,5000000,4840004,0,159996,0,26
measured_local_hardhat,0.05,186154,30,0,1,"VM Exception while processing transaction: reverted with custom error 'InsufficientBudget(""0xc033845ea6634726412ec9c73d4c96da1b01df78eb669f8b0a43864042be93d7"", 186154, 159996)'",2.644700000062585,5000000,4840004,0,159996,0,26
measured_local_hardhat,0.05,186154,31,0,1,"VM Exception while processing transaction: reverted with custom error 'InsufficientBudget(""0xc033845ea6634726412ec9c73d4c96da1b01df78eb669f8b0a43864042be93d7"", 186154, 159996)'",1.8291999995708466,5000000,4840004,0,159996,0,26
measured_local_hardhat,0.05,186154,32,0,1,"VM Exception while processing transaction: reverted with custom error 'InsufficientBudget(""0xc033845ea6634726412ec9c73d4c96da1b01df78eb669f8b0a43864042be93d7"", 186154, 159996)'",1.4651000006124377,5000000,4840004,0,159996,0,26
measured_local_hardhat,0.1,196379,1,1,0,,3.2739999992772937,5000000,196379,0,4803621,0,1
measured_local_hardhat,0.1,196379,2,1,0,,2.7375999996438622,5000000,392758,0,4607242,0,2
measured_local_hardhat,0.1,196379,3,1,0,,3.079699999652803,5000000,589137,0,4410863,0,3
measured_local_hardhat,0.1,196379,4,1,0,,3.318500000052154,5000000,785516,0,4214484,0,4
measured_local_hardhat,0.1,196379,5,1,0,,3.57869999948889,5000000,981895,0,4018105,0,5
measured_local_hardhat,0.1,196379,6,1,0,,3.610100000165403,5000000,1178274,0,3821726,0,6
measured_local_hardhat,0.1,196379,7,1,0,,3.1257000006735325,5000000,1374653,0,3625347,0,7
measured_local_hardhat,0.1,196379,8,1,0,,4.355700000189245,5000000,1571032,0,3428968,0,8
measured_local_hardhat,0.1,196379,9,1,0,,3.7415000004693866,5000000,1767411,0,3232589,0,9
measured_local_hardhat,0.1,196379,10,1,0,,3.248100000433624,5000000,1963790,0,3036210,0,10
measured_local_hardhat,0.1,196379,11,1,0,,4.044100000523031,5000000,2160169,0,2839831,0,11
measured_local_hardhat,0.1,196379,12,1,0,,2.9989999998360872,5000000,2356548,0,2643452,0,12
measured_local_hardhat,0.1,196379,13,1,0,,3.1972000002861023,5000000,2552927,0,2447073,0,13
measured_local_hardhat,0.1,196379,14,1,0,,3.8237000005319715,5000000,2749306,0,2250694,0,14
measured_local_hardhat,0.1,196379,15,1,0,,3.804599999450147,5000000,2945685,0,2054315,0,15
measured_local_hardhat,0.1,196379,16,1,0,,3.9180999994277954,5000000,3142064,0,1857936,0,16
measured_local_hardhat,0.1,196379,17,1,0,,4.414300000295043,5000000,3338443,0,1661557,0,17
measured_local_hardhat,0.1,196379,18,1,0,,4.143400000408292,5000000,3534822,0,1465178,0,18
measured_local_hardhat,0.1,196379,19,1,0,,4.135900000110269,5000000,3731201,0,1268799,0,19
measured_local_hardhat,0.1,196379,20,1,0,,3.7377000004053116,5000000,3927580,0,1072420,0,20
measured_local_hardhat,0.1,196379,21,1,0,,4.065999999642372,5000000,4123959,0,876041,0,21
measured_local_hardhat,0.1,196379,22,1,0,,3.2654999997466803,5000000,4320338,0,679662,0,22
measured_local_hardhat,0.1,196379,23,1,0,,2.8364999992772937,5000000,4516717,0,483283,0,23
measured_local_hardhat,0.1,196379,24,1,0,,4.378499999642372,5000000,4713096,0,286904,0,24
measured_local_hardhat,0.1,196379,25,1,0,,3.070700000040233,5000000,4909475,0,90525,0,25
measured_local_hardhat,0.1,196379,26,0,1,"VM Exception while processing transaction: reverted with custom error 'InsufficientBudget(""0xa534957a2558e5355c7ebd7e5f06621351261056d060cf868cb30b35855c7177"", 196379, 90525)'",2.2577999997884035,5000000,4909475,0,90525,0,25
measured_local_hardhat,0.1,196379,27,0,1,"VM Exception while processing transaction: reverted with custom error 'InsufficientBudget(""0xa534957a2558e5355c7ebd7e5f06621351261056d060cf868cb30b35855c7177"", 196379, 90525)'",1.5054999999701977,5000000,4909475,0,90525,0,25
measured_local_hardhat,0.1,196379,28,0,1,"VM Exception while processing transaction: reverted with custom error 'InsufficientBudget(""0xa534957a2558e5355c7ebd7e5f06621351261056d060cf868cb30b35855c7177"", 196379, 90525)'",1.5604999996721745,5000000,4909475,0,90525,0,25
measured_local_hardhat,0.1,196379,29,0,1,"VM Exception while processing transaction: reverted with custom error 'InsufficientBudget(""0xa534957a2558e5355c7ebd7e5f06621351261056d060cf868cb30b35855c7177"", 196379, 90525)'",1.5071000000461936,5000000,4909475,0,90525,0,25
measured_local_hardhat,0.1,196379,30,0,1,"VM Exception while processing transaction: reverted with custom error 'InsufficientBudget(""0xa534957a2558e5355c7ebd7e5f06621351261056d060cf868cb30b35855c7177"", 196379, 90525)'",2.0038999998942018,5000000,4909475,0,90525,0,25
measured_local_hardhat,0.1,196379,31,0,1,"VM Exception while processing transaction: reverted with custom error 'InsufficientBudget(""0xa534957a2558e5355c7ebd7e5f06621351261056d060cf868cb30b35855c7177"", 196379, 90525)'",2.034399999305606,5000000,4909475,0,90525,0,25
measured_local_hardhat,0.1,196379,32,0,1,"VM Exception while processing transaction: reverted with custom error 'InsufficientBudget(""0xa534957a2558e5355c7ebd7e5f06621351261056d060cf868cb30b35855c7177"", 196379, 90525)'",1.6054999995976686,5000000,4909475,0,90525,0,25
measured_local_hardhat,0.2,237278,1,1,0,,2.9170000003650784,5000000,237278,0,4762722,0,1
measured_local_hardhat,0.2,237278,2,1,0,,3.1881000008434057,5000000,474556,0,4525444,0,2
measured_local_hardhat,0.2,237278,3,1,0,,3.8685999996960163,5000000,711834,0,4288166,0,3
measured_local_hardhat,0.2,237278,4,1,0,,4.390800000168383,5000000,949112,0,4050888,0,4
measured_local_hardhat,0.2,237278,5,1,0,,3.0982999997213483,5000000,1186390,0,3813610,0,5
measured_local_hardhat,0.2,237278,6,1,0,,3.489199999719858,5000000,1423668,0,3576332,0,6
measured_local_hardhat,0.2,237278,7,1,0,,4.100399999879301,5000000,1660946,0,3339054,0,7
measured_local_hardhat,0.2,237278,8,1,0,,3.314100000075996,5000000,1898224,0,3101776,0,8
measured_local_hardhat,0.2,237278,9,1,0,,3.520399999804795,5000000,2135502,0,2864498,0,9
measured_local_hardhat,0.2,237278,10,1,0,,3.907199999317527,5000000,2372780,0,2627220,0,10
measured_local_hardhat,0.2,237278,11,1,0,,3.8744999999180436,5000000,2610058,0,2389942,0,11
measured_local_hardhat,0.2,237278,12,1,0,,3.4877999993041158,5000000,2847336,0,2152664,0,12
measured_local_hardhat,0.2,237278,13,1,0,,3.2203999999910593,5000000,3084614,0,1915386,0,13
measured_local_hardhat,0.2,237278,14,1,0,,3.0995999993756413,5000000,3321892,0,1678108,0,14
measured_local_hardhat,0.2,237278,15,1,0,,3.8433999996632338,5000000,3559170,0,1440830,0,15
measured_local_hardhat,0.2,237278,16,1,0,,4.8145000003278255,5000000,3796448,0,1203552,0,16
measured_local_hardhat,0.2,237278,17,1,0,,3.1546999998390675,5000000,4033726,0,966274,0,17
measured_local_hardhat,0.2,237278,18,1,0,,4.012699999846518,5000000,4271004,0,728996,0,18
measured_local_hardhat,0.2,237278,19,1,0,,3.3907000003382564,5000000,4508282,0,491718,0,19
measured_local_hardhat,0.2,237278,20,1,0,,3.742999999783933,5000000,4745560,0,254440,0,20
measured_local_hardhat,0.2,237278,21,1,0,,3.2462999997660518,5000000,4982838,0,17162,0,21
measured_local_hardhat,0.2,237278,22,0,1,"VM Exception while processing transaction: reverted with custom error 'InsufficientBudget(""0xa0964f467af8103e9427e1198f3177f45557c11e8b7fe611ccf9f59ca003317d"", 237278, 17162)'",2.3174000000581145,5000000,4982838,0,17162,0,21
measured_local_hardhat,0.2,237278,23,0,1,"VM Exception while processing transaction: reverted with custom error 'InsufficientBudget(""0xa0964f467af8103e9427e1198f3177f45557c11e8b7fe611ccf9f59ca003317d"", 237278, 17162)'",2.510100000537932,5000000,4982838,0,17162,0,21
measured_local_hardhat,0.2,237278,24,0,1,"VM Exception while processing transaction: reverted with custom error 'InsufficientBudget(""0xa0964f467af8103e9427e1198f3177f45557c11e8b7fe611ccf9f59ca003317d"", 237278, 17162)'",1.8747000005096197,5000000,4982838,0,17162,0,21
measured_local_hardhat,0.2,237278,25,0,1,"VM Exception while processing transaction: reverted with custom error 'InsufficientBudget(""0xa0964f467af8103e9427e1198f3177f45557c11e8b7fe611ccf9f59ca003317d"", 237278, 17162)'",1.7882000003010035,5000000,4982838,0,17162,0,21
measured_local_hardhat,0.2,237278,26,0,1,"VM Exception while processing transaction: reverted with custom error 'InsufficientBudget(""0xa0964f467af8103e9427e1198f3177f45557c11e8b7fe611ccf9f59ca003317d"", 237278, 17162)'",1.7289000004529953,5000000,4982838,0,17162,0,21
measured_local_hardhat,0.2,237278,27,0,1,"VM Exception while processing transaction: reverted with custom error 'InsufficientBudget(""0xa0964f467af8103e9427e1198f3177f45557c11e8b7fe611ccf9f59ca003317d"", 237278, 17162)'",1.9125999994575977,5000000,4982838,0,17162,0,21
measured_local_hardhat,0.2,237278,28,0,1,"VM Exception while processing transaction: reverted with custom error 'InsufficientBudget(""0xa0964f467af8103e9427e1198f3177f45557c11e8b7fe611ccf9f59ca003317d"", 237278, 17162)'",1.4194999998435378,5000000,4982838,0,17162,0,21
measured_local_hardhat,0.2,237278,29,0,1,"VM Exception while processing transaction: reverted with custom error 'InsufficientBudget(""0xa0964f467af8103e9427e1198f3177f45557c11e8b7fe611ccf9f59ca003317d"", 237278, 17162)'",1.3375999992713332,5000000,4982838,0,17162,0,21
measured_local_hardhat,0.2,237278,30,0,1,"VM Exception while processing transaction: reverted with custom error 'InsufficientBudget(""0xa0964f467af8103e9427e1198f3177f45557c11e8b7fe611ccf9f59ca003317d"", 237278, 17162)'",1.4151999996975064,5000000,4982838,0,17162,0,21
measured_local_hardhat,0.2,237278,31,0,1,"VM Exception while processing transaction: reverted with custom error 'InsufficientBudget(""0xa0964f467af8103e9427e1198f3177f45557c11e8b7fe611ccf9f59ca003317d"", 237278, 17162)'",1.4928999999538064,5000000,4982838,0,17162,0,21
measured_local_hardhat,0.2,237278,32,0,1,"VM Exception while processing transaction: reverted with custom error 'InsufficientBudget(""0xa0964f467af8103e9427e1198f3177f45557c11e8b7fe611ccf9f59ca003317d"", 237278, 17162)'",1.9533999999985099,5000000,4982838,0,17162,0,21
measured_local_hardhat,0.25,267953,1,1,0,,3.7565000001341105,5000000,267953,0,4732047,0,1
measured_local_hardhat,0.25,267953,2,1,0,,4.764199999161065,5000000,535906,0,4464094,0,2
measured_local_hardhat,0.25,267953,3,1,0,,4.0309999994933605,5000000,803859,0,4196141,0,3
measured_local_hardhat,0.25,267953,4,1,0,,3.521300000138581,5000000,1071812,0,3928188,0,4
measured_local_hardhat,0.25,267953,5,1,0,,3.424499999731779,5000000,1339765,0,3660235,0,5
measured_local_hardhat,0.25,267953,6,1,0,,4.477699999697506,5000000,1607718,0,3392282,0,6
measured_local_hardhat,0.25,267953,7,1,0,,3.7559000002220273,5000000,1875671,0,3124329,0,7
measured_local_hardhat,0.25,267953,8,1,0,,3.82909999974072,5000000,2143624,0,2856376,0,8
measured_local_hardhat,0.25,267953,9,1,0,,3.671399999409914,5000000,2411577,0,2588423,0,9
measured_local_hardhat,0.25,267953,10,1,0,,6.8277000002563,5000000,2679530,0,2320470,0,10
measured_local_hardhat,0.25,267953,11,1,0,,4.590499999932945,5000000,2947483,0,2052517,0,11
measured_local_hardhat,0.25,267953,12,1,0,,4.378800000064075,5000000,3215436,0,1784564,0,12
measured_local_hardhat,0.25,267953,13,1,0,,5.042299999855459,5000000,3483389,0,1516611,0,13
measured_local_hardhat,0.25,267953,14,1,0,,4.400600000284612,5000000,3751342,0,1248658,0,14
measured_local_hardhat,0.25,267953,15,1,0,,4.589499999769032,5000000,4019295,0,980705,0,15
measured_local_hardhat,0.25,267953,16,1,0,,4.448900000192225,5000000,4287248,0,712752,0,16
measured_local_hardhat,0.25,267953,17,1,0,,4.37360000051558,5000000,4555201,0,444799,0,17
measured_local_hardhat,0.25,267953,18,1,0,,4.829599999822676,5000000,4823154,0,176846,0,18
measured_local_hardhat,0.25,267953,19,0,1,"VM Exception while processing transaction: reverted with custom error 'InsufficientBudget(""0xfb7d7d13a2643de7e41dbe46fb967c1fba4b51899c257827c1826b950287c0d8"", 267953, 176846)'",2.4915000004693866,5000000,4823154,0,176846,0,18
measured_local_hardhat,0.25,267953,20,0,1,"VM Exception while processing transaction: reverted with custom error 'InsufficientBudget(""0xfb7d7d13a2643de7e41dbe46fb967c1fba4b51899c257827c1826b950287c0d8"", 267953, 176846)'",2.4358000000938773,5000000,4823154,0,176846,0,18
measured_local_hardhat,0.25,267953,21,0,1,"VM Exception while processing transaction: reverted with custom error 'InsufficientBudget(""0xfb7d7d13a2643de7e41dbe46fb967c1fba4b51899c257827c1826b950287c0d8"", 267953, 176846)'",2.4662999995052814,5000000,4823154,0,176846,0,18
measured_local_hardhat,0.25,267953,22,0,1,"VM Exception while processing transaction: reverted with custom error 'InsufficientBudget(""0xfb7d7d13a2643de7e41dbe46fb967c1fba4b51899c257827c1826b950287c0d8"", 267953, 176846)'",1.8638000003993511,5000000,4823154,0,176846,0,18
measured_local_hardhat,0.25,267953,23,0,1,"VM Exception while processing transaction: reverted with custom error 'InsufficientBudget(""0xfb7d7d13a2643de7e41dbe46fb967c1fba4b51899c257827c1826b950287c0d8"", 267953, 176846)'",2.3203999996185303,5000000,4823154,0,176846,0,18
measured_local_hardhat,0.25,267953,24,0,1,"VM Exception while processing transaction: reverted with custom error 'InsufficientBudget(""0xfb7d7d13a2643de7e41dbe46fb967c1fba4b51899c257827c1826b950287c0d8"", 267953, 176846)'",2.739299999549985,5000000,4823154,0,176846,0,18
measured_local_hardhat,0.25,267953,25,0,1,"VM Exception while processing transaction: reverted with custom error 'InsufficientBudget(""0xfb7d7d13a2643de7e41dbe46fb967c1fba4b51899c257827c1826b950287c0d8"", 267953, 176846)'",2.212999999523163,5000000,4823154,0,176846,0,18
measured_local_hardhat,0.25,267953,26,0,1,"VM Exception while processing transaction: reverted with custom error 'InsufficientBudget(""0xfb7d7d13a2643de7e41dbe46fb967c1fba4b51899c257827c1826b950287c0d8"", 267953, 176846)'",2.3304000003263354,5000000,4823154,0,176846,0,18
measured_local_hardhat,0.25,267953,27,0,1,"VM Exception while processing transaction: reverted with custom error 'InsufficientBudget(""0xfb7d7d13a2643de7e41dbe46fb967c1fba4b51899c257827c1826b950287c0d8"", 267953, 176846)'",2.269600000232458,5000000,4823154,0,176846,0,18
measured_local_hardhat,0.25,267953,28,0,1,"VM Exception while processing transaction: reverted with custom error 'InsufficientBudget(""0xfb7d7d13a2643de7e41dbe46fb967c1fba4b51899c257827c1826b950287c0d8"", 267953, 176846)'",2.1394999995827675,5000000,4823154,0,176846,0,18
measured_local_hardhat,0.25,267953,29,0,1,"VM Exception while processing transaction: reverted with custom error 'InsufficientBudget(""0xfb7d7d13a2643de7e41dbe46fb967c1fba4b51899c257827c1826b950287c0d8"", 267953, 176846)'",1.7647000001743436,5000000,4823154,0,176846,0,18
measured_local_hardhat,0.25,267953,30,0,1,"VM Exception while processing transaction: reverted with custom error 'InsufficientBudget(""0xfb7d7d13a2643de7e41dbe46fb967c1fba4b51899c257827c1826b950287c0d8"", 267953, 176846)'",1.7428000001236796,5000000,4823154,0,176846,0,18
measured_local_hardhat,0.25,267953,31,0,1,"VM Exception while processing transaction: reverted with custom error 'InsufficientBudget(""0xfb7d7d13a2643de7e41dbe46fb967c1fba4b51899c257827c1826b950287c0d8"", 267953, 176846)'",1.576799999922514,5000000,4823154,0,176846,0,18
measured_local_hardhat,0.25,267953,32,0,1,"VM Exception while processing transaction: reverted with custom error 'InsufficientBudget(""0xfb7d7d13a2643de7e41dbe46fb967c1fba4b51899c257827c1826b950287c0d8"", 267953, 176846)'",1.9195999996736646,5000000,4823154,0,176846,0,18
measured_local_hardhat,0.5,500578,1,1,0,,3.3224999997764826,5000000,500578,0,4499422,0,1
measured_local_hardhat,0.5,500578,2,1,0,,3.606300000101328,5000000,1001156,0,3998844,0,2
measured_local_hardhat,0.5,500578,3,1,0,,4.06279999949038,5000000,1501734,0,3498266,0,3
measured_local_hardhat,0.5,500578,4,1,0,,3.238299999386072,5000000,2002312,0,2997688,0,4
measured_local_hardhat,0.5,500578,5,1,0,,2.9824000000953674,5000000,2502890,0,2497110,0,5
measured_local_hardhat,0.5,500578,6,1,0,,4.293000000528991,5000000,3003468,0,1996532,0,6
measured_local_hardhat,0.5,500578,7,1,0,,4.016900000162423,5000000,3504046,0,1495954,0,7
measured_local_hardhat,0.5,500578,8,1,0,,3.5527999997138977,5000000,4004624,0,995376,0,8
measured_local_hardhat,0.5,500578,9,1,0,,2.647899999283254,5000000,4505202,0,494798,0,9
measured_local_hardhat,0.5,500578,10,0,1,"VM Exception while processing transaction: reverted with custom error 'InsufficientBudget(""0xe878434386bd1923511ea261c25291df7416ac8bd2769e18274fd90cc1dc6f7c"", 500578, 494798)'",1.6931999996304512,5000000,4505202,0,494798,0,9
measured_local_hardhat,0.5,500578,11,0,1,"VM Exception while processing transaction: reverted with custom error 'InsufficientBudget(""0xe878434386bd1923511ea261c25291df7416ac8bd2769e18274fd90cc1dc6f7c"", 500578, 494798)'",1.6721999999135733,5000000,4505202,0,494798,0,9
measured_local_hardhat,0.5,500578,12,0,1,"VM Exception while processing transaction: reverted with custom error 'InsufficientBudget(""0xe878434386bd1923511ea261c25291df7416ac8bd2769e18274fd90cc1dc6f7c"", 500578, 494798)'",1.5324000008404255,5000000,4505202,0,494798,0,9
measured_local_hardhat,0.5,500578,13,0,1,"VM Exception while processing transaction: reverted with custom error 'InsufficientBudget(""0xe878434386bd1923511ea261c25291df7416ac8bd2769e18274fd90cc1dc6f7c"", 500578, 494798)'",1.4366999994963408,5000000,4505202,0,494798,0,9
measured_local_hardhat,0.5,500578,14,0,1,"VM Exception while processing transaction: reverted with custom error 'InsufficientBudget(""0xe878434386bd1923511ea261c25291df7416ac8bd2769e18274fd90cc1dc6f7c"", 500578, 494798)'",1.6512000001966953,5000000,4505202,0,494798,0,9
measured_local_hardhat,0.5,500578,15,0,1,"VM Exception while processing transaction: reverted with custom error 'InsufficientBudget(""0xe878434386bd1923511ea261c25291df7416ac8bd2769e18274fd90cc1dc6f7c"", 500578, 494798)'",2.9139000000432134,5000000,4505202,0,494798,0,9
measured_local_hardhat,0.5,500578,16,0,1,"VM Exception while processing transaction: reverted with custom error 'InsufficientBudget(""0xe878434386bd1923511ea261c25291df7416ac8bd2769e18274fd90cc1dc6f7c"", 500578, 494798)'",1.9650999996811152,5000000,4505202,0,494798,0,9
measured_local_hardhat,0.5,500578,17,0,1,"VM Exception while processing transaction: reverted with custom error 'InsufficientBudget(""0xe878434386bd1923511ea261c25291df7416ac8bd2769e18274fd90cc1dc6f7c"", 500578, 494798)'",1.6417999994009733,5000000,4505202,0,494798,0,9
measured_local_hardhat,0.5,500578,18,0,1,"VM Exception while processing transaction: reverted with custom error 'InsufficientBudget(""0xe878434386bd1923511ea261c25291df7416ac8bd2769e18274fd90cc1dc6f7c"", 500578, 494798)'",1.3908000001683831,5000000,4505202,0,494798,0,9
measured_local_hardhat,0.5,500578,19,0,1,"VM Exception while processing transaction: reverted with custom error 'InsufficientBudget(""0xe878434386bd1923511ea261c25291df7416ac8bd2769e18274fd90cc1dc6f7c"", 500578, 494798)'",1.9440999999642372,5000000,4505202,0,494798,0,9
measured_local_hardhat,0.5,500578,20,0,1,"VM Exception while processing transaction: reverted with custom error 'InsufficientBudget(""0xe878434386bd1923511ea261c25291df7416ac8bd2769e18274fd90cc1dc6f7c"", 500578, 494798)'",1.4998999992385507,5000000,4505202,0,494798,0,9
measured_local_hardhat,0.5,500578,21,0,1,"VM Exception while processing transaction: reverted with custom error 'InsufficientBudget(""0xe878434386bd1923511ea261c25291df7416ac8bd2769e18274fd90cc1dc6f7c"", 500578, 494798)'",1.5766000002622604,5000000,4505202,0,494798,0,9
measured_local_hardhat,0.5,500578,22,0,1,"VM Exception while processing transaction: reverted with custom error 'InsufficientBudget(""0xe878434386bd1923511ea261c25291df7416ac8bd2769e18274fd90cc1dc6f7c"", 500578, 494798)'",1.6291000004857779,5000000,4505202,0,494798,0,9
measured_local_hardhat,0.5,500578,23,0,1,"VM Exception while processing transaction: reverted with custom error 'InsufficientBudget(""0xe878434386bd1923511ea261c25291df7416ac8bd2769e18274fd90cc1dc6f7c"", 500578, 494798)'",1.8278000000864267,5000000,4505202,0,494798,0,9
measured_local_hardhat,0.5,500578,24,0,1,"VM Exception while processing transaction: reverted with custom error 'InsufficientBudget(""0xe878434386bd1923511ea261c25291df7416ac8bd2769e18274fd90cc1dc6f7c"", 500578, 494798)'",2.216699999757111,5000000,4505202,0,494798,0,9
measured_local_hardhat,0.5,500578,25,0,1,"VM Exception while processing transaction: reverted with custom error 'InsufficientBudget(""0xe878434386bd1923511ea261c25291df7416ac8bd2769e18274fd90cc1dc6f7c"", 500578, 494798)'",1.959999999962747,5000000,4505202,0,494798,0,9
measured_local_hardhat,0.5,500578,26,0,1,"VM Exception while processing transaction: reverted with custom error 'InsufficientBudget(""0xe878434386bd1923511ea261c25291df7416ac8bd2769e18274fd90cc1dc6f7c"", 500578, 494798)'",2.0306000001728535,5000000,4505202,0,494798,0,9
measured_local_hardhat,0.5,500578,27,0,1,"VM Exception while processing transaction: reverted with custom error 'InsufficientBudget(""0xe878434386bd1923511ea261c25291df7416ac8bd2769e18274fd90cc1dc6f7c"", 500578, 494798)'",1.9507999997586012,5000000,4505202,0,494798,0,9
measured_local_hardhat,0.5,500578,28,0,1,"VM Exception while processing transaction: reverted with custom error 'InsufficientBudget(""0xe878434386bd1923511ea261c25291df7416ac8bd2769e18274fd90cc1dc6f7c"", 500578, 494798)'",1.9928000001236796,5000000,4505202,0,494798,0,9
measured_local_hardhat,0.5,500578,29,0,1,"VM Exception while processing transaction: reverted with custom error 'InsufficientBudget(""0xe878434386bd1923511ea261c25291df7416ac8bd2769e18274fd90cc1dc6f7c"", 500578, 494798)'",1.9094000002369285,5000000,4505202,0,494798,0,9
measured_local_hardhat,0.5,500578,30,0,1,"VM Exception while processing transaction: reverted with custom error 'InsufficientBudget(""0xe878434386bd1923511ea261c25291df7416ac8bd2769e18274fd90cc1dc6f7c"", 500578, 494798)'",2.1962000001221895,5000000,4505202,0,494798,0,9
measured_local_hardhat,0.5,500578,31,0,1,"VM Exception while processing transaction: reverted with custom error 'InsufficientBudget(""0xe878434386bd1923511ea261c25291df7416ac8bd2769e18274fd90cc1dc6f7c"", 500578, 494798)'",1.9706000005826354,5000000,4505202,0,494798,0,9
measured_local_hardhat,0.5,500578,32,0,1,"VM Exception while processing transaction: reverted with custom error 'InsufficientBudget(""0xe878434386bd1923511ea261c25291df7416ac8bd2769e18274fd90cc1dc6f7c"", 500578, 494798)'",1.7051999997347593,5000000,4505202,0,494798,0,9
measured_local_hardhat,1.0,1011807,1,1,0,,3.5839999997988343,5000000,1011807,0,3988193,0,1
measured_local_hardhat,1.0,1011807,2,1,0,,4.314900000579655,5000000,2023614,0,2976386,0,2
measured_local_hardhat,1.0,1011807,3,1,0,,3.162499999627471,5000000,3035421,0,1964579,0,3
measured_local_hardhat,1.0,1011807,4,1,0,,2.8777000000700355,5000000,4047228,0,952772,0,4
measured_local_hardhat,1.0,1011807,5,0,1,"VM Exception while processing transaction: reverted with custom error 'InsufficientBudget(""0x95261df5b826d573a9c63052e6317b8fe01d741d091596984b05959a5eb8c025"", 1011807, 952772)'",1.8298000004142523,5000000,4047228,0,952772,0,4
measured_local_hardhat,1.0,1011807,6,0,1,"VM Exception while processing transaction: reverted with custom error 'InsufficientBudget(""0x95261df5b826d573a9c63052e6317b8fe01d741d091596984b05959a5eb8c025"", 1011807, 952772)'",1.8319999994710088,5000000,4047228,0,952772,0,4
measured_local_hardhat,1.0,1011807,7,0,1,"VM Exception while processing transaction: reverted with custom error 'InsufficientBudget(""0x95261df5b826d573a9c63052e6317b8fe01d741d091596984b05959a5eb8c025"", 1011807, 952772)'",1.5257999999448657,5000000,4047228,0,952772,0,4
measured_local_hardhat,1.0,1011807,8,0,1,"VM Exception while processing transaction: reverted with custom error 'InsufficientBudget(""0x95261df5b826d573a9c63052e6317b8fe01d741d091596984b05959a5eb8c025"", 1011807, 952772)'",1.3564999997615814,5000000,4047228,0,952772,0,4
measured_local_hardhat,1.0,1011807,9,0,1,"VM Exception while processing transaction: reverted with custom error 'InsufficientBudget(""0x95261df5b826d573a9c63052e6317b8fe01d741d091596984b05959a5eb8c025"", 1011807, 952772)'",1.3503999998793006,5000000,4047228,0,952772,0,4
measured_local_hardhat,1.0,1011807,10,0,1,"VM Exception while processing transaction: reverted with custom error 'InsufficientBudget(""0x95261df5b826d573a9c63052e6317b8fe01d741d091596984b05959a5eb8c025"", 1011807, 952772)'",1.7347999997437,5000000,4047228,0,952772,0,4
measured_local_hardhat,1.0,1011807,11,0,1,"VM Exception while processing transaction: reverted with custom error 'InsufficientBudget(""0x95261df5b826d573a9c63052e6317b8fe01d741d091596984b05959a5eb8c025"", 1011807, 952772)'",1.285500000230968,5000000,4047228,0,952772,0,4
measured_local_hardhat,1.0,1011807,12,0,1,"VM Exception while processing transaction: reverted with custom error 'InsufficientBudget(""0x95261df5b826d573a9c63052e6317b8fe01d741d091596984b05959a5eb8c025"", 1011807, 952772)'",1.2280000001192093,5000000,4047228,0,952772,0,4
measured_local_hardhat,1.0,1011807,13,0,1,"VM Exception while processing transaction: reverted with custom error 'InsufficientBudget(""0x95261df5b826d573a9c63052e6317b8fe01d741d091596984b05959a5eb8c025"", 1011807, 952772)'",1.633899999782443,5000000,4047228,0,952772,0,4
measured_local_hardhat,1.0,1011807,14,0,1,"VM Exception while processing transaction: reverted with custom error 'InsufficientBudget(""0x95261df5b826d573a9c63052e6317b8fe01d741d091596984b05959a5eb8c025"", 1011807, 952772)'",1.8438999997451901,5000000,4047228,0,952772,0,4
measured_local_hardhat,1.0,1011807,15,0,1,"VM Exception while processing transaction: reverted with custom error 'InsufficientBudget(""0x95261df5b826d573a9c63052e6317b8fe01d741d091596984b05959a5eb8c025"", 1011807, 952772)'",1.6721999999135733,5000000,4047228,0,952772,0,4
measured_local_hardhat,1.0,1011807,16,0,1,"VM Exception while processing transaction: reverted with custom error 'InsufficientBudget(""0x95261df5b826d573a9c63052e6317b8fe01d741d091596984b05959a5eb8c025"", 1011807, 952772)'",1.416800000704825,5000000,4047228,0,952772,0,4
measured_local_hardhat,1.0,1011807,17,0,1,"VM Exception while processing transaction: reverted with custom error 'InsufficientBudget(""0x95261df5b826d573a9c63052e6317b8fe01d741d091596984b05959a5eb8c025"", 1011807, 952772)'",1.5408999994397163,5000000,4047228,0,952772,0,4
measured_local_hardhat,1.0,1011807,18,0,1,"VM Exception while processing transaction: reverted with custom error 'InsufficientBudget(""0x95261df5b826d573a9c63052e6317b8fe01d741d091596984b05959a5eb8c025"", 1011807, 952772)'",1.2864999994635582,5000000,4047228,0,952772,0,4
measured_local_hardhat,1.0,1011807,19,0,1,"VM Exception while processing transaction: reverted with custom error 'InsufficientBudget(""0x95261df5b826d573a9c63052e6317b8fe01d741d091596984b05959a5eb8c025"", 1011807, 952772)'",1.5061999997124076,5000000,4047228,0,952772,0,4
measured_local_hardhat,1.0,1011807,20,0,1,"VM Exception while processing transaction: reverted with custom error 'InsufficientBudget(""0x95261df5b826d573a9c63052e6317b8fe01d741d091596984b05959a5eb8c025"", 1011807, 952772)'",2.3415999999269843,5000000,4047228,0,952772,0,4
measured_local_hardhat,1.0,1011807,21,0,1,"VM Exception while processing transaction: reverted with custom error 'InsufficientBudget(""0x95261df5b826d573a9c63052e6317b8fe01d741d091596984b05959a5eb8c025"", 1011807, 952772)'",1.7238999996334314,5000000,4047228,0,952772,0,4
measured_local_hardhat,1.0,1011807,22,0,1,"VM Exception while processing transaction: reverted with custom error 'InsufficientBudget(""0x95261df5b826d573a9c63052e6317b8fe01d741d091596984b05959a5eb8c025"", 1011807, 952772)'",1.3486000001430511,5000000,4047228,0,952772,0,4
measured_local_hardhat,1.0,1011807,23,0,1,"VM Exception while processing transaction: reverted with custom error 'InsufficientBudget(""0x95261df5b826d573a9c63052e6317b8fe01d741d091596984b05959a5eb8c025"", 1011807, 952772)'",1.2768000001087785,5000000,4047228,0,952772,0,4
measured_local_hardhat,1.0,1011807,24,0,1,"VM Exception while processing transaction: reverted with custom error 'InsufficientBudget(""0x95261df5b826d573a9c63052e6317b8fe01d741d091596984b05959a5eb8c025"", 1011807, 952772)'",1.5606000004336238,5000000,4047228,0,952772,0,4
measured_local_hardhat,1.0,1011807,25,0,1,"VM Exception while processing transaction: reverted with custom error 'InsufficientBudget(""0x95261df5b826d573a9c63052e6317b8fe01d741d091596984b05959a5eb8c025"", 1011807, 952772)'",2.2168000005185604,5000000,4047228,0,952772,0,4
measured_local_hardhat,1.0,1011807,26,0,1,"VM Exception while processing transaction: reverted with custom error 'InsufficientBudget(""0x95261df5b826d573a9c63052e6317b8fe01d741d091596984b05959a5eb8c025"", 1011807, 952772)'",1.4473999999463558,5000000,4047228,0,952772,0,4
measured_local_hardhat,1.0,1011807,27,0,1,"VM Exception while processing transaction: reverted with custom error 'InsufficientBudget(""0x95261df5b826d573a9c63052e6317b8fe01d741d091596984b05959a5eb8c025"", 1011807, 952772)'",1.418800000101328,5000000,4047228,0,952772,0,4
measured_local_hardhat,1.0,1011807,28,0,1,"VM Exception while processing transaction: reverted with custom error 'InsufficientBudget(""0x95261df5b826d573a9c63052e6317b8fe01d741d091596984b05959a5eb8c025"", 1011807, 952772)'",1.3891000002622604,5000000,4047228,0,952772,0,4
measured_local_hardhat,1.0,1011807,29,0,1,"VM Exception while processing transaction: reverted with custom error 'InsufficientBudget(""0x95261df5b826d573a9c63052e6317b8fe01d741d091596984b05959a5eb8c025"", 1011807, 952772)'",1.3329999996349216,5000000,4047228,0,952772,0,4
measured_local_hardhat,1.0,1011807,30,0,1,"VM Exception while processing transaction: reverted with custom error 'InsufficientBudget(""0x95261df5b826d573a9c63052e6317b8fe01d741d091596984b05959a5eb8c025"", 1011807, 952772)'",2.2012999998405576,5000000,4047228,0,952772,0,4
measured_local_hardhat,1.0,1011807,31,0,1,"VM Exception while processing transaction: reverted with custom error 'InsufficientBudget(""0x95261df5b826d573a9c63052e6317b8fe01d741d091596984b05959a5eb8c025"", 1011807, 952772)'",1.4672999996691942,5000000,4047228,0,952772,0,4
measured_local_hardhat,1.0,1011807,32,0,1,"VM Exception while processing transaction: reverted with custom error 'InsufficientBudget(""0x95261df5b826d573a9c63052e6317b8fe01d741d091596984b05959a5eb8c025"", 1011807, 952772)'",1.4501000000163913,5000000,4047228,0,952772,0,4
