measurement_type,timestamp_utc,config_hash,configuration,run,is_warmup,rows,function_id,epsilon_requested,delta_requested,total_latency_ms,throughput_req_s,total_gas,proof_overhead_ms,attestation_overhead_ms,budget_overhead_ms,other_lifecycle_ms,process_startup_ms,process_cpu_time_ms,normalized_peak_cpu_percent,peak_working_set_bytes,peak_private_bytes,security_coverage_score,security_coverage_total,success,failure_status
locally_measured,2026-07-19T11:13:13.518Z,ea091c96144cb733288085c0aa09e1893c72f7a689eb8649f66e8f0d052be86c,TEE-only,0,0,1000,2,0.5,0.00001,780.4402000010014,1.2813281530073886,0,0,85.575,0,694.8652000010013,60.31999999999999,609.5,3.432823201999973,1230032896,3837952000,3,8,1,
locally_measured,2026-07-19T11:13:14.024Z,ea091c96144cb733288085c0aa09e1893c72f7a689eb8649f66e8f0d052be86c,Access Ledger,0,0,1000,2,0.5,0.00001,11.513700000941753,86.85305331198536,433332,0,0,0,11.513700000941753,0,16,0.43921813900889867,1230258176,3834535936,1,8,1,
locally_measured,2026-07-19T11:13:15.254Z,ea091c96144cb733288085c0aa09e1893c72f7a689eb8649f66e8f0d052be86c,ZK Release,0,0,1000,2,0.5,0.00001,740.0244999993593,1.3513066121471193,670149,312.5806000009179,0,0,427.44389999844134,0,1906,100,1289482240,3837636608,2,8,1,
locally_measured,2026-07-19T11:13:15.907Z,ea091c96144cb733288085c0aa09e1893c72f7a689eb8649f66e8f0d052be86c,Local DP Ledger,0,0,1000,2,0.5,0.00001,187.48070000112057,5.33388236759316,0,0,0,0.002,187.47870000112056,13.498000000000001,30.625,0.227734821930264,1289482240,1740414976,2,8,1,
locally_measured,2026-07-19T11:13:17.646Z,ea091c96144cb733288085c0aa09e1893c72f7a689eb8649f66e8f0d052be86c,TrustCircuit,0,0,1000,2,0.5,0.00001,1182.9919999986887,0.8453142540280141,1370290,359.3310000002384,88.883,4.0730000007897615,730.7049999976605,61.519000000000005,2546.875,100,1367285760,1746653184,8,8,1,
locally_measured,2026-07-19T11:13:18.869Z,ea091c96144cb733288085c0aa09e1893c72f7a689eb8649f66e8f0d052be86c,TEE-only,1,0,1000,2,0.5,0.00001,749.1573000010103,1.3348331518609662,0,0,79.57,0,669.5873000010104,53.407,889.875,19.49659784890999,1367285760,1316405248,3,8,1,
locally_measured,2026-07-19T11:13:19.366Z,ea091c96144cb733288085c0aa09e1893c72f7a689eb8649f66e8f0d052be86c,Access Ledger,1,0,1000,2,0.5,0.00001,11.912599999457598,83.94473079307052,433320,0,0,0,11.912599999457598,0,16,0.4533073074498679,1367285760,1311420416,1,8,1,
locally_measured,2026-07-19T11:13:20.589Z,ea091c96144cb733288085c0aa09e1893c72f7a689eb8649f66e8f0d052be86c,ZK Release,1,0,1000,2,0.5,0.00001,737.8126999996603,1.355357531796973,670125,312.11259999871254,0,0,425.7001000009477,0,1969,100,1367285760,1337483264,2,8,1,
locally_measured,2026-07-19T11:13:21.249Z,ea091c96144cb733288085c0aa09e1893c72f7a689eb8649f66e8f0d052be86c,Local DP Ledger,1,0,1000,2,0.5,0.00001,175.17389999888837,5.708612984048114,0,0,0,0.002,175.17189999888836,12.502999999999997,15.625,0,1367285760,1335775232,2,8,1,
locally_measured,2026-07-19T11:13:22.887Z,ea091c96144cb733288085c0aa09e1893c72f7a689eb8649f66e8f0d052be86c,TrustCircuit,1,0,1000,2,0.5,0.00001,1110.497599998489,0.9004972185454166,1370170,257.41599999926984,91.142,3.9937000013887882,757.9458999978303,61.822,2124.875,100,1367285760,3633762304,8,8,1,
locally_measured,2026-07-19T11:13:24.112Z,ea091c96144cb733288085c0aa09e1893c72f7a689eb8649f66e8f0d052be86c,TEE-only,2,0,1000,2,0.5,0.00001,775.7304000016302,1.2891076590499722,0,0,77.544,0,698.1864000016302,62.653999999999996,625.5,3.556926851593574,1367285760,3717963776,3,8,1,
locally_measured,2026-07-19T11:13:24.632Z,ea091c96144cb733288085c0aa09e1893c72f7a689eb8649f66e8f0d052be86c,Access Ledger,2,0,1000,2,0.5,0.00001,12.123799998313189,82.48239002120889,433332,0,0,0,12.123799998313189,0,32,0.8300849342875914,1367285760,3706859520,1,8,1,
locally_measured,2026-07-19T11:13:25.980Z,ea091c96144cb733288085c0aa09e1893c72f7a689eb8649f66e8f0d052be86c,ZK Release,2,0,1000,2,0.5,0.00001,864.7531000003219,1.1563994393308654,670089,400.8779999986291,0,0,463.8751000016928,0,2828,100,1367285760,3710554112,2,8,1,
locally_measured,2026-07-19T11:13:26.680Z,ea091c96144cb733288085c0aa09e1893c72f7a689eb8649f66e8f0d052be86c,Local DP Ledger,2,0,1000,2,0.5,0.00001,187.45800000056624,5.334528267649176,0,0,0,0.001,187.45700000056624,12.68,468.625,6.247185318936038,1367285760,987983872,2,8,1,
locally_measured,2026-07-19T11:13:28.291Z,ea091c96144cb733288085c0aa09e1893c72f7a689eb8649f66e8f0d052be86c,TrustCircuit,2,0,1000,2,0.5,0.00001,1094.9649000000209,0.9132712838557482,1370254,292.95969999954104,83.812,4.275199998170137,713.9180000023097,63.269000000000005,2469.875,100,1367285760,3161509888,8,8,1,
locally_measured,2026-07-19T11:13:29.549Z,ea091c96144cb733288085c0aa09e1893c72f7a689eb8649f66e8f0d052be86c,TEE-only,3,0,1000,2,0.5,0.00001,791.5065000001341,1.263413503236967,0,0,87.009,0,704.4975000001341,52.886,687.875,3.9591421471651413,1367285760,3185561600,3,8,1,
locally_measured,2026-07-19T11:13:30.061Z,ea091c96144cb733288085c0aa09e1893c72f7a689eb8649f66e8f0d052be86c,Access Ledger,3,0,1000,2,0.5,0.00001,10.953399999067187,91.29585335011612,433320,0,0,0,10.953399999067187,0,31,0.8677157779622847,1367285760,3181592576,1,8,1,
locally_measured,2026-07-19T11:13:31.361Z,ea091c96144cb733288085c0aa09e1893c72f7a689eb8649f66e8f0d052be86c,ZK Release,3,0,1000,2,0.5,0.00001,800.4166999999434,1.2493492452119885,670137,349.8049999959767,0,0,450.6117000039667,0,2391,100,1367285760,3182788608,2,8,1,
locally_measured,2026-07-19T11:13:32.005Z,ea091c96144cb733288085c0aa09e1893c72f7a689eb8649f66e8f0d052be86c,Local DP Ledger,3,0,1000,2,0.5,0.00001,181.03769999928772,5.523711359589381,0,0,0,0.002,181.03569999928771,12.351000000000003,30.625,0.23076678819145124,1367285760,1036660736,2,8,1,
locally_measured,2026-07-19T11:13:33.655Z,ea091c96144cb733288085c0aa09e1893c72f7a689eb8649f66e8f0d052be86c,TrustCircuit,3,0,1000,2,0.5,0.00001,1134.816000001505,0.8812001240718088,1370218,295.1655000001192,91.887,3.386200001463294,744.3772999999226,74.075,2156.5,100,1367285760,3249598464,8,8,1,
locally_measured,2026-07-19T11:13:34.906Z,ea091c96144cb733288085c0aa09e1893c72f7a689eb8649f66e8f0d052be86c,TEE-only,4,0,1000,2,0.5,0.00001,788.9254999998957,1.2675468089193875,0,0,85.1,0,703.8254999998957,64.474,624.875,23.250334798016123,1367285760,3333304320,3,8,1,
locally_measured,2026-07-19T11:13:35.458Z,ea091c96144cb733288085c0aa09e1893c72f7a689eb8649f66e8f0d052be86c,Access Ledger,4,0,1000,2,0.5,0.00001,12.53289999999106,79.78999273916759,433332,0,0,0,12.53289999999106,0,32,0.7869628585017332,1367285760,3327320064,1,8,1,
locally_measured,2026-07-19T11:13:36.867Z,ea091c96144cb733288085c0aa09e1893c72f7a689eb8649f66e8f0d052be86c,ZK Release,4,0,1000,2,0.5,0.00001,906.3910999987274,1.1032764995170452,670161,381.2615000009537,0,0,525.1295999977738,0,2437,100,1367285760,3331022848,2,8,1,
locally_measured,2026-07-19T11:13:37.527Z,ea091c96144cb733288085c0aa09e1893c72f7a689eb8649f66e8f0d052be86c,Local DP Ledger,4,0,1000,2,0.5,0.00001,191.00730000063777,5.235401997707213,0,0,0,0.001,191.00630000063776,13.616,46.625,0.46500487325110823,1367285760,996675584,2,8,1,
locally_measured,2026-07-19T11:13:39.217Z,ea091c96144cb733288085c0aa09e1893c72f7a689eb8649f66e8f0d052be86c,TrustCircuit,4,0,1000,2,0.5,0.00001,1154.9462000001222,0.8658411967586839,1370254,318.0801999978721,88.077,4.621200000867248,744.1678000013828,62.67700000000001,2218.875,100,1367285760,3175182336,8,8,1,
locally_measured,2026-07-19T11:13:40.470Z,ea091c96144cb733288085c0aa09e1893c72f7a689eb8649f66e8f0d052be86c,TEE-only,5,0,1000,2,0.5,0.00001,787.5449999999255,1.2697687116292968,0,0,84.073,0,703.4719999999255,66.57199999999999,625.875,3.603555966618034,1367285760,3257995264,3,8,1,
locally_measured,2026-07-19T11:13:40.986Z,ea091c96144cb733288085c0aa09e1893c72f7a689eb8649f66e8f0d052be86c,Access Ledger,5,0,1000,2,0.5,0.00001,10.438500000163913,95.7992048650953,433236,0,0,0,10.438500000163913,0,63,20.27492802527961,1367285760,3252609024,1,8,1,
locally_measured,2026-07-19T11:13:42.279Z,ea091c96144cb733288085c0aa09e1893c72f7a689eb8649f66e8f0d052be86c,ZK Release,5,0,1000,2,0.5,0.00001,781.1787999998778,1.2801166647125555,670077,310.10899999924004,0,0,471.06980000063777,0,2405,100,1367285760,3254657024,2,8,1,
locally_measured,2026-07-19T11:13:42.917Z,ea091c96144cb733288085c0aa09e1893c72f7a689eb8649f66e8f0d052be86c,Local DP Ledger,5,0,1000,2,0.5,0.00001,176.107899999246,5.678336974118035,0,0,0,0.001,176.106899999246,11.887,0,0,1367285760,1092214784,2,8,1,
locally_measured,2026-07-19T11:13:44.727Z,ea091c96144cb733288085c0aa09e1893c72f7a689eb8649f66e8f0d052be86c,TrustCircuit,5,0,1000,2,0.5,0.00001,1209.495699999854,0.8267908682933893,1370242,291.20860000140965,87.698,4.614999998360872,825.9741000000835,71.61,2579.5,100,1367285760,3240824832,8,8,1,
locally_measured,2026-07-19T11:13:45.927Z,ea091c96144cb733288085c0aa09e1893c72f7a689eb8649f66e8f0d052be86c,TEE-only,6,0,1000,2,0.5,0.00001,682.884299999103,1.4643769083596059,0,0,101.79,0,581.094299999103,59.079,531.5,3.0981959805945745,1367285760,3315470336,3,8,1,
locally_measured,2026-07-19T11:13:46.529Z,ea091c96144cb733288085c0aa09e1893c72f7a689eb8649f66e8f0d052be86c,Access Ledger,6,0,1000,2,0.5,0.00001,11.584699999541044,86.32075064866741,433308,0,0,0,11.584699999541044,0,0,0,1367285760,3310809088,1,8,1,
locally_measured,2026-07-19T11:13:47.656Z,ea091c96144cb733288085c0aa09e1893c72f7a689eb8649f66e8f0d052be86c,ZK Release,6,0,1000,2,0.5,0.00001,601.2426999993622,1.663221856998947,670173,271.6849000006914,0,0,329.5577999986708,0,1796,100,1367285760,3313983488,2,8,1,
locally_measured,2026-07-19T11:13:48.330Z,ea091c96144cb733288085c0aa09e1893c72f7a689eb8649f66e8f0d052be86c,Local DP Ledger,6,0,1000,2,0.5,0.00001,180.21000000089407,5.549081626963202,0,0,0,0.001,180.20900000089406,15.55,30.625,0.2237670969993456,1367285760,1050214400,2,8,1,
locally_measured,2026-07-19T11:13:49.750Z,ea091c96144cb733288085c0aa09e1893c72f7a689eb8649f66e8f0d052be86c,TrustCircuit,6,0,1000,2,0.5,0.00001,916.0869999993593,1.0915993786623972,1370218,243.2833000011742,78.339,3.7499000001698732,590.7147999980152,60,2234.875,100,1367285760,3217207296,8,8,1,
locally_measured,2026-07-19T11:13:50.998Z,ea091c96144cb733288085c0aa09e1893c72f7a689eb8649f66e8f0d052be86c,TEE-only,7,0,1000,2,0.5,0.00001,776.778599999845,1.2873681123555663,0,0,78.299,0,698.479599999845,81.723,577.125,3.0597050360921525,1367285760,3296804864,3,8,1,
locally_measured,2026-07-19T11:13:51.489Z,ea091c96144cb733288085c0aa09e1893c72f7a689eb8649f66e8f0d052be86c,Access Ledger,7,0,1000,2,0.5,0.00001,7.801500000059605,128.18047811220404,433332,0,0,0,7.801500000059605,0,16,0.4445378961883368,1367285760,3287945216,1,8,1,
locally_measured,2026-07-19T11:13:52.718Z,ea091c96144cb733288085c0aa09e1893c72f7a689eb8649f66e8f0d052be86c,ZK Release,7,0,1000,2,0.5,0.00001,706.1205000001937,1.4161888799429072,670173,297.6721000019461,0,0,408.4483999982476,0,1828,100,1367285760,3289927680,2,8,1,
locally_measured,2026-07-19T11:13:53.333Z,ea091c96144cb733288085c0aa09e1893c72f7a689eb8649f66e8f0d052be86c,Local DP Ledger,7,0,1000,2,0.5,0.00001,167.66159999929368,5.9643949479440295,0,0,0,0.001,167.66059999929368,13.572,15,0.24407236101146898,1367285760,1077370880,2,8,1,
locally_measured,2026-07-19T11:13:54.730Z,ea091c96144cb733288085c0aa09e1893c72f7a689eb8649f66e8f0d052be86c,TrustCircuit,7,0,1000,2,0.5,0.00001,896.0338000003248,1.116029328357521,1370254,236.59790000133216,77.501,3.3194999992847443,578.615399999708,52.321,1952.875,100,1367285760,3206852608,8,8,1,
locally_measured,2026-07-19T11:13:55.876Z,ea091c96144cb733288085c0aa09e1893c72f7a689eb8649f66e8f0d052be86c,TEE-only,8,0,1000,2,0.5,0.00001,693.988500000909,1.4409460675482233,0,0,83.277,0,610.7115000009089,64.47099999999999,562.5,3.411459578512905,1367285760,3286073344,3,8,1,
locally_measured,2026-07-19T11:13:56.338Z,ea091c96144cb733288085c0aa09e1893c72f7a689eb8649f66e8f0d052be86c,Access Ledger,8,0,1000,2,0.5,0.00001,8.936499999836087,111.90063224062462,433296,0,0,0,8.936499999836087,0,16,24.279505672057933,1367285760,3281612800,1,8,1,
locally_measured,2026-07-19T11:13:57.508Z,ea091c96144cb733288085c0aa09e1893c72f7a689eb8649f66e8f0d052be86c,ZK Release,8,0,1000,2,0.5,0.00001,661.7092000003904,1.511237867025893,670173,249.54280000180006,0,0,412.16639999859035,0,2015,100,1367285760,3283283968,2,8,1,
locally_measured,2026-07-19T11:13:58.110Z,ea091c96144cb733288085c0aa09e1893c72f7a689eb8649f66e8f0d052be86c,Local DP Ledger,8,0,1000,2,0.5,0.00001,165.12900000065565,6.055871470159872,0,0,0,0.001,165.12800000065565,13.041999999999998,15.625,0,1367285760,1079480320,2,8,1,
locally_measured,2026-07-19T11:13:59.466Z,ea091c96144cb733288085c0aa09e1893c72f7a689eb8649f66e8f0d052be86c,TrustCircuit,8,0,1000,2,0.5,0.00001,884.8501999992877,1.1301347956985317,1370230,224.64209999889135,74.189,3.1986999977380037,582.8204000026584,57.149,1890.875,100,1367285760,3253477376,8,8,1,
locally_measured,2026-07-19T11:14:00.540Z,ea091c96144cb733288085c0aa09e1893c72f7a689eb8649f66e8f0d052be86c,TEE-only,9,0,1000,2,0.5,0.00001,646.9895000010729,1.5456201375730854,0,0,81.911,0,565.0785000010728,58.83,500.875,3.319425865080779,1367285760,3330502656,3,8,1,
locally_measured,2026-07-19T11:14:00.997Z,ea091c96144cb733288085c0aa09e1893c72f7a689eb8649f66e8f0d052be86c,Access Ledger,9,0,1000,2,0.5,0.00001,8.943199999630451,111.8167993605557,433320,0,0,0,8.943199999630451,0,32,42.25738976776649,1367285760,3323416576,1,8,1,
locally_measured,2026-07-19T11:14:02.056Z,ea091c96144cb733288085c0aa09e1893c72f7a689eb8649f66e8f0d052be86c,ZK Release,9,0,1000,2,0.5,0.00001,596.5226000007242,1.6763824203790199,670125,281.73030000180006,0,0,314.79229999892414,0,2047,100,1367285760,3326652416,2,8,1,
locally_measured,2026-07-19T11:14:02.643Z,ea091c96144cb733288085c0aa09e1893c72f7a689eb8649f66e8f0d052be86c,Local DP Ledger,9,0,1000,2,0.5,0.00001,170.10999999940395,5.878549174084439,0,0,0,0.002,170.10799999940394,13.572,15.625,0,1367285760,990490624,2,8,1,
locally_measured,2026-07-19T11:14:04.165Z,ea091c96144cb733288085c0aa09e1893c72f7a689eb8649f66e8f0d052be86c,TrustCircuit,9,0,1000,2,0.5,0.00001,1039.112199999392,0.9623599838406142,1370254,231.53619999997318,79.469,3.448300000280142,724.6586999991387,55.013,2187.875,100,1367285760,3228737536,8,8,1,
locally_measured,2026-07-19T11:14:05.250Z,ea091c96144cb733288085c0aa09e1893c72f7a689eb8649f66e8f0d052be86c,TEE-only,10,0,1000,2,0.5,0.00001,656.615399999544,1.5229615388257638,0,0,89.763,0,566.852399999544,55.072,452.875,2.9453274107206484,1367285760,3306668032,3,8,1,
locally_measured,2026-07-19T11:14:05.828Z,ea091c96144cb733288085c0aa09e1893c72f7a689eb8649f66e8f0d052be86c,Access Ledger,10,0,1000,2,0.5,0.00001,10.663500001654029,93.77784028179198,433320,0,0,0,10.663500001654029,0,0,0,1367285760,3301875712,1,8,1,
locally_measured,2026-07-19T11:14:07.011Z,ea091c96144cb733288085c0aa09e1893c72f7a689eb8649f66e8f0d052be86c,ZK Release,10,0,1000,2,0.5,0.00001,724.0970000009984,1.38103044205213,670173,282.9987999983132,0,0,441.0982000026852,0,2188,100,1367285760,3302948864,2,8,1,
locally_measured,2026-07-19T11:14:07.641Z,ea091c96144cb733288085c0aa09e1893c72f7a689eb8649f66e8f0d052be86c,Local DP Ledger,10,0,1000,2,0.5,0.00001,165.34889999963343,6.047817675244389,0,0,0,0.002,165.34689999963342,11.736,15.625,0,1367285760,1097527296,2,8,1,
locally_measured,2026-07-19T11:14:09.116Z,ea091c96144cb733288085c0aa09e1893c72f7a689eb8649f66e8f0d052be86c,TrustCircuit,10,0,1000,2,0.5,0.00001,914.621799999848,1.0933480920749605,1370230,245.55839999951422,79.467,2.7850000001490116,586.8114000001848,62.8,2078.125,100,1367285760,3188629504,8,8,1,
locally_measured,2026-07-19T11:14:10.202Z,ea091c96144cb733288085c0aa09e1893c72f7a689eb8649f66e8f0d052be86c,TEE-only,11,0,1000,2,0.5,0.00001,645.0966000016779,1.550155434081344,0,0,76.421,0,568.6756000016778,66.363,499.5,3.192474445010328,1367285760,3270955008,3,8,1,
locally_measured,2026-07-19T11:14:10.712Z,ea091c96144cb733288085c0aa09e1893c72f7a689eb8649f66e8f0d052be86c,Access Ledger,11,0,1000,2,0.5,0.00001,9.901100000366569,100.99887890870478,433284,0,0,0,9.901100000366569,0,16,0.4563796859948858,1367285760,3264794624,1,8,1,
locally_measured,2026-07-19T11:14:11.767Z,ea091c96144cb733288085c0aa09e1893c72f7a689eb8649f66e8f0d052be86c,ZK Release,11,0,1000,2,0.5,0.00001,593.4871000014246,1.6849565896168588,670113,266.5038000009954,0,0,326.98330000042915,0,1594,100,1367285760,3266150400,2,8,1,
locally_measured,2026-07-19T11:14:12.397Z,ea091c96144cb733288085c0aa09e1893c72f7a689eb8649f66e8f0d052be86c,Local DP Ledger,11,0,1000,2,0.5,0.00001,172.75260000117123,5.788624888963872,0,0,0,0.001,172.75160000117123,13.555999999999997,15.625,0,1367285760,1066319872,2,8,1,
locally_measured,2026-07-19T11:14:13.909Z,ea091c96144cb733288085c0aa09e1893c72f7a689eb8649f66e8f0d052be86c,TrustCircuit,11,0,1000,2,0.5,0.00001,1019.5034999996424,0.9808696095701004,1370242,240.21230000257492,71.744,3.1003000009804964,704.4468999960869,51.263000000000005,2313.5,100,1367285760,3224064000,8,8,1,
locally_measured,2026-07-19T11:14:14.993Z,ea091c96144cb733288085c0aa09e1893c72f7a689eb8649f66e8f0d052be86c,TEE-only,12,0,1000,2,0.5,0.00001,650.4784000013024,1.5373300635316989,0,0,85.255,0,565.2234000013024,68.003,452.875,2.9331618247627063,1367285760,3301199872,3,8,1,
locally_measured,2026-07-19T11:14:15.448Z,ea091c96144cb733288085c0aa09e1893c72f7a689eb8649f66e8f0d052be86c,Access Ledger,12,0,1000,2,0.5,0.00001,7.85190000012517,127.35770959692032,433332,0,0,0,7.85190000012517,0,0,0,1367285760,3296473088,1,8,1,
locally_measured,2026-07-19T11:14:16.534Z,ea091c96144cb733288085c0aa09e1893c72f7a689eb8649f66e8f0d052be86c,ZK Release,12,0,1000,2,0.5,0.00001,603.1681000012904,1.6579126117542697,670089,282.7824999988079,0,0,320.38560000248253,0,2188,100,1367285760,3299377152,2,8,1,
locally_measured,2026-07-19T11:14:17.132Z,ea091c96144cb733288085c0aa09e1893c72f7a689eb8649f66e8f0d052be86c,Local DP Ledger,12,0,1000,2,0.5,0.00001,165.9660000000149,6.025330489376802,0,0,0,0.002,165.9640000000149,13.481999999999996,15.625,0,1367285760,1060372480,2,8,1,
locally_measured,2026-07-19T11:14:18.506Z,ea091c96144cb733288085c0aa09e1893c72f7a689eb8649f66e8f0d052be86c,TrustCircuit,12,0,1000,2,0.5,0.00001,895.6484000012279,1.1165095588834069,1370230,253.34850000217557,75.724,3.20749999769032,563.3684000013619,52.75599999999999,1906.875,100,1367285760,3220578304,8,8,1,
locally_measured,2026-07-19T11:14:19.704Z,ea091c96144cb733288085c0aa09e1893c72f7a689eb8649f66e8f0d052be86c,TEE-only,13,0,1000,2,0.5,0.00001,656.8991000000387,1.5223038058659861,0,0,74.767,0,582.1321000000387,59.995999999999995,545.875,3.1969794476923727,1367285760,3293634560,3,8,1,
locally_measured,2026-07-19T11:14:20.158Z,ea091c96144cb733288085c0aa09e1893c72f7a689eb8649f66e8f0d052be86c,Access Ledger,13,0,1000,2,0.5,0.00001,7.916400000452995,126.32004445742731,433332,0,0,0,7.916400000452995,0,47,1.4139393481345603,1367285760,3288981504,1,8,1,
locally_measured,2026-07-19T11:14:21.200Z,ea091c96144cb733288085c0aa09e1893c72f7a689eb8649f66e8f0d052be86c,ZK Release,13,0,1000,2,0.5,0.00001,590.0830999985337,1.6946765633560508,670089,276.2634000014514,0,0,313.81969999708235,0,2001,100,1367285760,3292151808,2,8,1,
locally_measured,2026-07-19T11:14:21.807Z,ea091c96144cb733288085c0aa09e1893c72f7a689eb8649f66e8f0d052be86c,Local DP Ledger,13,0,1000,2,0.5,0.00001,174.2755999993533,5.738037912385388,0,0,0,0.001,174.27459999935328,14.094000000000005,15.625,0,1367285760,1077473280,2,8,1,
locally_measured,2026-07-19T11:14:23.326Z,ea091c96144cb733288085c0aa09e1893c72f7a689eb8649f66e8f0d052be86c,TrustCircuit,13,0,1000,2,0.5,0.00001,1033.5263000000268,0.9675612512230932,1370278,228.47489999979734,126.692,3.533399999141693,674.8260000010878,57.64699999999999,1999.875,100,1367285760,3229863936,8,8,1,
locally_measured,2026-07-19T11:14:24.414Z,ea091c96144cb733288085c0aa09e1893c72f7a689eb8649f66e8f0d052be86c,TEE-only,14,0,1000,2,0.5,0.00001,647.0790999997407,1.5454061180470837,0,0,84.99,0,562.0890999997407,62.809,609.5,100,1367285760,3308347392,3,8,1,
locally_measured,2026-07-19T11:14:24.991Z,ea091c96144cb733288085c0aa09e1893c72f7a689eb8649f66e8f0d052be86c,Access Ledger,14,0,1000,2,0.5,0.00001,9.821800000965595,101.81433137527628,433248,0,0,0,9.821800000965595,0,47,19.78557710827658,1367285760,3300995072,1,8,1,
locally_measured,2026-07-19T11:14:26.052Z,ea091c96144cb733288085c0aa09e1893c72f7a689eb8649f66e8f0d052be86c,ZK Release,14,0,1000,2,0.5,0.00001,597.451400000602,1.6737763105065824,670113,285.09410000033677,0,0,312.35730000026524,0,2016,100,1367285760,3304243200,2,8,1,
locally_measured,2026-07-19T11:14:26.671Z,ea091c96144cb733288085c0aa09e1893c72f7a689eb8649f66e8f0d052be86c,Local DP Ledger,14,0,1000,2,0.5,0.00001,176.08140000142157,5.679191555677809,0,0,0,0.001,176.08040000142157,12.247999999999998,15.625,0,1367285760,1019981824,2,8,1,
locally_measured,2026-07-19T11:14:28.041Z,ea091c96144cb733288085c0aa09e1893c72f7a689eb8649f66e8f0d052be86c,TrustCircuit,14,0,1000,2,0.5,0.00001,883.6945999991149,1.1316126634710697,1370290,234.42760000005364,72.264,3.3158999998122454,573.687099999249,54.277,2248.875,100,1367285760,3177684992,8,8,1,
locally_measured,2026-07-19T11:14:29.285Z,ea091c96144cb733288085c0aa09e1893c72f7a689eb8649f66e8f0d052be86c,TEE-only,15,0,1000,2,0.5,0.00001,795.6493999995291,1.256834982846203,0,0,106.744,0,688.9053999995291,96.151,561.75,27.256868728322285,1367285760,3257614336,3,8,1,
locally_measured,2026-07-19T11:14:29.754Z,ea091c96144cb733288085c0aa09e1893c72f7a689eb8649f66e8f0d052be86c,Access Ledger,15,0,1000,2,0.5,0.00001,7.567099999636412,132.15102219450628,433284,0,0,0,7.567099999636412,0,16,0.4604835998752317,1367285760,3252916224,1,8,1,
locally_measured,2026-07-19T11:14:31.007Z,ea091c96144cb733288085c0aa09e1893c72f7a689eb8649f66e8f0d052be86c,ZK Release,15,0,1000,2,0.5,0.00001,788.9177999999374,1.2675591804368964,670149,417.7074999976903,0,0,371.2103000022471,0,2453,100,1367285760,3256819712,2,8,1,
locally_measured,2026-07-19T11:14:31.660Z,ea091c96144cb733288085c0aa09e1893c72f7a689eb8649f66e8f0d052be86c,Local DP Ledger,15,0,1000,2,0.5,0.00001,176.6904000006616,5.659617047650894,0,0,0,0.002,176.6884000006616,11.843,15.625,0,1367285760,1087393792,2,8,1,
locally_measured,2026-07-19T11:14:33.039Z,ea091c96144cb733288085c0aa09e1893c72f7a689eb8649f66e8f0d052be86c,TrustCircuit,15,0,1000,2,0.5,0.00001,891.8515000008047,1.1212629008294517,1370278,237.14329999871552,83.985,3.260400000959635,567.4628000011295,55.65200000000001,1858.875,100,1367285760,3190190080,8,8,1,
locally_measured,2026-07-19T11:14:34.085Z,ea091c96144cb733288085c0aa09e1893c72f7a689eb8649f66e8f0d052be86c,TEE-only,16,0,1000,2,0.5,0.00001,625.0241000000387,1.5999383063788069,0,0,75.79,0,549.2341000000388,57.072,421.875,2.82976735357875,1367285760,3267330048,3,8,1,
locally_measured,2026-07-19T11:14:34.552Z,ea091c96144cb733288085c0aa09e1893c72f7a689eb8649f66e8f0d052be86c,Access Ledger,16,0,1000,2,0.5,0.00001,8.999500000849366,111.1172842830847,433332,0,0,0,8.999500000849366,0,16,23.518897431335326,1367285760,3263070208,1,8,1,
locally_measured,2026-07-19T11:14:35.785Z,ea091c96144cb733288085c0aa09e1893c72f7a689eb8649f66e8f0d052be86c,ZK Release,16,0,1000,2,0.5,0.00001,730.2896999996156,1.3693196001539203,670173,303.4051999989897,0,0,426.88450000062585,0,1922,100,1367285760,3266633728,2,8,1,
locally_measured,2026-07-19T11:14:36.540Z,ea091c96144cb733288085c0aa09e1893c72f7a689eb8649f66e8f0d052be86c,Local DP Ledger,16,0,1000,2,0.5,0.00001,195.15010000020266,5.124260761326597,0,0,0,0.002,195.14810000020265,12.945000000000004,15.625,0,1367285760,1050943488,2,8,1,
locally_measured,2026-07-19T11:14:37.910Z,ea091c96144cb733288085c0aa09e1893c72f7a689eb8649f66e8f0d052be86c,TrustCircuit,16,0,1000,2,0.5,0.00001,868.6831000000238,1.1511677848918351,1370290,216.42699999921024,81.356,3.1478999983519316,567.7522000024617,49.46499999999999,1469.25,100,1367285760,3222499328,8,8,1,
locally_measured,2026-07-19T11:14:39.015Z,ea091c96144cb733288085c0aa09e1893c72f7a689eb8649f66e8f0d052be86c,TEE-only,17,0,1000,2,0.5,0.00001,678.3054999988526,1.474261966034024,0,0,94.744,0,583.5614999988526,79.36699999999999,578.125,3.553127326234664,1367285760,3302305792,3,8,1,
locally_measured,2026-07-19T11:14:39.468Z,ea091c96144cb733288085c0aa09e1893c72f7a689eb8649f66e8f0d052be86c,Access Ledger,17,0,1000,2,0.5,0.00001,9.070599999278784,110.2462902211002,433332,0,0,0,9.070599999278784,0,0,0,1367285760,3295748096,1,8,1,
locally_measured,2026-07-19T11:14:40.512Z,ea091c96144cb733288085c0aa09e1893c72f7a689eb8649f66e8f0d052be86c,ZK Release,17,0,1000,2,0.5,0.00001,577.2365000005811,1.7323921824052935,670137,266.98650000058115,0,0,310.25,0,1546,100,1367285760,3296817152,2,8,1,
locally_measured,2026-07-19T11:14:41.125Z,ea091c96144cb733288085c0aa09e1893c72f7a689eb8649f66e8f0d052be86c,Local DP Ledger,17,0,1000,2,0.5,0.00001,172.15330000035465,5.808776247669606,0,0,0,0.001,172.15230000035464,13.608,0,0,1367285760,1039642624,2,8,1,
locally_measured,2026-07-19T11:14:42.736Z,ea091c96144cb733288085c0aa09e1893c72f7a689eb8649f66e8f0d052be86c,TrustCircuit,17,0,1000,2,0.5,0.00001,1013.1682000011206,0.9870029477819122,1370170,255.20559999905527,95.388,3.448699999600649,659.1259000024646,64.902,1859.5,100,1367285760,3222835200,8,8,1,
locally_measured,2026-07-19T11:14:43.835Z,ea091c96144cb733288085c0aa09e1893c72f7a689eb8649f66e8f0d052be86c,TEE-only,18,0,1000,2,0.5,0.00001,649.6568999998271,1.5392740383428023,0,0,90.512,0,559.1448999998272,56.19500000000001,499.875,3.2876608297567533,1367285760,3302309888,3,8,1,
locally_measured,2026-07-19T11:14:44.442Z,ea091c96144cb733288085c0aa09e1893c72f7a689eb8649f66e8f0d052be86c,Access Ledger,18,0,1000,2,0.5,0.00001,12.782400000840425,78.23256977830856,433332,0,0,0,12.782400000840425,0,16,20.386112984742855,1367285760,3292868608,1,8,1,
locally_measured,2026-07-19T11:14:45.475Z,ea091c96144cb733288085c0aa09e1893c72f7a689eb8649f66e8f0d052be86c,ZK Release,18,0,1000,2,0.5,0.00001,581.0919000003487,1.7208981918340283,670137,266.16699999943376,0,0,314.92490000091493,0,1563,100,1367285760,3296296960,2,8,1,
locally_measured,2026-07-19T11:14:46.068Z,ea091c96144cb733288085c0aa09e1893c72f7a689eb8649f66e8f0d052be86c,Local DP Ledger,18,0,1000,2,0.5,0.00001,165.31450000032783,6.049076154832256,0,0,0,0.002,165.31250000032782,12.386999999999997,16,0.26526514710404236,1367285760,1043726336,2,8,1,
locally_measured,2026-07-19T11:14:47.475Z,ea091c96144cb733288085c0aa09e1893c72f7a689eb8649f66e8f0d052be86c,TrustCircuit,18,0,1000,2,0.5,0.00001,914.8336000014096,1.0930949628418316,1370230,218.69749999977648,71.755,2.8304999992251396,621.550600002408,77.075,2078.5,100,1367285760,3268214784,8,8,1,
locally_measured,2026-07-19T11:14:48.555Z,ea091c96144cb733288085c0aa09e1893c72f7a689eb8649f66e8f0d052be86c,TEE-only,19,0,1000,2,0.5,0.00001,651.9319000001997,1.5339025441149508,0,0,84.053,0,567.8789000001997,62.376000000000005,468.875,3.081378415354657,1367285760,3349778432,3,8,1,
locally_measured,2026-07-19T11:14:49.018Z,ea091c96144cb733288085c0aa09e1893c72f7a689eb8649f66e8f0d052be86c,Access Ledger,19,0,1000,2,0.5,0.00001,7.858500000089407,127.2507475966944,433320,0,0,0,7.858500000089407,0,0,0,1367285760,3337523200,1,8,1,
locally_measured,2026-07-19T11:14:50.044Z,ea091c96144cb733288085c0aa09e1893c72f7a689eb8649f66e8f0d052be86c,ZK Release,19,0,1000,2,0.5,0.00001,578.9873000010848,1.7271536007752266,670113,263.7723999992013,0,0,315.2149000018835,0,1968,100,1367285760,3340832768,2,8,1,
locally_measured,2026-07-19T11:14:50.639Z,ea091c96144cb733288085c0aa09e1893c72f7a689eb8649f66e8f0d052be86c,Local DP Ledger,19,0,1000,2,0.5,0.00001,166.04489999823272,6.022467417009757,0,0,0,0.001,166.04389999823272,12.761,0,0,1367285760,1082572800,2,8,1,
locally_measured,2026-07-19T11:14:52.066Z,ea091c96144cb733288085c0aa09e1893c72f7a689eb8649f66e8f0d052be86c,TrustCircuit,19,0,1000,2,0.5,0.00001,942.838699998334,1.0606268071110858,1370266,258.60319999977946,86.978,3.108500000089407,594.1489999984652,56.45400000000001,2499.875,100,1367285760,3186933760,8,8,1,
locally_measured,2026-07-19T11:14:53.245Z,ea091c96144cb733288085c0aa09e1893c72f7a689eb8649f66e8f0d052be86c,TEE-only,20,0,1000,2,0.5,0.00001,660.8186000008136,1.513274596082448,0,0,72.4,0,588.4186000008136,59.044,516.875,28.459217934439323,1367285760,3268194304,3,8,1,
locally_measured,2026-07-19T11:14:53.736Z,ea091c96144cb733288085c0aa09e1893c72f7a689eb8649f66e8f0d052be86c,Access Ledger,20,0,1000,2,0.5,0.00001,8.79079999960959,113.75528962601939,433332,0,0,0,8.79079999960959,0,0,0,1367285760,3261382656,1,8,1,
locally_measured,2026-07-19T11:14:54.805Z,ea091c96144cb733288085c0aa09e1893c72f7a689eb8649f66e8f0d052be86c,ZK Release,20,0,1000,2,0.5,0.00001,568.7230000011623,1.7583252303809698,670137,264.68150000087917,0,0,304.0415000002831,0,1953,100,1367285760,3262189568,2,8,1,
locally_measured,2026-07-19T11:14:55.499Z,ea091c96144cb733288085c0aa09e1893c72f7a689eb8649f66e8f0d052be86c,Local DP Ledger,20,0,1000,2,0.5,0.00001,177.27759999968112,5.640870589413433,0,0,0,0.002,177.2755999996811,11.411000000000001,46.625,0.4202009634152115,1367285760,1039208448,2,8,1,
locally_measured,2026-07-19T11:14:56.996Z,ea091c96144cb733288085c0aa09e1893c72f7a689eb8649f66e8f0d052be86c,TrustCircuit,20,0,1000,2,0.5,0.00001,956.8732999991626,1.04507043931613,1370254,262.5372999999672,80.962,4.343000000342727,609.0309999988526,68.242,1983.5,100,1367285760,3190796288,8,8,1,
locally_measured,2026-07-19T11:14:58.067Z,ea091c96144cb733288085c0aa09e1893c72f7a689eb8649f66e8f0d052be86c,TEE-only,21,0,1000,2,0.5,0.00001,647.3261000011116,1.5448164379565148,0,0,72.93,0,574.3961000011116,67.137,546.875,35.88988982057186,1367285760,3273785344,3,8,1,
locally_measured,2026-07-19T11:14:58.662Z,ea091c96144cb733288085c0aa09e1893c72f7a689eb8649f66e8f0d052be86c,Access Ledger,21,0,1000,2,0.5,0.00001,8.695600001141429,115.00068998904445,433332,0,0,0,8.695600001141429,0,31,0.9046577148703099,1367285760,3265130496,1,8,1,
locally_measured,2026-07-19T11:14:59.718Z,ea091c96144cb733288085c0aa09e1893c72f7a689eb8649f66e8f0d052be86c,ZK Release,21,0,1000,2,0.5,0.00001,575.0711000002921,1.7389154141105199,670173,267.7832000013441,0,0,307.287899998948,0,1907,100,1367285760,3265892352,2,8,1,
locally_measured,2026-07-19T11:15:00.324Z,ea091c96144cb733288085c0aa09e1893c72f7a689eb8649f66e8f0d052be86c,Local DP Ledger,21,0,1000,2,0.5,0.00001,178.29209999926388,5.608773467832443,0,0,0,0.001,178.29109999926388,14.459999999999997,31.625,0.2602712130144506,1367285760,1023901696,2,8,1,
locally_measured,2026-07-19T11:15:01.776Z,ea091c96144cb733288085c0aa09e1893c72f7a689eb8649f66e8f0d052be86c,TrustCircuit,21,0,1000,2,0.5,0.00001,907.8744999989867,1.1014738270555193,1370230,222.45299999974668,89.846,3.059000000357628,592.5164999988824,67.78,2031.5,100,1367285760,3240288256,8,8,1,
locally_measured,2026-07-19T11:15:03.028Z,ea091c96144cb733288085c0aa09e1893c72f7a689eb8649f66e8f0d052be86c,TEE-only,22,0,1000,2,0.5,0.00001,714.6891000010073,1.3992098102497863,0,0,101.991,0,612.6981000010073,74.086,483.875,2.713253531973699,1367285760,3321139200,3,8,1,
locally_measured,2026-07-19T11:15:03.602Z,ea091c96144cb733288085c0aa09e1893c72f7a689eb8649f66e8f0d052be86c,Access Ledger,22,0,1000,2,0.5,0.00001,9.962600000202656,100.37540400895934,433332,0,0,0,9.962600000202656,0,0,0,1367285760,3311923200,1,8,1,
locally_measured,2026-07-19T11:15:04.621Z,ea091c96144cb733288085c0aa09e1893c72f7a689eb8649f66e8f0d052be86c,ZK Release,22,0,1000,2,0.5,0.00001,576.8618999999017,1.7335171554927973,670113,263.7597000002861,0,0,313.10219999961555,0,1689,100,1367285760,3315363840,2,8,1,
locally_measured,2026-07-19T11:15:05.235Z,ea091c96144cb733288085c0aa09e1893c72f7a689eb8649f66e8f0d052be86c,Local DP Ledger,22,0,1000,2,0.5,0.00001,172.14259999990463,5.809137308258118,0,0,0,0.001,172.14159999990463,14.392000000000003,0,0,1367285760,1061437440,2,8,1,
locally_measured,2026-07-19T11:15:06.785Z,ea091c96144cb733288085c0aa09e1893c72f7a689eb8649f66e8f0d052be86c,TrustCircuit,22,0,1000,2,0.5,0.00001,1063.352900000289,0.9404215665370623,1370170,241.652499999851,85.942,3.124200001358986,732.6341999990791,80.784,2015.125,100,1367285760,3218878464,8,8,1,
locally_measured,2026-07-19T11:15:07.896Z,ea091c96144cb733288085c0aa09e1893c72f7a689eb8649f66e8f0d052be86c,TEE-only,23,0,1000,2,0.5,0.00001,679.9473999999464,1.4707019984194056,0,0,84.801,0,595.1463999999463,57.962,562.875,3.6307930428823325,1367285760,3302699008,3,8,1,
locally_measured,2026-07-19T11:15:08.354Z,ea091c96144cb733288085c0aa09e1893c72f7a689eb8649f66e8f0d052be86c,Access Ledger,23,0,1000,2,0.5,0.00001,7.490600001066923,133.5006541341902,433332,0,0,0,7.490600001066923,0,16,0.4605164692222846,1367285760,3296284672,1,8,1,
locally_measured,2026-07-19T11:15:09.551Z,ea091c96144cb733288085c0aa09e1893c72f7a689eb8649f66e8f0d052be86c,ZK Release,23,0,1000,2,0.5,0.00001,731.4037999995053,1.3672338043645336,670149,304.6204000003636,0,0,426.7833999991417,0,2282,100,1367285760,3296845824,2,8,1,
locally_measured,2026-07-19T11:15:10.140Z,ea091c96144cb733288085c0aa09e1893c72f7a689eb8649f66e8f0d052be86c,Local DP Ledger,23,0,1000,2,0.5,0.00001,167.09709999896586,5.984544315886923,0,0,0,0.002,167.09509999896585,10.964999999999996,31.625,0.2664972454850273,1367285760,1090822144,2,8,1,
locally_measured,2026-07-19T11:15:11.697Z,ea091c96144cb733288085c0aa09e1893c72f7a689eb8649f66e8f0d052be86c,TrustCircuit,23,0,1000,2,0.5,0.00001,1065.1543000005186,0.9388311158294279,1370254,263.8458000011742,70.904,3.2658000010997057,727.1386999982446,52.61500000000001,2188.125,100,1367285760,3167633408,8,8,1,
locally_measured,2026-07-19T11:15:12.830Z,ea091c96144cb733288085c0aa09e1893c72f7a689eb8649f66e8f0d052be86c,TEE-only,24,0,1000,2,0.5,0.00001,686.3879000004381,1.4569021394452928,0,0,87.704,0,598.6839000004381,61.608000000000004,546.875,3.5038008109937775,1367285760,3246616576,3,8,1,
locally_measured,2026-07-19T11:15:13.372Z,ea091c96144cb733288085c0aa09e1893c72f7a689eb8649f66e8f0d052be86c,Access Ledger,24,0,1000,2,0.5,0.00001,10.02060000039637,99.79442348366808,433332,0,0,0,10.02060000039637,0,16,23.085091643859148,1367285760,3249278976,1,8,1,
locally_measured,2026-07-19T11:15:14.468Z,ea091c96144cb733288085c0aa09e1893c72f7a689eb8649f66e8f0d052be86c,ZK Release,24,0,1000,2,0.5,0.00001,613.7399999983609,1.629354449771354,670113,268.4238000009209,0,0,345.31619999744,0,2109,100,1367285760,3245498368,2,8,1,
locally_measured,2026-07-19T11:15:15.123Z,ea091c96144cb733288085c0aa09e1893c72f7a689eb8649f66e8f0d052be86c,Local DP Ledger,24,0,1000,2,0.5,0.00001,176.18570000119507,5.67582953663786,0,0,0,0.001,176.18470000119507,13.093,15.625,0,1367285760,1064562688,2,8,1,
locally_measured,2026-07-19T11:15:16.495Z,ea091c96144cb733288085c0aa09e1893c72f7a689eb8649f66e8f0d052be86c,TrustCircuit,24,0,1000,2,0.5,0.00001,867.7818999998271,1.1523632839083175,1370230,230.4083999991417,68.371,3.848200000822544,565.1542999998629,50.822,2045.875,100,1367285760,3237834752,8,8,1,
locally_measured,2026-07-19T11:15:17.809Z,ea091c96144cb733288085c0aa09e1893c72f7a689eb8649f66e8f0d052be86c,TEE-only,25,0,1000,2,0.5,0.00001,832.2801999989897,1.2015184309337335,0,0,82.004,0,750.2761999989897,76.71600000000001,639.5,23.55290925672673,1367285760,3313537024,3,8,1,
locally_measured,2026-07-19T11:15:18.284Z,ea091c96144cb733288085c0aa09e1893c72f7a689eb8649f66e8f0d052be86c,Access Ledger,25,0,1000,2,0.5,0.00001,9.279799999669194,107.76094312761568,433332,0,0,0,9.279799999669194,0,32,0.8905686993596473,1367285760,3309592576,1,8,1,
locally_measured,2026-07-19T11:15:19.321Z,ea091c96144cb733288085c0aa09e1893c72f7a689eb8649f66e8f0d052be86c,ZK Release,25,0,1000,2,0.5,0.00001,585.1420000009239,1.7089868783960493,670125,281.1547999996692,0,0,303.9872000012547,0,2015,100,1367285760,3313754112,2,8,1,
locally_measured,2026-07-19T11:15:19.927Z,ea091c96144cb733288085c0aa09e1893c72f7a689eb8649f66e8f0d052be86c,Local DP Ledger,25,0,1000,2,0.5,0.00001,179.6211999990046,5.567271569311092,0,0,0,0.001,179.6201999990046,12.100999999999999,15.625,0,1367285760,930275328,2,8,1,
locally_measured,2026-07-19T11:15:21.426Z,ea091c96144cb733288085c0aa09e1893c72f7a689eb8649f66e8f0d052be86c,TrustCircuit,25,0,1000,2,0.5,0.00001,998.4743000008166,1.0015280313165618,1370218,245.4847999997437,79.982,2.786100000143051,670.2214000009299,65.905,1906.5,100,1367285760,3177848832,8,8,1,
locally_measured,2026-07-19T11:15:22.549Z,ea091c96144cb733288085c0aa09e1893c72f7a689eb8649f66e8f0d052be86c,TEE-only,26,0,1000,2,0.5,0.00001,656.49469999969,1.5232415433064002,0,0,93.986,0,562.5086999996901,54.042,578.5,3.731554405889703,1367285760,3255361536,3,8,1,
locally_measured,2026-07-19T11:15:23.022Z,ea091c96144cb733288085c0aa09e1893c72f7a689eb8649f66e8f0d052be86c,Access Ledger,26,0,1000,2,0.5,0.00001,8.023199999704957,124.63854821477388,433332,0,0,0,8.023199999704957,0,0,0,1367285760,3251183616,1,8,1,
locally_measured,2026-07-19T11:15:24.042Z,ea091c96144cb733288085c0aa09e1893c72f7a689eb8649f66e8f0d052be86c,ZK Release,26,0,1000,2,0.5,0.00001,577.6443000007421,1.7311691641356373,670149,260.3664000015706,0,0,317.2778999991715,0,1905,100,1367285760,3254341632,2,8,1,
locally_measured,2026-07-19T11:15:24.634Z,ea091c96144cb733288085c0aa09e1893c72f7a689eb8649f66e8f0d052be86c,Local DP Ledger,26,0,1000,2,0.5,0.00001,165.9608999993652,6.0255156485884624,0,0,0,0.002,165.9588999993652,10.971999999999998,16,0.26818221801617337,1367285760,1116479488,2,8,1,
locally_measured,2026-07-19T11:15:26.007Z,ea091c96144cb733288085c0aa09e1893c72f7a689eb8649f66e8f0d052be86c,TrustCircuit,26,0,1000,2,0.5,0.00001,882.5109999999404,1.13313035191637,1370242,232.92800000309944,74.688,3.348599998280406,571.5463999985606,56.011,2046.5,100,1367285760,3236032512,8,8,1,
locally_measured,2026-07-19T11:15:27.153Z,ea091c96144cb733288085c0aa09e1893c72f7a689eb8649f66e8f0d052be86c,TEE-only,27,0,1000,2,0.5,0.00001,719.1951999999583,1.3904430952821405,0,0,104.022,0,615.1731999999582,89.532,577.75,3.252789952886411,1367285760,3309281280,3,8,1,
locally_measured,2026-07-19T11:15:27.623Z,ea091c96144cb733288085c0aa09e1893c72f7a689eb8649f66e8f0d052be86c,Access Ledger,27,0,1000,2,0.5,0.00001,8.414499999955297,118.84247430094631,433332,0,0,0,8.414499999955297,0,0,0,1367285760,3305349120,1,8,1,
locally_measured,2026-07-19T11:15:28.658Z,ea091c96144cb733288085c0aa09e1893c72f7a689eb8649f66e8f0d052be86c,ZK Release,27,0,1000,2,0.5,0.00001,563.4815999995917,1.774680841398769,670149,253.54160000011325,0,0,309.93999999947846,0,1813,100,1367285760,3308769280,2,8,1,
locally_measured,2026-07-19T11:15:29.249Z,ea091c96144cb733288085c0aa09e1893c72f7a689eb8649f66e8f0d052be86c,Local DP Ledger,27,0,1000,2,0.5,0.00001,163.22159999981523,6.126640101562122,0,0,0,0.001,163.22059999981522,11.304000000000002,15.625,0,1367285760,1062477824,2,8,1,
locally_measured,2026-07-19T11:15:30.639Z,ea091c96144cb733288085c0aa09e1893c72f7a689eb8649f66e8f0d052be86c,TrustCircuit,27,0,1000,2,0.5,0.00001,889.456499999389,1.1242820756278546,1370290,230.3707999996841,87.713,3.5819000005722046,567.7907999991328,65.082,2062.5,100,1367285760,3232530432,8,8,1,
locally_measured,2026-07-19T11:15:31.741Z,ea091c96144cb733288085c0aa09e1893c72f7a689eb8649f66e8f0d052be86c,TEE-only,28,0,1000,2,0.5,0.00001,666.3186000008136,1.5007835590943717,0,0,79.947,0,586.3716000008136,52.224000000000004,547.25,29.36253927237058,1367285760,3314020352,3,8,1,
locally_measured,2026-07-19T11:15:32.210Z,ea091c96144cb733288085c0aa09e1893c72f7a689eb8649f66e8f0d052be86c,Access Ledger,28,0,1000,2,0.5,0.00001,7.828099999576807,127.74491895275492,433332,0,0,0,7.828099999576807,0,31,73.00026371928088,1367285760,3304648704,1,8,1,
locally_measured,2026-07-19T11:15:33.278Z,ea091c96144cb733288085c0aa09e1893c72f7a689eb8649f66e8f0d052be86c,ZK Release,28,0,1000,2,0.5,0.00001,613.6677999999374,1.6295461485841394,670125,289.88020000234246,0,0,323.78759999759495,0,1859,100,1367285760,3308339200,2,8,1,
locally_measured,2026-07-19T11:15:33.884Z,ea091c96144cb733288085c0aa09e1893c72f7a689eb8649f66e8f0d052be86c,Local DP Ledger,28,0,1000,2,0.5,0.00001,171.0537999998778,5.846113912702988,0,0,0,0.001,171.0527999998778,13.472999999999999,31.625,0.26275035510650413,1367285760,1082433536,2,8,1,
locally_measured,2026-07-19T11:15:35.281Z,ea091c96144cb733288085c0aa09e1893c72f7a689eb8649f66e8f0d052be86c,TrustCircuit,28,0,1000,2,0.5,0.00001,902.1958000008017,1.108406844721635,1370206,228.34339999966323,95.631,3.04869999922812,575.1727000019104,53.178999999999995,2031.875,100,1367285760,3214278656,8,8,1,
locally_measured,2026-07-19T11:15:36.363Z,ea091c96144cb733288085c0aa09e1893c72f7a689eb8649f66e8f0d052be86c,TEE-only,29,0,1000,2,0.5,0.00001,631.2930000014603,1.584050512199069,0,0,70.205,0,561.0880000014603,51.70099999999999,468.625,3.322519376230519,1367285760,3292311552,3,8,1,
locally_measured,2026-07-19T11:15:36.881Z,ea091c96144cb733288085c0aa09e1893c72f7a689eb8649f66e8f0d052be86c,Access Ledger,29,0,1000,2,0.5,0.00001,8.204800000414252,121.8798751888542,433332,0,0,0,8.204800000414252,0,16,0.46463111773881904,1367285760,3287859200,1,8,1,
locally_measured,2026-07-19T11:15:37.965Z,ea091c96144cb733288085c0aa09e1893c72f7a689eb8649f66e8f0d052be86c,ZK Release,29,0,1000,2,0.5,0.00001,591.0723999999464,1.6918401197553645,670173,270.385399999097,0,0,320.68700000084937,0,1907,100,1367285760,3291287552,2,8,1,
locally_measured,2026-07-19T11:15:38.579Z,ea091c96144cb733288085c0aa09e1893c72f7a689eb8649f66e8f0d052be86c,Local DP Ledger,29,0,1000,2,0.5,0.00001,171.0650999993086,5.845727737592541,0,0,0,0.002,171.06309999930858,14.100999999999996,31.625,0.25844501388583424,1367285760,1082339328,2,8,1,
locally_measured,2026-07-19T11:15:39.955Z,ea091c96144cb733288085c0aa09e1893c72f7a689eb8649f66e8f0d052be86c,TrustCircuit,29,0,1000,2,0.5,0.00001,896.7808999996632,1.1150995744895722,1370206,225,83.114,3.316499998793006,585.3504000008702,64.399,1968.875,100,1367285760,3257536512,8,8,1,
