measurement_type,timestamp_utc,config_hash,configuration,run,is_warmup,execution_order,seed,request_id,rows,payload_bytes,payload_sha256,native_process_wall_us,vbs_process_wall_us,native_process_startup_us,vbs_process_startup_us,vbs_validation_wall_us,native_process_cpu_time_ms,vbs_process_cpu_time_ms,native_normalized_peak_cpu_percent,vbs_normalized_peak_cpu_percent,native_host_total_us,vbs_host_total_us,native_decrypt_us,vbs_decrypt_us,native_hash_us,vbs_hash_us,native_aggregate_us,vbs_aggregate_us,native_dp_noise_us,vbs_dp_noise_us,native_transcript_us,vbs_transcript_us,vbs_attestation_generation_us,vbs_attestation_validation_host_us,vbs_attestation_validation_enclave_us,native_peak_rss_bytes,vbs_peak_rss_bytes,native_peak_private_bytes,vbs_peak_private_bytes,native_resource_sample_count,vbs_resource_sample_count,native_result_fixed,vbs_result_fixed,result_hash_match,result_parity,native_payload_throughput_mib_s,vbs_payload_throughput_mib_s,vbs_slowdown_vs_native,native_ok,vbs_ok,failure_status
measured_paired,2026-07-19T10:40:40.541165+00:00,4924a5d60e36451ff68f2e2aecb3766d0fc3cd871f2e95c9b8c1ae4bd12dbc3f,Debug,1,0,vbs_first,20260720,phase8-paired-126-1-1784457640399736700,126,1024,0d6ab7d4e8163a5f62ca871ae55033e20923a9a93123f21a128bc2e71d144450,16000,62000,9861,44005,64670,15.625,31.25,0.0,0.0,6139,17995,12,4,38,6,8,6,0,0,12,11,2025,19504,999,4960256,9400320,1724416,4120576,7,33,50920634,50920634,1,1,0.06103515625,0.01575100806451613,3.875,1,1,
measured_paired,2026-07-19T10:40:40.692334+00:00,4924a5d60e36451ff68f2e2aecb3766d0fc3cd871f2e95c9b8c1ae4bd12dbc3f,Debug,2,0,native_first,20260721,phase8-paired-126-2-1784457640542175100,126,1024,5a0c4884fbd8418e4362725b219fa43667bb4fdd27879b57bb3dd14a978e72e2,31000,63000,8974,55151,62408,15.625,46.875,0.0,0.0,22026,7849,16,3,75,6,8,6,0,0,18,10,1900,19713,958,5128192,9404416,1781760,4120576,17,29,49912698,49912698,1,1,0.03150201612903226,0.015500992063492064,2.032258064516129,1,1,
measured_paired,2026-07-19T10:40:40.839975+00:00,4924a5d60e36451ff68f2e2aecb3766d0fc3cd871f2e95c9b8c1ae4bd12dbc3f,Debug,3,0,vbs_first,20260722,phase8-paired-126-3-1784457640694809900,126,1024,820f63adfef48263f797fc0093385fd8da5c4cf62a5300ae5cae4cde217b6961,16000,63000,9915,47701,58008,15.625,62.5,0.0,0.0,6085,15299,14,3,68,6,8,6,0,0,14,10,1863,19044,1179,5152768,9392128,1794048,4112384,7,40,50341269,50341269,1,1,0.06103515625,0.015500992063492064,3.9375,1,1,
measured_paired,2026-07-19T10:40:40.991472+00:00,4924a5d60e36451ff68f2e2aecb3766d0fc3cd871f2e95c9b8c1ae4bd12dbc3f,Debug,4,0,native_first,20260723,phase8-paired-126-4-1784457640842488400,126,1024,483a2c66abacaf1e52c4e57f2f8575f3b4786f6d6274d5fedbdfce3f9b5f5f69,31000,47000,9395,39054,70864,15.625,31.25,0.0,0.0,21605,7946,17,6,83,9,8,6,0,0,19,12,1962,18050,885,5185536,9396224,1728512,4108288,17,24,49912698,49912698,1,1,0.03150201612903226,0.020777925531914893,1.5161290322580645,1,1,
measured_paired,2026-07-19T10:40:41.164432+00:00,4924a5d60e36451ff68f2e2aecb3766d0fc3cd871f2e95c9b8c1ae4bd12dbc3f,Debug,5,0,vbs_first,20260724,phase8-paired-126-5-1784457640992476100,126,1024,0f5cc4593bb3be1ec9ae86c14ec0a515084c97da45c988e73146d6d8cab3d910,16000,78000,10107,63108,72946,0.0,46.875,0.0,0.0,5893,14892,11,6,38,10,8,8,0,0,11,13,2043,19226,977,5296128,9404416,1810432,4124672,7,47,50373015,50373015,1,1,0.06103515625,0.012520032051282052,4.875,1,1,
measured_paired,2026-07-19T10:40:41.308728+00:00,4924a5d60e36451ff68f2e2aecb3766d0fc3cd871f2e95c9b8c1ae4bd12dbc3f,Debug,6,0,native_first,20260725,phase8-paired-126-6-1784457641166432700,126,1024,136d79ff33402fca572e6ac6866dd44099f77703b5acba611965aa12cba592c2,31000,47000,9176,39130,69236,0.0,31.25,0.0,0.0,21824,7870,17,4,71,6,9,6,0,0,19,11,1979,20072,993,4988928,9396224,1728512,4108288,18,21,49642857,49642857,1,1,0.03150201612903226,0.020777925531914893,1.5161290322580645,1,1,
measured_paired,2026-07-19T10:40:41.490357+00:00,4924a5d60e36451ff68f2e2aecb3766d0fc3cd871f2e95c9b8c1ae4bd12dbc3f,Debug,7,0,vbs_first,20260726,phase8-paired-126-7-1784457641309727400,126,1024,cb1c5eaffe4e05a6b7ae144ecba09ef7829224a2915fab4681771f7bc0f94e08,15000,94000,8973,78083,76279,15.625,62.5,0.0,0.0,6027,15917,14,4,51,6,9,6,0,0,14,10,1919,18150,955,5320704,9400320,1806336,4116480,7,49,46960317,46960317,1,1,0.06510416666666667,0.010388962765957447,6.266666666666667,1,1,
measured_paired,2026-07-19T10:40:41.628688+00:00,4924a5d60e36451ff68f2e2aecb3766d0fc3cd871f2e95c9b8c1ae4bd12dbc3f,Debug,8,0,native_first,20260727,phase8-paired-126-8-1784457641491359300,126,1024,3beb5168834c9931ee689991ad6b38d8906529131fefb199e061824d94ee16a4,32000,46000,11373,38187,62159,0.0,31.25,0.0,0.0,20627,7813,16,6,73,9,9,6,0,0,18,11,1918,19790,948,4993024,9408512,1720320,4124672,17,22,47793650,47793650,1,1,0.030517578125,0.021229619565217392,1.4375,1,1,
measured_paired,2026-07-19T10:40:41.775944+00:00,4924a5d60e36451ff68f2e2aecb3766d0fc3cd871f2e95c9b8c1ae4bd12dbc3f,Debug,9,0,vbs_first,20260728,phase8-paired-126-9-1784457641630193800,126,1024,f57703a081fb36190cde916ad7891b4ba030ad129b0fbc498a5ab975c64a83a6,31000,47000,24870,30530,70118,15.625,78.125,0.0,0.0,6130,16470,18,4,75,6,8,6,0,0,15,10,1912,19455,940,5173248,9396224,1716224,4104192,8,34,49365079,49365079,1,1,0.03150201612903226,0.020777925531914893,1.5161290322580645,1,1,
measured_paired,2026-07-19T10:40:41.925585+00:00,4924a5d60e36451ff68f2e2aecb3766d0fc3cd871f2e95c9b8c1ae4bd12dbc3f,Debug,10,0,native_first,20260729,phase8-paired-126-10-1784457641777966700,126,1024,4cedbc1dcefdf4dc3abc312f2dbf27b3da6230bf6462740abb43fdd7d967930b,31000,62000,7318,54336,60638,31.25,46.875,0.0,0.0,23682,7664,11,4,48,6,8,6,0,0,12,10,1907,20808,1007,5148672,9412608,1728512,4132864,19,29,54523809,54523809,1,1,0.03150201612903226,0.01575100806451613,2.0,1,1,
measured_paired,2026-07-19T10:40:42.084161+00:00,4924a5d60e36451ff68f2e2aecb3766d0fc3cd871f2e95c9b8c1ae4bd12dbc3f,Debug,11,0,vbs_first,20260730,phase8-paired-126-11-1784457641927581400,126,1024,d0871cbc498e203ef2ca48e1808dfbcaf43dbeb8063bc8172ac92b5294aa1e1f,16000,62000,9994,47871,70102,0.0,62.5,0.0,0.0,6006,14129,12,4,42,6,8,6,0,0,12,10,1923,18502,952,5201920,9388032,1785856,4104192,7,40,53126984,53126984,1,1,0.06103515625,0.01575100806451613,3.875,1,1,
measured_paired,2026-07-19T10:40:42.245779+00:00,4924a5d60e36451ff68f2e2aecb3766d0fc3cd871f2e95c9b8c1ae4bd12dbc3f,Debug,12,0,native_first,20260731,phase8-paired-126-12-1784457642086158900,126,1024,2aa09cf87c33b8c2fd13e451033a3a595a4963957cb5331fa9da183c6a6a63b7,31000,63000,8761,54938,71428,15.625,46.875,0.0,0.0,22239,8062,15,4,64,6,9,6,0,0,20,10,1894,17908,875,4997120,9388032,1724416,4108288,18,29,46746031,46746031,1,1,0.03150201612903226,0.015500992063492064,2.032258064516129,1,1,
measured_paired,2026-07-19T10:40:42.408228+00:00,4924a5d60e36451ff68f2e2aecb3766d0fc3cd871f2e95c9b8c1ae4bd12dbc3f,Debug,13,0,vbs_first,20260732,phase8-paired-126-13-1784457642248287400,126,1024,3b99414c3249492e01bdba75e02a37c3196361d51b838909fe8d006882fec589,32000,78000,25647,63491,62641,15.625,31.25,0.0,0.0,6353,14509,17,5,89,7,10,6,0,0,18,10,2008,18860,970,4988928,9400320,1724416,4112384,7,44,50000000,50000000,1,1,0.030517578125,0.012520032051282052,2.4375,1,1,
measured_paired,2026-07-19T10:40:42.559467+00:00,4924a5d60e36451ff68f2e2aecb3766d0fc3cd871f2e95c9b8c1ae4bd12dbc3f,Debug,14,0,native_first,20260733,phase8-paired-126-14-1784457642410231100,126,1024,6769c63cf3df14f5f4f455d213b46813d2773d572d8abe4f65dabfff18cb7960,31000,47000,7509,39248,59547,0.0,62.5,0.0,0.0,23491,7752,17,4,77,6,9,6,0,0,17,11,1906,20131,936,5177344,9408512,1720320,4120576,18,31,47642857,47642857,1,1,0.03150201612903226,0.020777925531914893,1.5161290322580645,1,1,
measured_paired,2026-07-19T10:40:42.706547+00:00,4924a5d60e36451ff68f2e2aecb3766d0fc3cd871f2e95c9b8c1ae4bd12dbc3f,Debug,15,0,vbs_first,20260734,phase8-paired-126-15-1784457642561476500,126,1024,9bfc87756e0a409beb159fea24b9d3c414ffcfea79aef0cd054e226757537c73,16000,62000,9707,47323,70931,0.0,31.25,0.0,0.0,6293,14677,14,8,62,11,7,9,0,0,13,13,1951,19086,979,5005312,9404416,1732608,4124672,8,33,53682539,53682539,1,1,0.06103515625,0.01575100806451613,3.875,1,1,
measured_paired,2026-07-19T10:40:42.854638+00:00,4924a5d60e36451ff68f2e2aecb3766d0fc3cd871f2e95c9b8c1ae4bd12dbc3f,Debug,16,0,native_first,20260735,phase8-paired-126-16-1784457642708545200,126,1024,738e5fb042914aead6abadecaa0b74caa8bdda8da2fe193e89d776df5c6df8ac,31000,47000,11149,39099,67013,31.25,46.875,0.0,0.0,19851,7901,14,5,53,8,10,6,0,0,15,11,1997,18693,983,5042176,9396224,1761280,4108288,16,27,50277777,50277777,1,1,0.03150201612903226,0.020777925531914893,1.5161290322580645,1,1,
measured_paired,2026-07-19T10:40:43.001189+00:00,4924a5d60e36451ff68f2e2aecb3766d0fc3cd871f2e95c9b8c1ae4bd12dbc3f,Debug,17,0,vbs_first,20260736,phase8-paired-126-17-1784457642856641000,126,1024,921c2dacdab15bc297b51aa1f435228a2cab99af33ea5edb3e2e4929e4a176c0,31000,62000,24878,45702,58352,15.625,46.875,0.0,0.0,6122,16298,16,4,66,6,8,6,0,0,13,10,1883,19886,1005,5091328,9388032,1777664,4104192,9,39,49341269,49341269,1,1,0.03150201612903226,0.01575100806451613,2.0,1,1,
measured_paired,2026-07-19T10:40:43.136824+00:00,4924a5d60e36451ff68f2e2aecb3766d0fc3cd871f2e95c9b8c1ae4bd12dbc3f,Debug,18,0,native_first,20260737,phase8-paired-126-18-1784457643003782600,126,1024,620376d7b0cb9f11f324e3c6d76cf51eac45376d21b03847dc7a21e46322a2bd,31000,31000,8811,23025,57697,15.625,31.25,0.0,0.0,22189,7975,14,5,67,9,8,6,0,0,13,11,1995,17319,904,4628480,9408512,1724416,4136960,17,20,53476190,53476190,1,1,0.03150201612903226,0.03150201612903226,1.0,1,1,
measured_paired,2026-07-19T10:40:43.276928+00:00,4924a5d60e36451ff68f2e2aecb3766d0fc3cd871f2e95c9b8c1ae4bd12dbc3f,Debug,19,0,vbs_first,20260738,phase8-paired-126-19-1784457643138831400,126,1024,c70414dac606e61296c34bf53d48ae8456f5fa35190b99f6bfb3751da6372261,16000,62000,9958,46989,59633,0.0,31.25,0.0,0.0,6042,15011,12,7,46,9,7,6,0,0,15,29,1890,18501,882,5181440,9408512,1695744,4132864,7,34,50460317,50460317,1,1,0.06103515625,0.01575100806451613,3.875,1,1,
measured_paired,2026-07-19T10:40:43.420096+00:00,4924a5d60e36451ff68f2e2aecb3766d0fc3cd871f2e95c9b8c1ae4bd12dbc3f,Debug,20,0,native_first,20260739,phase8-paired-126-20-1784457643278939300,126,1024,346e0abe750b6966f723f89da68f7b62b565ecb1744181ee9d1fa18ec905bb86,31000,47000,7691,39016,66662,15.625,31.25,0.0,0.0,23309,7984,12,6,47,9,8,6,0,0,12,12,2016,20071,977,5189632,9400320,1736704,4124672,18,20,51468253,51468253,1,1,0.03150201612903226,0.020777925531914893,1.5161290322580645,1,1,
measured_paired,2026-07-19T10:40:43.572497+00:00,4924a5d60e36451ff68f2e2aecb3766d0fc3cd871f2e95c9b8c1ae4bd12dbc3f,Debug,21,0,vbs_first,20260740,phase8-paired-126-21-1784457643421600600,126,1024,43d40ae1e975167e1bbc5677c44d2c1ccfc883a4c6a61f4171c445e114c520ea,16000,78000,9983,62561,65738,15.625,62.5,0.0,0.0,6017,15439,12,6,50,9,8,6,0,0,19,12,1935,19382,949,5169152,9396224,1720320,4120576,8,39,49111111,49111111,1,1,0.06103515625,0.012520032051282052,4.875,1,1,
measured_paired,2026-07-19T10:40:43.712982+00:00,4924a5d60e36451ff68f2e2aecb3766d0fc3cd871f2e95c9b8c1ae4bd12dbc3f,Debug,22,0,native_first,20260741,phase8-paired-126-22-1784457643574496300,126,1024,f4c023d5c656695cddeee11b9c0b22aeadd42faf805112a8ec0066e150c7cf25,32000,47000,9648,39139,55760,15.625,46.875,0.0,0.0,22352,7861,19,5,89,8,11,6,0,0,18,11,1917,18481,897,5160960,9379840,1785856,4096000,18,25,51444444,51444444,1,1,0.030517578125,0.020777925531914893,1.46875,1,1,
measured_paired,2026-07-19T10:40:43.867874+00:00,4924a5d60e36451ff68f2e2aecb3766d0fc3cd871f2e95c9b8c1ae4bd12dbc3f,Debug,23,0,vbs_first,20260742,phase8-paired-126-23-1784457643715194200,126,1024,35b48d115ff9a96c4de9acd021239d052ffcdb74c54de441c72aaf1398ff5346,15000,63000,8772,47517,73432,0.0,31.25,0.0,0.0,6228,15483,17,4,71,6,10,6,0,0,25,11,2029,20045,984,5189632,9392128,1740800,4112384,8,34,50769841,50769841,1,1,0.06510416666666667,0.015500992063492064,4.2,1,1,
measured_paired,2026-07-19T10:40:44.022532+00:00,4924a5d60e36451ff68f2e2aecb3766d0fc3cd871f2e95c9b8c1ae4bd12dbc3f,Debug,24,0,native_first,20260743,phase8-paired-126-24-1784457643868873900,126,1024,5fc3a83894c40abc79d4d4c731ab37e870dd3f533e00e4207375621d59691834,32000,46000,9316,37816,74778,15.625,31.25,0.0,0.0,22684,8184,14,4,44,7,9,8,0,0,14,14,2222,18771,974,5177344,9400320,1720320,4108288,19,25,50793650,50793650,1,1,0.030517578125,0.021229619565217392,1.4375,1,1,
measured_paired,2026-07-19T10:40:44.186805+00:00,4924a5d60e36451ff68f2e2aecb3766d0fc3cd871f2e95c9b8c1ae4bd12dbc3f,Debug,25,0,vbs_first,20260744,phase8-paired-126-25-1784457644025527900,126,1024,4224de05f175113162d9241d6239ff8bb1f2ccf9a2f8d00589ef3fa8786a6c6d,15000,78000,8867,62842,60765,15.625,78.125,0.0,0.0,6133,15158,12,4,68,6,8,6,0,0,13,10,1947,18629,1373,5001216,9400320,1740800,4112384,7,49,55952380,55952380,1,1,0.06510416666666667,0.012520032051282052,5.2,1,1,
measured_paired,2026-07-19T10:40:44.329852+00:00,4924a5d60e36451ff68f2e2aecb3766d0fc3cd871f2e95c9b8c1ae4bd12dbc3f,Debug,26,0,native_first,20260745,phase8-paired-126-26-1784457644188806100,126,1024,d85d42fc4297a5d82ecf49a8a475cba56247d956a2a2b5d7adb41480431aa511,32000,47000,10420,38476,60208,15.625,46.875,0.0,0.0,21580,8524,16,4,71,6,10,7,0,0,16,11,2282,18592,934,5181440,9404416,1728512,4124672,17,27,50476190,50476190,1,1,0.030517578125,0.020777925531914893,1.46875,1,1,
measured_paired,2026-07-19T10:40:44.481601+00:00,4924a5d60e36451ff68f2e2aecb3766d0fc3cd871f2e95c9b8c1ae4bd12dbc3f,Debug,27,0,vbs_first,20260746,phase8-paired-126-27-1784457644331398600,126,1024,da1692d89664921c02febb7c3ca28de5d2a13decc963f864a27d015294b1c226,16000,47000,9935,30813,74196,15.625,93.75,0.0,0.0,6065,16187,12,6,54,8,8,6,0,0,13,11,2017,18211,1144,5001216,9396224,1716224,4104192,7,32,49277777,49277777,1,1,0.06103515625,0.020777925531914893,2.9375,1,1,
measured_paired,2026-07-19T10:40:44.636490+00:00,4924a5d60e36451ff68f2e2aecb3766d0fc3cd871f2e95c9b8c1ae4bd12dbc3f,Debug,28,0,native_first,20260747,phase8-paired-126-28-1784457644483834700,126,1024,c266f40b905d1f4207cd5598e98cd79d5c574425208d9db40b9aa37646125070,47000,31000,22814,22885,74120,15.625,46.875,0.0,0.0,24186,8115,13,6,49,9,8,6,0,0,14,11,2031,19875,1156,5222400,9396224,1798144,4104192,18,23,47674603,47674603,1,1,0.020777925531914893,0.03150201612903226,0.6595744680851063,1,1,
measured_paired,2026-07-19T10:40:44.812780+00:00,4924a5d60e36451ff68f2e2aecb3766d0fc3cd871f2e95c9b8c1ae4bd12dbc3f,Debug,29,0,vbs_first,20260748,phase8-paired-126-29-1784457644638999100,126,1024,08aeb5a4c1e1021364181ce4660ab03c778af4c2fca898ec9125fc79a557796f,16000,78000,9828,55983,83816,0.0,46.875,0.0,0.0,6172,22017,15,6,69,8,10,7,0,0,15,11,2134,19766,981,5296128,9416704,1810432,4128768,8,40,45396825,45396825,1,1,0.06103515625,0.012520032051282052,4.875,1,1,
measured_paired,2026-07-19T10:40:44.968876+00:00,4924a5d60e36451ff68f2e2aecb3766d0fc3cd871f2e95c9b8c1ae4bd12dbc3f,Debug,30,0,native_first,20260749,phase8-paired-126-30-1784457644815787400,126,1024,fe8d467346d433b8a04c22aba5bd9b3ac8aa4f679e065f7db8b7924f7bc5c2b2,32000,31000,8773,22804,78869,0.0,46.875,0.0,0.0,23227,8196,15,4,56,6,9,6,0,0,15,11,2191,19115,931,5120000,9404416,1765376,4124672,19,22,51365079,51365079,1,1,0.030517578125,0.03150201612903226,0.96875,1,1,
measured_paired,2026-07-19T10:40:45.270503+00:00,4924a5d60e36451ff68f2e2aecb3766d0fc3cd871f2e95c9b8c1ae4bd12dbc3f,Debug,1,0,vbs_first,20260720,phase8-paired-510-1-1784457645116212800,510,4096,cbb7cfb4d8cb261a8c4609a180e0759adfc4b2ea4213e0a50509b2f56faae619,15000,63000,9001,47059,78332,15.625,46.875,0.0,0.0,5999,15941,22,41,46,13,27,23,0,0,11,13,1928,18840,958,5120000,9437184,1748992,4153344,7,35,49956862,49956862,1,1,0.2604166666666667,0.062003968253968256,4.2,1,1,
measured_paired,2026-07-19T10:40:45.419558+00:00,4924a5d60e36451ff68f2e2aecb3766d0fc3cd871f2e95c9b8c1ae4bd12dbc3f,Debug,2,0,native_first,20260721,phase8-paired-510-2-1784457645272517700,510,4096,6415d788f940600a731d15e6ee8d912ba3eb167c37d1af89f5e9681a9c665668,31000,47000,8930,38340,60697,15.625,46.875,0.0,0.0,22070,8660,24,33,62,11,28,23,0,0,17,11,2154,18946,879,5046272,9465856,1748992,4182016,18,28,50003921,50003921,1,1,0.12600806451612903,0.08311170212765957,1.5161290322580645,1,1,
measured_paired,2026-07-19T10:40:45.599176+00:00,4924a5d60e36451ff68f2e2aecb3766d0fc3cd871f2e95c9b8c1ae4bd12dbc3f,Debug,3,0,vbs_first,20260722,phase8-paired-510-3-1784457645421566600,510,4096,c45e0b0b6cb4c5e6398425619bb95a7ba627565c25656b9a508ab515f5e2f47b,15000,63000,8634,46783,98736,0.0,31.25,0.0,0.0,6366,16217,23,25,56,9,32,25,0,0,16,12,2104,19778,1026,5079040,9461760,1781760,4173824,8,32,52352941,52352941,1,1,0.2604166666666667,0.062003968253968256,4.2,1,1,
measured_paired,2026-07-19T10:40:45.761550+00:00,4924a5d60e36451ff68f2e2aecb3766d0fc3cd871f2e95c9b8c1ae4bd12dbc3f,Debug,4,0,native_first,20260723,phase8-paired-510-4-1784457645601687100,510,4096,bc313e1343141ba9738f75dda9c5cb66887a274338ade20c950375cacf5e81c0,31000,47000,5166,38002,74440,15.625,46.875,0.0,0.0,25834,8998,19,31,46,9,31,27,0,0,20,12,2560,20052,1017,5017600,9457664,1720320,4177920,21,26,50243137,50243137,1,1,0.12600806451612903,0.08311170212765957,1.5161290322580645,1,1,
measured_paired,2026-07-19T10:40:45.941244+00:00,4924a5d60e36451ff68f2e2aecb3766d0fc3cd871f2e95c9b8c1ae4bd12dbc3f,Debug,5,0,vbs_first,20260724,phase8-paired-510-5-1784457645765518100,510,4096,18ca4e4f916cde559ee402e165c999d1ed878a4590feb607c0b073a4a9067db8,15000,94000,8897,72362,68189,0.0,46.875,0.0,0.0,6103,21638,23,41,58,11,34,33,0,0,15,15,3023,22572,1287,5189632,9445376,1716224,4157440,8,33,51525490,51525490,1,1,0.2604166666666667,0.041555851063829786,6.266666666666667,1,1,
measured_paired,2026-07-19T10:40:46.101922+00:00,4924a5d60e36451ff68f2e2aecb3766d0fc3cd871f2e95c9b8c1ae4bd12dbc3f,Debug,6,0,native_first,20260725,phase8-paired-510-6-1784457645944251900,510,4096,baab0e0e258e35905c8e59af5e5a51d0871b00c57ffa7f6030d69ac4be328b0c,32000,47000,7000,38291,71210,0.0,31.25,0.0,0.0,25000,8709,20,38,51,9,31,27,0,0,15,13,2209,21303,1189,5181440,9437184,1724416,4145152,21,24,51976470,51976470,1,1,0.1220703125,0.08311170212765957,1.46875,1,1,
measured_paired,2026-07-19T10:40:46.270101+00:00,4924a5d60e36451ff68f2e2aecb3766d0fc3cd871f2e95c9b8c1ae4bd12dbc3f,Debug,7,0,vbs_first,20260726,phase8-paired-510-7-1784457646105598200,510,4096,43c9d5274b793f6ba3dcabad76268923ec6047d7c87c1413a0bbc84444c6e964,31000,62000,24885,44700,79518,15.625,31.25,0.0,0.0,6115,17300,18,53,54,11,31,25,0,0,14,13,2283,19172,1003,5009408,9445376,1724416,4157440,7,38,50235294,50235294,1,1,0.12600806451612903,0.06300403225806452,2.0,1,1,
measured_paired,2026-07-19T10:40:46.440172+00:00,4924a5d60e36451ff68f2e2aecb3766d0fc3cd871f2e95c9b8c1ae4bd12dbc3f,Debug,8,0,native_first,20260727,phase8-paired-510-8-1784457646273620100,510,4096,3656c52c2683bed33442617913bf652817e6b88cdc5d8578765d574bb9fd9e69,31000,47000,5285,38518,81965,15.625,31.25,0.0,0.0,25715,8482,22,29,53,8,29,24,0,0,13,11,2052,19622,1080,5013504,9445376,1732608,4161536,20,25,48876470,48876470,1,1,0.12600806451612903,0.08311170212765957,1.5161290322580645,1,1,
measured_paired,2026-07-19T10:40:46.610324+00:00,4924a5d60e36451ff68f2e2aecb3766d0fc3cd871f2e95c9b8c1ae4bd12dbc3f,Debug,9,0,vbs_first,20260728,phase8-paired-510-9-1784457646442377300,510,4096,1584ccdf092c0eb58540f9530d2ba7d4d1922df3365e561d4af20aee242a0ee0,16000,63000,9865,47733,82691,0.0,46.875,0.0,0.0,6135,15267,23,39,74,10,27,29,0,0,18,14,2129,18643,1100,5009408,9449472,1740800,4169728,7,38,52507843,52507843,1,1,0.244140625,0.062003968253968256,3.9375,1,1,
measured_paired,2026-07-19T10:40:46.759772+00:00,4924a5d60e36451ff68f2e2aecb3766d0fc3cd871f2e95c9b8c1ae4bd12dbc3f,Debug,10,0,native_first,20260729,phase8-paired-510-10-1784457646611324600,510,4096,e4520c3e7792021195c3fefd585763e69cfa20ee35c26e8dbb138a4a2c3e1622,32000,46000,8404,37527,70344,0.0,46.875,0.0,0.0,23596,8473,25,30,70,10,28,23,0,0,18,11,2158,19049,940,5128192,9445376,1773568,4161536,19,23,50576470,50576470,1,1,0.1220703125,0.08491847826086957,1.4375,1,1,
measured_paired,2026-07-19T10:40:46.907462+00:00,4924a5d60e36451ff68f2e2aecb3766d0fc3cd871f2e95c9b8c1ae4bd12dbc3f,Debug,11,0,vbs_first,20260730,phase8-paired-510-11-1784457646762906400,510,4096,5413bc1cb98c118694b78553aca9cfbafe5dfa3d53e1f9cdacaa5562dac89d4c,16000,78000,9658,61655,55570,15.625,46.875,0.0,0.0,6342,16345,23,27,71,11,28,46,0,0,16,14,1908,18624,896,5193728,9449472,1736704,4161536,8,41,49033333,49033333,1,1,0.244140625,0.05008012820512821,4.875,1,1,
measured_paired,2026-07-19T10:40:47.075276+00:00,4924a5d60e36451ff68f2e2aecb3766d0fc3cd871f2e95c9b8c1ae4bd12dbc3f,Debug,12,0,native_first,20260731,phase8-paired-510-12-1784457646909471500,510,4096,87712ada6f7ccad7c3c12157bd2775fc92411935a65f19b42634978c815bc247,31000,63000,9582,54750,62768,15.625,62.5,0.0,0.0,21418,8250,26,30,73,10,27,23,0,0,19,11,1916,17488,884,5079040,9469952,1785856,4182016,17,40,48201960,48201960,1,1,0.12600806451612903,0.062003968253968256,2.032258064516129,1,1,
measured_paired,2026-07-19T10:40:47.229610+00:00,4924a5d60e36451ff68f2e2aecb3766d0fc3cd871f2e95c9b8c1ae4bd12dbc3f,Debug,13,0,vbs_first,20260732,phase8-paired-510-13-1784457647078366900,510,4096,57d534afb275fc74e5ef4d6d5dbf61486283c2f858b4c3e91b78abdfbe685984,16000,63000,9849,46943,73460,15.625,31.25,0.0,0.0,6151,16057,18,46,51,14,27,23,0,0,13,12,1926,18088,891,5197824,9437184,1716224,4149248,7,35,48005882,48005882,1,1,0.244140625,0.062003968253968256,3.9375,1,1,
measured_paired,2026-07-19T10:40:47.393004+00:00,4924a5d60e36451ff68f2e2aecb3766d0fc3cd871f2e95c9b8c1ae4bd12dbc3f,Debug,14,0,native_first,20260733,phase8-paired-510-14-1784457647232116700,510,4096,cdb903f1703c658edb6d880e613d2e449218d28d2e95a7da25222373a2963122,31000,62000,8725,53613,67161,15.625,46.875,0.0,0.0,22275,8387,32,32,74,10,28,23,0,0,20,11,1924,19340,992,5197824,9441280,1748992,4161536,18,34,49313725,49313725,1,1,0.12600806451612903,0.06300403225806452,2.0,1,1,
measured_paired,2026-07-19T10:40:47.545524+00:00,4924a5d60e36451ff68f2e2aecb3766d0fc3cd871f2e95c9b8c1ae4bd12dbc3f,Debug,15,0,vbs_first,20260734,phase8-paired-510-15-1784457647394289200,510,4096,9b91d5f44446e2e07e2048f0c7e2075a2202d708a7b3d3236d99c240e7101beb,16000,62000,10015,45871,71154,15.625,46.875,0.0,0.0,5985,16129,16,28,83,8,26,23,0,0,12,10,1895,17580,1006,5181440,9453568,1732608,4173824,7,36,50900000,50900000,1,1,0.244140625,0.06300403225806452,3.875,1,1,
measured_paired,2026-07-19T10:40:47.711139+00:00,4924a5d60e36451ff68f2e2aecb3766d0fc3cd871f2e95c9b8c1ae4bd12dbc3f,Debug,16,0,native_first,20260735,phase8-paired-510-16-1784457647547029000,510,4096,cd1e79094c30743255dc982d6adf5da46d1f9740149b5acc37576f41a23a7f26,47000,47000,23748,38847,73587,15.625,46.875,0.0,0.0,23252,8153,26,30,81,11,27,23,0,0,19,12,1940,18918,923,5001216,9445376,1732608,4161536,18,32,49490196,49490196,1,1,0.08311170212765957,0.08311170212765957,1.0,1,1,
measured_paired,2026-07-19T10:40:47.859685+00:00,4924a5d60e36451ff68f2e2aecb3766d0fc3cd871f2e95c9b8c1ae4bd12dbc3f,Debug,17,0,vbs_first,20260736,phase8-paired-510-17-1784457647714010700,510,4096,92e67ba41f1853c32e254dcb49531325101978b1137bc98290ccfc2332a722a9,15000,63000,9015,47514,64964,0.0,31.25,0.0,0.0,5985,15486,19,32,52,11,27,23,0,0,12,11,1957,20248,1002,5214208,9453568,1802240,4165632,7,38,49796078,49796078,1,1,0.2604166666666667,0.062003968253968256,4.2,1,1,
measured_paired,2026-07-19T10:40:48.004317+00:00,4924a5d60e36451ff68f2e2aecb3766d0fc3cd871f2e95c9b8c1ae4bd12dbc3f,Debug,18,0,native_first,20260737,phase8-paired-510-18-1784457647862710900,510,4096,7decda09d9f8a8ab37216b22becfcf949b36860ba6488037e6f7ec8ce2c3f1ca,32000,46000,10045,37412,64634,15.625,46.875,0.0,0.0,21955,8588,33,37,85,11,39,23,0,0,19,11,1955,20382,965,5218304,9465856,1802240,4182016,18,22,51158823,51158823,1,1,0.1220703125,0.08491847826086957,1.4375,1,1,
measured_paired,2026-07-19T10:40:48.159118+00:00,4924a5d60e36451ff68f2e2aecb3766d0fc3cd871f2e95c9b8c1ae4bd12dbc3f,Debug,19,0,vbs_first,20260738,phase8-paired-510-19-1784457648006321300,510,4096,26ef868dd49f520cbdd5d6c247541742c8e4f4d4568e362eeb0c74ea7dd5e00e,32000,62000,26066,45792,62835,15.625,46.875,0.0,0.0,5934,16208,19,32,56,11,27,23,0,0,13,11,1898,19219,1060,5013504,9437184,1736704,4149248,8,41,49437254,49437254,1,1,0.1220703125,0.06300403225806452,1.9375,1,1,
measured_paired,2026-07-19T10:40:48.319617+00:00,4924a5d60e36451ff68f2e2aecb3766d0fc3cd871f2e95c9b8c1ae4bd12dbc3f,Debug,20,0,native_first,20260739,phase8-paired-510-20-1784457648161574700,510,4096,dfd0e35915adb575946f89e203019f7dbf5b8ec3fb7880faf96369350515472d,31000,47000,9640,38180,79115,15.625,46.875,0.0,0.0,21360,8820,18,27,48,9,27,22,0,0,12,13,1875,21540,1076,5251072,9445376,1818624,4157440,17,25,50458823,50458823,1,1,0.12600806451612903,0.08311170212765957,1.5161290322580645,1,1,
measured_paired,2026-07-19T10:40:48.477237+00:00,4924a5d60e36451ff68f2e2aecb3766d0fc3cd871f2e95c9b8c1ae4bd12dbc3f,Debug,21,0,vbs_first,20260740,phase8-paired-510-21-1784457648322621700,510,4096,4885c6359093f974a0fe51f12604fcb09f19c18271d8a449dbd19b05393698ae,15000,79000,8758,62968,63371,15.625,62.5,0.0,0.0,6242,16032,25,32,69,11,28,26,0,0,16,12,2129,17295,908,4993024,9445376,1724416,4169728,7,42,51068627,51068627,1,1,0.2604166666666667,0.04944620253164557,5.266666666666667,1,1,
measured_paired,2026-07-19T10:40:48.631248+00:00,4924a5d60e36451ff68f2e2aecb3766d0fc3cd871f2e95c9b8c1ae4bd12dbc3f,Debug,22,0,native_first,20260741,phase8-paired-510-22-1784457648479240700,510,4096,46573cbc83668c57bcbb197787c51efe38d7ad80fb4d00c892570692d022da90,31000,62000,9158,53664,66235,0.0,46.875,0.0,0.0,21842,8336,18,30,58,12,27,24,0,0,14,12,2018,19149,1093,4976640,9449472,1732608,4169728,17,30,49933333,49933333,1,1,0.12600806451612903,0.06300403225806452,2.0,1,1,
measured_paired,2026-07-19T10:40:48.779782+00:00,4924a5d60e36451ff68f2e2aecb3766d0fc3cd871f2e95c9b8c1ae4bd12dbc3f,Debug,23,0,vbs_first,20260742,phase8-paired-510-23-1784457648633251500,510,4096,1a04886921e092400b84a88d97e0a7b354c122d07d9d006d85483d0175999b59,32000,62000,25934,45131,58215,15.625,31.25,0.0,0.0,6066,16869,22,29,63,11,27,23,0,0,15,11,1988,20676,969,5181440,9445376,1732608,4161536,7,42,50254901,50254901,1,1,0.1220703125,0.06300403225806452,1.9375,1,1,
measured_paired,2026-07-19T10:40:48.932841+00:00,4924a5d60e36451ff68f2e2aecb3766d0fc3cd871f2e95c9b8c1ae4bd12dbc3f,Debug,24,0,native_first,20260743,phase8-paired-510-24-1784457648782332400,510,4096,f10987bd2e22246ddc04c4b35ff9285a6dcf82f2237bc6e2fe3cc722aee8e4d6,31000,32000,7240,23882,72570,15.625,31.25,0.0,0.0,23760,8118,23,28,65,8,28,23,0,0,18,11,1887,19153,1157,5005312,9433088,1736704,4153344,19,21,48692156,48692156,1,1,0.12600806451612903,0.1220703125,1.032258064516129,1,1,
measured_paired,2026-07-19T10:40:49.103432+00:00,4924a5d60e36451ff68f2e2aecb3766d0fc3cd871f2e95c9b8c1ae4bd12dbc3f,Debug,25,0,vbs_first,20260744,phase8-paired-510-25-1784457648934845700,510,4096,17f117d1993170f2f7b248c19da7ada717578cbd6a2cafd2737bbf6a8651e77d,16000,62000,9711,45918,87716,15.625,31.25,0.0,0.0,6289,16082,27,32,89,10,34,23,0,0,17,11,1933,18013,887,5013504,9449472,1732608,4157440,8,35,51939215,51939215,1,1,0.244140625,0.06300403225806452,3.875,1,1,
measured_paired,2026-07-19T10:40:49.238897+00:00,4924a5d60e36451ff68f2e2aecb3766d0fc3cd871f2e95c9b8c1ae4bd12dbc3f,Debug,26,0,native_first,20260745,phase8-paired-510-26-1784457649105455600,510,4096,aad0d696ebb210e41bff8b7e570e253c280f28dea242363fae7aaca84e9c0985,31000,47000,9967,38721,59458,15.625,31.25,0.0,0.0,21033,8279,22,36,66,11,34,23,0,0,17,12,1912,17754,897,5017600,9445376,1736704,4165632,17,22,50611764,50611764,1,1,0.12600806451612903,0.08311170212765957,1.5161290322580645,1,1,
measured_paired,2026-07-19T10:40:49.390066+00:00,4924a5d60e36451ff68f2e2aecb3766d0fc3cd871f2e95c9b8c1ae4bd12dbc3f,Debug,27,0,vbs_first,20260746,phase8-paired-510-27-1784457649241383100,510,4096,deee8ea8877b5a21cab2bde6f0600be4a1e9aba5e2a47ecd39d7025ba3707899,15000,63000,8923,47012,65939,0.0,46.875,0.0,0.0,6077,15988,19,28,49,8,28,24,0,0,13,29,2116,19079,886,5107712,9453568,1712128,4173824,8,36,49001960,49001960,1,1,0.2604166666666667,0.062003968253968256,4.2,1,1,
measured_paired,2026-07-19T10:40:49.561973+00:00,4924a5d60e36451ff68f2e2aecb3766d0fc3cd871f2e95c9b8c1ae4bd12dbc3f,Debug,28,0,native_first,20260747,phase8-paired-510-28-1784457649392873800,510,4096,c7d0159ff31aa71aef790054f82742240c6fdaca059b124e47b27653dde7dae2,31000,62000,8052,53475,61666,15.625,109.375,0.0,0.0,22948,8525,19,30,51,10,29,25,0,0,14,12,2124,19198,1191,5046272,9453568,1748992,4169728,18,42,48296078,48296078,1,1,0.12600806451612903,0.06300403225806452,2.0,1,1,
measured_paired,2026-07-19T10:40:49.718428+00:00,4924a5d60e36451ff68f2e2aecb3766d0fc3cd871f2e95c9b8c1ae4bd12dbc3f,Debug,29,0,vbs_first,20260748,phase8-paired-510-29-1784457649564063200,510,4096,abe6da47e11939db534d984142eff5b34f5a8aa4b3ac9e840b4da6fa58631352,16000,63000,9973,46379,64189,0.0,46.875,0.0,0.0,6027,16621,29,30,63,11,28,23,0,0,13,12,1974,18855,1061,5013504,9449472,1732608,4169728,7,43,49221568,49221568,1,1,0.244140625,0.062003968253968256,3.9375,1,1,
measured_paired,2026-07-19T10:40:49.863140+00:00,4924a5d60e36451ff68f2e2aecb3766d0fc3cd871f2e95c9b8c1ae4bd12dbc3f,Debug,30,0,native_first,20260749,phase8-paired-510-30-1784457649720434600,510,4096,24ba1641768fde1e631ed64ac9f515ad69b500e232d2dc4fd9be1a0571c4bd9d,31000,47000,8659,38572,63666,15.625,93.75,0.0,0.0,22341,8428,29,26,98,9,40,25,0,0,21,12,2114,19626,1060,5017600,9445376,1740800,4153344,18,23,50739215,50739215,1,1,0.12600806451612903,0.08311170212765957,1.5161290322580645,1,1,
measured_paired,2026-07-19T10:40:50.191765+00:00,4924a5d60e36451ff68f2e2aecb3766d0fc3cd871f2e95c9b8c1ae4bd12dbc3f,Debug,1,0,vbs_first,20260720,phase8-paired-2046-1-1784457650030022400,2046,16384,a69c6ae7fdbcb56fb10080e8a5f08b3b5604e8c99d6769c3a9aa979a27b36da4,15000,78000,8877,59699,69192,0.0,31.25,0.0,0.0,6123,18301,23,533,54,46,107,91,0,0,12,14,1889,20030,1011,5070848,9457664,1781760,4243456,7,44,49533724,49533724,1,1,1.0416666666666667,0.20032051282051283,5.2,1,1,
measured_paired,2026-07-19T10:40:50.341326+00:00,4924a5d60e36451ff68f2e2aecb3766d0fc3cd871f2e95c9b8c1ae4bd12dbc3f,Debug,2,0,native_first,20260721,phase8-paired-2046-2-1784457650194772900,2046,16384,08dbe7f34fb142083537d27d5d4bbe29f004fc51e09598a51b1c95123d403751,32000,47000,8052,37015,64637,0.0,31.25,0.0,0.0,23948,9985,39,164,82,83,118,90,0,0,17,12,1892,18722,945,5148672,9445376,1781760,4243456,20,25,50336265,50336265,1,1,0.48828125,0.3324468085106383,1.46875,1,1,
measured_paired,2026-07-19T10:40:50.509316+00:00,4924a5d60e36451ff68f2e2aecb3766d0fc3cd871f2e95c9b8c1ae4bd12dbc3f,Debug,3,0,vbs_first,20260722,phase8-paired-2046-3-1784457650344610800,2046,16384,e1391a8f7c86e76c33af6741bd6220a6b82be401bd83f674dabce2aeddfa6259,16000,62000,9725,45789,79493,31.25,46.875,0.0,0.0,6275,16211,50,114,59,45,104,115,0,0,14,18,2113,17872,894,5017600,9457664,1757184,4239360,7,38,51562072,51562072,1,1,0.9765625,0.25201612903225806,3.875,1,1,
measured_paired,2026-07-19T10:40:50.678739+00:00,4924a5d60e36451ff68f2e2aecb3766d0fc3cd871f2e95c9b8c1ae4bd12dbc3f,Debug,4,0,native_first,20260723,phase8-paired-2046-4-1784457650513682000,2046,16384,53c251626e50d5456307281bc6c1e831a2b4182bbb4f857ab4d43e6b60531861,31000,78000,9189,68389,66237,31.25,62.5,0.0,0.0,21811,9611,34,132,98,46,104,89,0,0,18,11,1879,19278,885,5189632,9461760,1753088,4255744,18,38,49634897,49634897,1,1,0.5040322580645161,0.20032051282051283,2.5161290322580645,1,1,
measured_paired,2026-07-19T10:40:50.843675+00:00,4924a5d60e36451ff68f2e2aecb3766d0fc3cd871f2e95c9b8c1ae4bd12dbc3f,Debug,5,0,vbs_first,20260724,phase8-paired-2046-5-1784457650682657000,2046,16384,325dcc8c4068f0ccabfc1a6d4af08219194e6cc94025e1dd17d9f89974aed8ca,16000,62000,9872,45024,77011,15.625,31.25,0.0,0.0,6128,16976,21,121,49,46,107,89,0,0,12,12,1908,18400,1366,5021696,9449472,1757184,4235264,7,37,49987781,49987781,1,1,0.9765625,0.25201612903225806,3.875,1,1,
measured_paired,2026-07-19T10:40:50.988628+00:00,4924a5d60e36451ff68f2e2aecb3766d0fc3cd871f2e95c9b8c1ae4bd12dbc3f,Debug,6,0,native_first,20260725,phase8-paired-2046-6-1784457650846684900,2046,16384,a472aa527d91027099020bb1fadb9d850cd7312bc4821983d0edc5cd3c4698e4,31000,47000,8435,37205,63161,15.625,46.875,0.0,0.0,22565,9795,40,138,114,47,103,90,0,0,19,12,1877,18623,898,5214208,9453568,1757184,4300800,19,24,50887096,50887096,1,1,0.5040322580645161,0.3324468085106383,1.5161290322580645,1,1,
measured_paired,2026-07-19T10:40:51.138457+00:00,4924a5d60e36451ff68f2e2aecb3766d0fc3cd871f2e95c9b8c1ae4bd12dbc3f,Debug,7,0,vbs_first,20260726,phase8-paired-2046-7-1784457650991134800,2046,16384,a75f88a66d74ceafe1ef8e21b5e379843120ab576980fb52474522b6c7150bda,15000,63000,8895,45876,61445,0.0,46.875,0.0,0.0,6105,17124,21,173,47,41,104,104,0,0,13,13,1920,17608,872,5021696,9457664,1761280,4304896,7,40,50351906,50351906,1,1,1.0416666666666667,0.24801587301587302,4.2,1,1,
measured_paired,2026-07-19T10:40:51.313625+00:00,4924a5d60e36451ff68f2e2aecb3766d0fc3cd871f2e95c9b8c1ae4bd12dbc3f,Debug,8,0,native_first,20260727,phase8-paired-2046-8-1784457651141963700,2046,16384,8ae89ef0eb817e20cf9a3195a126fa7e43aa5f1e1111418a690f64b6e79f1a81,31000,62000,8798,52413,66428,15.625,109.375,0.0,0.0,22202,9587,43,134,81,44,102,89,0,0,20,11,1873,19929,961,5218304,9461760,1765376,4304896,19,38,49779569,49779569,1,1,0.5040322580645161,0.25201612903225806,2.0,1,1,
measured_paired,2026-07-19T10:40:51.477669+00:00,4924a5d60e36451ff68f2e2aecb3766d0fc3cd871f2e95c9b8c1ae4bd12dbc3f,Debug,9,0,vbs_first,20260728,phase8-paired-2046-9-1784457651316633100,2046,16384,aeaf36893b6f5e7ece30e263bd43681b3a079684477cee66d1869ada98569b14,15000,79000,8847,60779,62471,15.625,62.5,0.0,0.0,6153,18221,36,130,67,46,102,91,0,0,13,11,2152,19459,889,5185536,9453568,1822720,4247552,7,45,50611925,50611925,1,1,1.0416666666666667,0.19778481012658228,5.266666666666667,1,1,
measured_paired,2026-07-19T10:40:51.621806+00:00,4924a5d60e36451ff68f2e2aecb3766d0fc3cd871f2e95c9b8c1ae4bd12dbc3f,Debug,10,0,native_first,20260729,phase8-paired-2046-10-1784457651479667400,2046,16384,c64664875dce01ab1e0454bb009b1a69712229b7af737fcfd081ae6e371996e0,31000,47000,9061,37392,62436,0.0,31.25,0.0,0.0,21939,9608,44,128,111,46,106,89,0,0,19,11,1907,18568,1066,5017600,9449472,1748992,4255744,18,24,50283479,50283479,1,1,0.5040322580645161,0.3324468085106383,1.5161290322580645,1,1,
measured_paired,2026-07-19T10:40:51.778407+00:00,4924a5d60e36451ff68f2e2aecb3766d0fc3cd871f2e95c9b8c1ae4bd12dbc3f,Debug,11,0,vbs_first,20260730,phase8-paired-2046-11-1784457651624937800,2046,16384,fbcba9490ae80ce5159434044d92e68aec662dbb54b0a3be4a37ee127743bfdf,16000,78000,9936,60202,59708,15.625,46.875,0.0,0.0,6064,17798,22,142,52,50,102,90,0,0,13,11,1902,19299,958,5214208,9457664,1757184,4325376,8,44,48960410,48960410,1,1,0.9765625,0.20032051282051283,4.875,1,1,
measured_paired,2026-07-19T10:40:51.927187+00:00,4924a5d60e36451ff68f2e2aecb3766d0fc3cd871f2e95c9b8c1ae4bd12dbc3f,Debug,12,0,native_first,20260731,phase8-paired-2046-12-1784457651779913300,2046,16384,7529f47b10c04f347f4246cf21a37fc54cf828c939ef0c1e44e648a57817137e,46000,47000,24387,36884,65600,15.625,46.875,0.0,0.0,21613,10116,39,189,75,48,105,112,0,0,18,15,1940,20494,941,5210112,9457664,1761280,4247552,17,22,49286412,49286412,1,1,0.33967391304347827,0.3324468085106383,1.0217391304347827,1,1,
measured_paired,2026-07-19T10:40:52.083251+00:00,4924a5d60e36451ff68f2e2aecb3766d0fc3cd871f2e95c9b8c1ae4bd12dbc3f,Debug,13,0,vbs_first,20260732,phase8-paired-2046-13-1784457651929695400,2046,16384,c9a3046ec6251146634bef67aee2133be64c9b85429eb2c035af7d11f2ce4042,16000,62000,9794,44562,69211,0.0,31.25,0.0,0.0,6206,17438,37,183,68,56,102,90,0,0,13,13,1881,19700,994,5066752,9453568,1781760,4243456,7,37,49160801,49160801,1,1,0.9765625,0.25201612903225806,3.875,1,1,
measured_paired,2026-07-19T10:40:52.229020+00:00,4924a5d60e36451ff68f2e2aecb3766d0fc3cd871f2e95c9b8c1ae4bd12dbc3f,Debug,14,0,native_first,20260733,phase8-paired-2046-14-1784457652085677700,2046,16384,7a767606ffed38db228417e586a8e7f0d06a9390b3b8390226be7ce19b3c3288,31000,47000,8418,37387,67756,15.625,31.25,0.0,0.0,22582,9613,38,129,77,47,110,88,0,0,18,11,1858,18155,965,5095424,9457664,1802240,4255744,18,21,49314271,49314271,1,1,0.5040322580645161,0.3324468085106383,1.5161290322580645,1,1,
measured_paired,2026-07-19T10:40:52.422794+00:00,4924a5d60e36451ff68f2e2aecb3766d0fc3cd871f2e95c9b8c1ae4bd12dbc3f,Debug,15,0,vbs_first,20260734,phase8-paired-2046-15-1784457652231524200,2046,16384,f70cfcdc96ffddac13ce6dba20c9f083a731036fd2be295eb7566a69b710becf,16000,93000,9861,74648,89522,15.625,62.5,0.0,0.0,6139,18352,22,92,54,32,108,89,0,0,12,11,1883,19510,972,5341184,9457664,1773568,4268032,7,50,49970674,49970674,1,1,0.9765625,0.16801075268817203,5.8125,1,1,
measured_paired,2026-07-19T10:40:52.583166+00:00,4924a5d60e36451ff68f2e2aecb3766d0fc3cd871f2e95c9b8c1ae4bd12dbc3f,Debug,16,0,native_first,20260735,phase8-paired-2046-16-1784457652426606200,2046,16384,4369b2a8a4afd7849621d4bcac51850e38a1250ff9a11d9dd79b329e4bb20897,31000,47000,6869,37034,73308,15.625,31.25,0.0,0.0,24131,9966,28,136,69,46,147,89,0,0,17,12,1968,18623,984,5197824,9469952,1753088,4304896,19,26,50682306,50682306,1,1,0.5040322580645161,0.3324468085106383,1.5161290322580645,1,1,
measured_paired,2026-07-19T10:40:52.733483+00:00,4924a5d60e36451ff68f2e2aecb3766d0fc3cd871f2e95c9b8c1ae4bd12dbc3f,Debug,17,0,vbs_first,20260736,phase8-paired-2046-17-1784457652585161800,2046,16384,5321dd8686e2307c337a4d803003d306a8acb49564f9f9ca9f96167399226605,15000,63000,8945,46095,73544,15.625,31.25,0.0,0.0,6055,16905,21,121,52,43,101,90,0,0,12,11,1841,19111,950,5148672,9469952,1777664,4255744,7,32,49860215,49860215,1,1,1.0416666666666667,0.24801587301587302,4.2,1,1,
measured_paired,2026-07-19T10:40:52.881309+00:00,4924a5d60e36451ff68f2e2aecb3766d0fc3cd871f2e95c9b8c1ae4bd12dbc3f,Debug,18,0,native_first,20260737,phase8-paired-2046-18-1784457652736486600,2046,16384,ad8e67214f0e5e27a69cccf7591fada1ec38cf9d62f5ccc1125ee9062d9f63bb,32000,31000,10318,21136,68280,15.625,46.875,0.0,0.0,21682,9864,31,133,85,46,129,89,0,0,19,11,1899,20215,933,5017600,9453568,1748992,4288512,19,23,51381231,51381231,1,1,0.48828125,0.5040322580645161,0.96875,1,1,
measured_paired,2026-07-19T10:40:53.028983+00:00,4924a5d60e36451ff68f2e2aecb3766d0fc3cd871f2e95c9b8c1ae4bd12dbc3f,Debug,19,0,vbs_first,20260738,phase8-paired-2046-19-1784457652883833000,2046,16384,3683308734e46b03314f271f3220ef5bded5d9342f893489a04d1e93ad251a52,32000,62000,25594,43925,57266,15.625,31.25,0.0,0.0,6406,18075,36,109,74,45,102,89,0,0,17,12,1875,18258,1132,5206016,9453568,1748992,4268032,8,39,48608504,48608504,1,1,0.48828125,0.25201612903225806,1.9375,1,1,
measured_paired,2026-07-19T10:40:53.176652+00:00,4924a5d60e36451ff68f2e2aecb3766d0fc3cd871f2e95c9b8c1ae4bd12dbc3f,Debug,20,0,native_first,20260739,phase8-paired-2046-20-1784457653031509400,2046,16384,cf6d376ef6fb536c6d0c3d2adc3c95bb6433f683c3b082785747fbda32dd5fb4,46000,32000,22530,22341,65941,15.625,46.875,0.0,0.0,23470,9659,39,136,78,47,104,90,0,0,18,12,1901,18599,889,5046272,9469952,1777664,4255744,18,24,50603616,50603616,1,1,0.33967391304347827,0.48828125,0.6956521739130435,1,1,
measured_paired,2026-07-19T10:40:53.328493+00:00,4924a5d60e36451ff68f2e2aecb3766d0fc3cd871f2e95c9b8c1ae4bd12dbc3f,Debug,21,0,vbs_first,20260740,phase8-paired-2046-21-1784457653179829400,2046,16384,27560a134c733770b6e6fcb9a786cd1f5b8e8fefe78a7f0bc3f0a4e608f128cd,32000,62000,25827,43753,60228,15.625,15.625,0.0,0.0,6173,18247,24,108,58,38,109,89,0,0,13,11,1906,18412,873,4644864,9445376,1732608,4218880,7,40,50489736,50489736,1,1,0.48828125,0.25201612903225806,1.9375,1,1,
measured_paired,2026-07-19T10:40:53.486437+00:00,4924a5d60e36451ff68f2e2aecb3766d0fc3cd871f2e95c9b8c1ae4bd12dbc3f,Debug,22,0,native_first,20260741,phase8-paired-2046-22-1784457653331255900,2046,16384,1a41a89302aaa298d7d160d18820086929ac9ef551bc5761297cf2b79467d6f5,31000,47000,9606,37462,75680,15.625,46.875,0.0,0.0,21394,9538,35,118,72,43,105,90,0,0,18,11,1902,18643,964,5234688,9461760,1822720,4259840,17,25,50875855,50875855,1,1,0.5040322580645161,0.3324468085106383,1.5161290322580645,1,1,
measured_paired,2026-07-19T10:40:53.655276+00:00,4924a5d60e36451ff68f2e2aecb3766d0fc3cd871f2e95c9b8c1ae4bd12dbc3f,Debug,23,0,vbs_first,20260742,phase8-paired-2046-23-1784457653488439600,2046,16384,9df172adbc5668def4845d799d9a1fe0fd60eb8e59a92adc52f638ee1a931266,15000,63000,8858,46509,77881,0.0,93.75,0.0,0.0,6142,16491,22,111,47,45,106,92,0,0,14,11,1885,20181,1045,5038080,9453568,1757184,4292608,7,41,51085532,51085532,1,1,1.0416666666666667,0.24801587301587302,4.2,1,1,
measured_paired,2026-07-19T10:40:53.825283+00:00,4924a5d60e36451ff68f2e2aecb3766d0fc3cd871f2e95c9b8c1ae4bd12dbc3f,Debug,24,0,native_first,20260743,phase8-paired-2046-24-1784457653658276100,2046,16384,318eba36c9fad036a45895be7eb801c72170f201bcd01602fb05accd6dbe0d02,31000,63000,8336,52508,67203,15.625,62.5,0.0,0.0,22664,10492,38,131,77,47,102,91,0,0,18,11,1886,18995,890,5156864,9461760,1810432,4251648,18,37,49849951,49849951,1,1,0.5040322580645161,0.24801587301587302,2.032258064516129,1,1,
measured_paired,2026-07-19T10:40:53.982524+00:00,4924a5d60e36451ff68f2e2aecb3766d0fc3cd871f2e95c9b8c1ae4bd12dbc3f,Debug,25,0,vbs_first,20260744,phase8-paired-2046-25-1784457653828285200,2046,16384,35e69c582014ac4f802b3b2d9d71be8c33e79c5bf2bd237348e95bace5ef0bb2,16000,63000,9695,45410,75337,0.0,31.25,0.0,0.0,6305,17590,32,138,77,63,145,90,0,0,30,11,1848,18780,968,5033984,9449472,1753088,4288512,7,34,51853372,51853372,1,1,0.9765625,0.24801587301587302,3.9375,1,1,
measured_paired,2026-07-19T10:40:54.145197+00:00,4924a5d60e36451ff68f2e2aecb3766d0fc3cd871f2e95c9b8c1ae4bd12dbc3f,Debug,26,0,native_first,20260745,phase8-paired-2046-26-1784457653985524000,2046,16384,a723481239aefbde786d225afd31977381ef95c82f1243db90ab3c77e6b258ef,32000,31000,10817,21506,84634,15.625,31.25,0.0,0.0,21183,9494,38,123,74,46,103,90,0,0,18,11,1878,18837,953,5021696,9445376,1753088,4276224,18,22,49744868,49744868,1,1,0.48828125,0.5040322580645161,0.96875,1,1,
measured_paired,2026-07-19T10:40:54.285835+00:00,4924a5d60e36451ff68f2e2aecb3766d0fc3cd871f2e95c9b8c1ae4bd12dbc3f,Debug,27,0,vbs_first,20260746,phase8-paired-2046-27-1784457654148376300,2046,16384,d9829d883306c949477bae95a2a1e6e4f6730260b48a09f7221bc621254d3186,16000,62000,9693,44470,63166,15.625,46.875,0.0,0.0,6307,17530,25,491,64,138,115,90,0,0,14,11,1874,18760,968,5115904,9461760,1798144,4255744,8,32,49593352,49593352,1,1,0.9765625,0.25201612903225806,3.875,1,1,
measured_paired,2026-07-19T10:40:54.455732+00:00,4924a5d60e36451ff68f2e2aecb3766d0fc3cd871f2e95c9b8c1ae4bd12dbc3f,Debug,28,0,native_first,20260747,phase8-paired-2046-28-1784457654288365900,2046,16384,4fae147e435dcaed799f32539a5f3589eb7bebc559be834de2fd6e91b9259048,31000,63000,7877,53027,67300,0.0,46.875,0.0,0.0,23123,9973,26,133,64,47,111,100,0,0,14,12,2064,19278,905,5345280,9441280,1851392,4239360,19,39,51291788,51291788,1,1,0.5040322580645161,0.24801587301587302,2.032258064516129,1,1,
measured_paired,2026-07-19T10:40:54.605310+00:00,4924a5d60e36451ff68f2e2aecb3766d0fc3cd871f2e95c9b8c1ae4bd12dbc3f,Debug,29,0,vbs_first,20260748,phase8-paired-2046-29-1784457654458248400,2046,16384,aecf6b5c177fadf741e746f0bde0bcee47f4585e7e877edbe06d366ba4228383,31000,47000,24882,29154,70402,15.625,78.125,0.0,0.0,6118,17846,23,114,57,35,124,98,0,0,14,12,2293,18900,1033,4882432,9449472,1757184,4239360,7,34,49611436,49611436,1,1,0.5040322580645161,0.3324468085106383,1.5161290322580645,1,1,
measured_paired,2026-07-19T10:40:54.752571+00:00,4924a5d60e36451ff68f2e2aecb3766d0fc3cd871f2e95c9b8c1ae4bd12dbc3f,Debug,30,0,native_first,20260749,phase8-paired-2046-30-1784457654607825900,2046,16384,92c333c2fd91c146ebd17a75c01501cc36e4968a428e1cef928ebbdc641e28b2,31000,62000,8737,51886,61857,15.625,46.875,0.0,0.0,22263,10114,32,131,70,44,112,96,0,0,16,12,2078,18709,959,5091328,9457664,1810432,4243456,17,28,50632453,50632453,1,1,0.5040322580645161,0.25201612903225806,2.0,1,1,
measured_paired,2026-07-19T10:40:55.130011+00:00,4924a5d60e36451ff68f2e2aecb3766d0fc3cd871f2e95c9b8c1ae4bd12dbc3f,Debug,1,0,vbs_first,20260720,phase8-paired-8190-1-1784457654952331000,8190,65536,29a9de4a6ed070bd34ca81187f7c074fc64871cf4ba4f945ec39eee7f2ba586d,16000,94000,9261,69521,72764,0.0,62.5,0.0,0.0,6739,24479,51,273,97,42,565,662,0,0,14,18,3196,19991,905,5189632,9822208,1859584,4915200,8,50,49822710,49822710,1,1,3.90625,0.6648936170212766,5.875,1,1,
measured_paired,2026-07-19T10:40:55.271480+00:00,4924a5d60e36451ff68f2e2aecb3766d0fc3cd871f2e95c9b8c1ae4bd12dbc3f,Debug,2,0,native_first,20260721,phase8-paired-8190-2-1784457655134719900,8190,65536,abd015e77a1d2bcc8c5d0efb3b042e6f850fffea3d3c9414de7dddc0f58c78ca,31000,47000,9207,33754,60098,0.0,31.25,0.0,0.0,21793,13246,42,284,78,37,406,357,0,0,14,11,1869,17912,878,5115904,9752576,1851392,4747264,17,25,50064346,50064346,1,1,2.0161290322580645,1.3297872340425532,1.5161290322580645,1,1,
measured_paired,2026-07-19T10:40:55.425548+00:00,4924a5d60e36451ff68f2e2aecb3766d0fc3cd871f2e95c9b8c1ae4bd12dbc3f,Debug,3,0,vbs_first,20260722,phase8-paired-8190-3-1784457655276778500,8190,65536,1bc10f13784789c2886410df9c5053fd98c2fc2587a469a244b24ecd77ccf1cc,16000,62000,9395,40533,66216,15.625,31.25,0.0,0.0,6605,21467,41,224,74,37,422,373,0,0,13,11,2637,19296,1006,4980736,9895936,1851392,4984832,8,37,50344200,50344200,1,1,3.90625,1.0080645161290323,3.875,1,1,
measured_paired,2026-07-19T10:40:55.588934+00:00,4924a5d60e36451ff68f2e2aecb3766d0fc3cd871f2e95c9b8c1ae4bd12dbc3f,Debug,4,0,native_first,20260723,phase8-paired-8190-4-1784457655430564700,8190,65536,59004e43e9c1b39d885a871f7dad11bc0eb9279df9fc78152aebfb180d9fcc03,31000,63000,8523,49597,61633,0.0,46.875,0.0,0.0,22477,13403,61,357,97,48,407,375,0,0,15,14,1891,19452,874,5136384,9891840,1851392,4988928,18,35,50037851,50037851,1,1,2.0161290322580645,0.9920634920634921,2.032258064516129,1,1,
measured_paired,2026-07-19T10:40:55.753464+00:00,4924a5d60e36451ff68f2e2aecb3766d0fc3cd871f2e95c9b8c1ae4bd12dbc3f,Debug,5,0,vbs_first,20260724,phase8-paired-8190-5-1784457655594815700,8190,65536,c4d220fb53d89cc9066b50e12317d3f79526c78a76b710880557c4b41b701df1,16000,62000,9415,40952,72487,15.625,46.875,0.0,0.0,6585,21048,53,316,90,38,431,362,0,0,14,12,1887,19520,993,5300224,9895936,1843200,4988928,8,38,49798168,49798168,1,1,3.90625,1.0080645161290323,3.875,1,1,
measured_paired,2026-07-19T10:40:55.926362+00:00,4924a5d60e36451ff68f2e2aecb3766d0fc3cd871f2e95c9b8c1ae4bd12dbc3f,Debug,6,0,native_first,20260725,phase8-paired-8190-6-1784457655759244200,8190,65536,13358d82d6115ae77abffcc9129c92f62298afcfb5e01631ba77f592eaa9931c,31000,47000,6783,33493,82639,0.0,31.25,0.0,0.0,24217,13507,93,289,109,38,410,361,0,0,16,11,1973,19574,1010,5042176,9850880,1777664,4968448,18,26,50396336,50396336,1,1,2.0161290322580645,1.3297872340425532,1.5161290322580645,1,1,
measured_paired,2026-07-19T10:40:56.099381+00:00,4924a5d60e36451ff68f2e2aecb3766d0fc3cd871f2e95c9b8c1ae4bd12dbc3f,Debug,7,0,vbs_first,20260726,phase8-paired-8190-7-1784457655931823300,8190,65536,6a752699de2b6a08be0748d7720ca632e36fe6c1337710e34148124a193a9891,16000,78000,9523,56729,75162,0.0,46.875,0.0,0.0,6477,21271,40,240,76,40,414,395,0,0,12,12,2065,18165,1048,4980736,9830400,1855488,4952064,7,43,49991330,49991330,1,1,3.90625,0.8012820512820513,4.875,1,1,
measured_paired,2026-07-19T10:40:56.266178+00:00,4924a5d60e36451ff68f2e2aecb3766d0fc3cd871f2e95c9b8c1ae4bd12dbc3f,Debug,8,0,native_first,20260727,phase8-paired-8190-8-1784457656104618800,8190,65536,8d817507b55205dbb943d4038650482bb99ca17b29d82150cf1536a7bbbebc6f,31000,62000,7767,48134,75763,15.625,46.875,0.0,0.0,23233,13866,56,263,77,41,434,403,0,0,18,12,2231,19676,892,5189632,9887744,1855488,4980736,19,28,50037973,50037973,1,1,2.0161290322580645,1.0080645161290323,2.0,1,1,
measured_paired,2026-07-19T10:40:56.411246+00:00,4924a5d60e36451ff68f2e2aecb3766d0fc3cd871f2e95c9b8c1ae4bd12dbc3f,Debug,9,0,vbs_first,20260728,phase8-paired-8190-9-1784457656271181500,8190,65536,fdccdf0e400a3168f965c80d586e0fb27441f021764a1fb081ad401e69392b12,16000,62000,9406,41237,57808,0.0,31.25,0.0,0.0,6594,20763,41,289,76,39,415,383,0,0,12,12,1964,17969,888,5357568,9879552,1937408,4968448,7,36,50163003,50163003,1,1,3.90625,1.0080645161290323,3.875,1,1,
measured_paired,2026-07-19T10:40:56.583663+00:00,4924a5d60e36451ff68f2e2aecb3766d0fc3cd871f2e95c9b8c1ae4bd12dbc3f,Debug,10,0,native_first,20260729,phase8-paired-8190-10-1784457656416771400,8190,65536,d100ac27fd2fb735667057d258c10d2430bdb7103dddd8ec2b8c0d58da8eb07f,31000,79000,8497,66399,59094,0.0,62.5,0.0,0.0,22503,12601,50,190,86,37,426,366,0,0,16,11,1877,17912,1062,5021696,9846784,1781760,4972544,18,45,50152991,50152991,1,1,2.0161290322580645,0.7911392405063291,2.5483870967741935,1,1,
measured_paired,2026-07-19T10:40:56.753547+00:00,4924a5d60e36451ff68f2e2aecb3766d0fc3cd871f2e95c9b8c1ae4bd12dbc3f,Debug,11,0,vbs_first,20260730,phase8-paired-8190-11-1784457656589665500,8190,65536,36a17dcdb358eac5b35581e10bcf72eed1f2892ce4a66b6b6c49ce3c1152155b,16000,78000,9259,55798,65349,15.625,46.875,0.0,0.0,6741,22202,82,315,75,37,421,355,0,0,20,11,1881,18422,986,5173248,9887744,1855488,4980736,8,46,49817094,49817094,1,1,3.90625,0.8012820512820513,4.875,1,1,
measured_paired,2026-07-19T10:40:56.921332+00:00,4924a5d60e36451ff68f2e2aecb3766d0fc3cd871f2e95c9b8c1ae4bd12dbc3f,Debug,12,0,native_first,20260731,phase8-paired-8190-12-1784457656759555300,8190,65536,fad8f00575bce68573b25241e9626e2f26eebc9991e7436ca653062935d310a9,31000,63000,6378,49596,66596,15.625,46.875,0.0,0.0,24622,13404,99,313,137,37,407,355,0,0,17,11,1876,20155,1153,5304320,9838592,1851392,4960256,19,31,49921855,49921855,1,1,2.0161290322580645,0.9920634920634921,2.032258064516129,1,1,
measured_paired,2026-07-19T10:40:57.069358+00:00,4924a5d60e36451ff68f2e2aecb3766d0fc3cd871f2e95c9b8c1ae4bd12dbc3f,Debug,13,0,vbs_first,20260732,phase8-paired-8190-13-1784457656925850800,8190,65536,dceaf201b49ed745943c58eaa84a9e295f18612cc83878c0a32d98b3fe013e06,16000,62000,9530,40422,62050,15.625,46.875,0.0,0.0,6470,21578,43,268,76,37,406,460,0,0,13,15,1888,19898,956,5177344,9834496,1781760,4964352,8,36,49976068,49976068,1,1,3.90625,1.0080645161290323,3.875,1,1,
measured_paired,2026-07-19T10:40:57.218729+00:00,4924a5d60e36451ff68f2e2aecb3766d0fc3cd871f2e95c9b8c1ae4bd12dbc3f,Debug,14,0,native_first,20260733,phase8-paired-8190-14-1784457657075379500,8190,65536,02515c28ce90de1db8969379afca433350e6abc471843a271a4e884a253024fd,47000,32000,23685,18736,61846,15.625,46.875,0.0,0.0,23315,13264,76,294,91,38,399,372,0,0,15,15,1867,18578,1046,5226496,9900032,1851392,5001216,18,25,49213186,49213186,1,1,1.3297872340425532,1.953125,0.6808510638297872,1,1,
measured_paired,2026-07-19T10:40:57.394962+00:00,4924a5d60e36451ff68f2e2aecb3766d0fc3cd871f2e95c9b8c1ae4bd12dbc3f,Debug,15,0,vbs_first,20260734,phase8-paired-8190-15-1784457657224423100,8190,65536,f47d4913b91b1ef7a7809677ca24755caec032557c28991fcc1ca3ffb18750eb,15000,78000,8277,56534,69173,0.0,93.75,0.0,0.0,6723,21466,102,486,95,38,424,358,0,0,14,95,1973,18993,937,5251072,9891840,1859584,4988928,8,50,50391208,50391208,1,1,4.166666666666667,0.8012820512820513,5.2,1,1,
measured_paired,2026-07-19T10:40:57.562873+00:00,4924a5d60e36451ff68f2e2aecb3766d0fc3cd871f2e95c9b8c1ae4bd12dbc3f,Debug,16,0,native_first,20260735,phase8-paired-8190-16-1784457657400015400,8190,65536,e90c30dc652b2ceff51208d97d71249eb3518204f36846c3432e6d7795bd3970,31000,62000,7377,46963,75703,15.625,31.25,0.0,0.0,23623,15037,140,347,124,54,425,372,0,0,22,13,1870,18043,971,5238784,9891840,1847296,4976640,19,28,49976434,49976434,1,1,2.0161290322580645,1.0080645161290323,2.0,1,1,
measured_paired,2026-07-19T10:40:57.736607+00:00,4924a5d60e36451ff68f2e2aecb3766d0fc3cd871f2e95c9b8c1ae4bd12dbc3f,Debug,17,0,vbs_first,20260736,phase8-paired-8190-17-1784457657569282800,8190,65536,6505b549e8d679ffb39e5b8380ec60870240c7ba33f2dbd8463befdb22d7e015,16000,63000,9482,41798,79637,15.625,31.25,0.0,0.0,6518,21202,41,332,86,37,408,368,0,0,13,14,1883,18689,994,5304320,9838592,1847296,4960256,8,38,50484737,50484737,1,1,3.90625,0.9920634920634921,3.9375,1,1,
measured_paired,2026-07-19T10:40:57.898833+00:00,4924a5d60e36451ff68f2e2aecb3766d0fc3cd871f2e95c9b8c1ae4bd12dbc3f,Debug,18,0,native_first,20260737,phase8-paired-8190-18-1784457657742639100,8190,65536,30ec6d713bf6abf34d68225f105600a5317bd9f7917b0a5db654ced0497c586c,32000,46000,7675,31779,70233,0.0,46.875,0.0,0.0,24325,14221,74,502,75,39,407,355,0,0,15,12,1911,20365,988,5255168,9838592,1859584,4952064,20,27,50893406,50893406,1,1,1.953125,1.358695652173913,1.4375,1,1,
measured_paired,2026-07-19T10:40:58.052421+00:00,4924a5d60e36451ff68f2e2aecb3766d0fc3cd871f2e95c9b8c1ae4bd12dbc3f,Debug,19,0,vbs_first,20260738,phase8-paired-8190-19-1784457657904427200,8190,65536,2cf499bf8889b4cd9be92351d29cce731bcacdb276a4d7d77de304fe563d70bf,31000,62000,24563,41728,66121,15.625,46.875,0.0,0.0,6437,20272,40,276,79,60,423,364,0,0,13,28,1877,19083,890,4980736,9834496,1859584,4923392,7,37,49677899,49677899,1,1,2.0161290322580645,1.0080645161290323,2.0,1,1,
measured_paired,2026-07-19T10:40:58.205876+00:00,4924a5d60e36451ff68f2e2aecb3766d0fc3cd871f2e95c9b8c1ae4bd12dbc3f,Debug,20,0,native_first,20260739,phase8-paired-8190-20-1784457658058938700,8190,65536,c9c60f860495a860b9824291f25dda1f084805c49fd1a1b8f0320641b1468595,31000,63000,8252,49552,62802,15.625,46.875,0.0,0.0,22748,13448,97,263,104,37,529,358,0,0,18,11,1971,19261,1044,5255168,9891840,1859584,4988928,18,26,50068131,50068131,1,1,2.0161290322580645,0.9920634920634921,2.032258064516129,1,1,
measured_paired,2026-07-19T10:40:58.371408+00:00,4924a5d60e36451ff68f2e2aecb3766d0fc3cd871f2e95c9b8c1ae4bd12dbc3f,Debug,21,0,vbs_first,20260740,phase8-paired-8190-21-1784457658210387400,8190,65536,9ca43fe28e86f62a0323d4fdca4171e745a3effdfd5507e4a171c5d57daf48dd,15000,63000,8613,41917,78541,0.0,31.25,0.0,0.0,6387,21083,44,278,67,37,415,379,0,0,12,13,2149,18946,975,5439488,9846784,1904640,4968448,8,35,49882051,49882051,1,1,4.166666666666667,0.9920634920634921,4.2,1,1,
measured_paired,2026-07-19T10:40:58.523174+00:00,4924a5d60e36451ff68f2e2aecb3766d0fc3cd871f2e95c9b8c1ae4bd12dbc3f,Debug,22,0,native_first,20260741,phase8-paired-8190-22-1784457658376436500,8190,65536,08fef4d9b08d1d2246ee87846999d5d8673019223e88571002a9614fa7c570f8,31000,47000,7742,33145,62714,15.625,46.875,0.0,0.0,23258,13855,60,331,102,38,419,357,0,0,26,11,2087,17908,928,5173248,9809920,1847296,4943872,19,27,50034065,50034065,1,1,2.0161290322580645,1.3297872340425532,1.5161290322580645,1,1,
measured_paired,2026-07-19T10:40:58.683330+00:00,4924a5d60e36451ff68f2e2aecb3766d0fc3cd871f2e95c9b8c1ae4bd12dbc3f,Debug,23,0,vbs_first,20260742,phase8-paired-8190-23-1784457658528175800,8190,65536,bd46f46f474dbd0bdd44a211785fcabb41a6887fbe11626080159ef25278a79d,15000,78000,8177,53296,61055,0.0,46.875,0.0,0.0,6823,24704,103,1635,115,38,406,376,0,0,17,14,1865,18955,939,5296128,9809920,1859584,4976640,8,43,49991697,49991697,1,1,4.166666666666667,0.8012820512820513,5.2,1,1,
measured_paired,2026-07-19T10:40:58.838234+00:00,4924a5d60e36451ff68f2e2aecb3766d0fc3cd871f2e95c9b8c1ae4bd12dbc3f,Debug,24,0,native_first,20260743,phase8-paired-8190-24-1784457658688628500,8190,65536,5e05dc52c356b1f422c668a78327bd1fe500be4f15de33b3adae1f2bdf6e0831,32000,47000,9828,33007,64825,15.625,46.875,0.0,0.0,22172,13993,76,288,81,37,407,545,0,0,15,30,2049,19242,972,5185536,9887744,1851392,4988928,17,28,49620024,49620024,1,1,1.953125,1.3297872340425532,1.46875,1,1,
measured_paired,2026-07-19T10:40:58.995904+00:00,4924a5d60e36451ff68f2e2aecb3766d0fc3cd871f2e95c9b8c1ae4bd12dbc3f,Debug,25,0,vbs_first,20260744,phase8-paired-8190-25-1784457658843743000,8190,65536,354bfd67008cf34daff5239c50f05f4247eefba2397b5049ed05ae9a8044877b,16000,78000,9525,56635,70677,15.625,46.875,0.0,0.0,6475,21365,40,231,78,35,414,355,0,0,13,11,1890,17710,928,5115904,9838592,1855488,4968448,8,37,50750427,50750427,1,1,3.90625,0.8012820512820513,4.875,1,1,
measured_paired,2026-07-19T10:40:59.154764+00:00,4924a5d60e36451ff68f2e2aecb3766d0fc3cd871f2e95c9b8c1ae4bd12dbc3f,Debug,26,0,native_first,20260745,phase8-paired-8190-26-1784457659001447100,8190,65536,20499bcf57f3482df593086a68392080bf6eadbd34fad9a031929dab3ba745b2,31000,47000,7699,30112,71426,15.625,46.875,0.0,0.0,23301,16888,130,188,109,35,405,382,0,0,33,14,1889,18840,1183,5066752,9768960,1798144,4956160,19,26,49885347,49885347,1,1,2.0161290322580645,1.3297872340425532,1.5161290322580645,1,1,
measured_paired,2026-07-19T10:40:59.324984+00:00,4924a5d60e36451ff68f2e2aecb3766d0fc3cd871f2e95c9b8c1ae4bd12dbc3f,Debug,27,0,vbs_first,20260746,phase8-paired-8190-27-1784457659159773500,8190,65536,8cf90a455d3c14475f0adf165c9e850deb01de67887f4fabf559a082a1ba5b13,15000,63000,8239,42196,83370,15.625,93.75,0.0,0.0,6761,20804,44,226,83,36,484,384,0,0,20,14,1893,18828,1127,4972544,9838592,1851392,4956160,8,35,49659951,49659951,1,1,4.166666666666667,0.9920634920634921,4.2,1,1,
measured_paired,2026-07-19T10:40:59.495341+00:00,4924a5d60e36451ff68f2e2aecb3766d0fc3cd871f2e95c9b8c1ae4bd12dbc3f,Debug,28,0,native_first,20260747,phase8-paired-8190-28-1784457659330436400,8190,65536,6b856d7a402ce0081144817432b9606d092bf73084ecd8f8fb78e99c3afb206b,31000,63000,6531,48580,61204,0.0,46.875,0.0,0.0,24469,14420,48,946,86,40,481,389,0,0,17,12,2013,20008,994,5308416,9879552,1851392,4976640,19,38,49851892,49851892,1,1,2.0161290322580645,0.9920634920634921,2.032258064516129,1,1,
measured_paired,2026-07-19T10:40:59.689327+00:00,4924a5d60e36451ff68f2e2aecb3766d0fc3cd871f2e95c9b8c1ae4bd12dbc3f,Debug,29,0,vbs_first,20260748,phase8-paired-8190-29-1784457659499660500,8190,65536,092992eb91f07cc648a7b3ea2a3f3afade62035b32de3156e191f7025a5ed10f,16000,78000,9395,57297,99961,0.0,62.5,0.0,0.0,6605,20703,44,286,82,38,432,365,0,0,13,11,2029,18700,925,5066752,9887744,1781760,4984832,7,43,50100976,50100976,1,1,3.90625,0.8012820512820513,4.875,1,1,
measured_paired,2026-07-19T10:40:59.835933+00:00,4924a5d60e36451ff68f2e2aecb3766d0fc3cd871f2e95c9b8c1ae4bd12dbc3f,Debug,30,0,native_first,20260749,phase8-paired-8190-30-1784457659695330100,8190,65536,ebc3013ce4e37c8455754ffdfd12db9c7e1a5f634fa25a2b418ee4cf28e0f420,32000,47000,8344,33689,55902,0.0,46.875,0.0,0.0,23656,13311,47,286,89,39,436,367,0,0,16,12,1925,18879,931,5308416,9887744,1851392,4988928,20,27,50308669,50308669,1,1,1.953125,1.3297872340425532,1.46875,1,1,
measured_paired,2026-07-19T10:41:00.248951+00:00,4924a5d60e36451ff68f2e2aecb3766d0fc3cd871f2e95c9b8c1ae4bd12dbc3f,Debug,1,0,vbs_first,20260720,phase8-paired-32766-1-1784457660050308200,32766,262144,a960caf5007e066b5d6699de5e4313e62c24f4501194497dd0790be0a37483e6,15000,94000,6974,42800,77447,15.625,109.375,0.0,0.0,8026,51200,89,1164,168,128,1743,1465,0,0,18,21,1905,18823,985,5365760,11956224,2240512,7294976,9,59,49933894,49933894,1,1,16.666666666666668,2.6595744680851063,6.266666666666667,1,1,
measured_paired,2026-07-19T10:41:00.454889+00:00,4924a5d60e36451ff68f2e2aecb3766d0fc3cd871f2e95c9b8c1ae4bd12dbc3f,Debug,2,0,native_first,20260721,phase8-paired-32766-2-1784457660265999200,32766,262144,de465ab0c8872c3bee1d6db12ebbdece617568289e34713240289c2534eebf61,47000,78000,22185,26735,66061,15.625,78.125,0.0,0.0,24815,51265,141,7128,172,130,1629,1447,0,0,15,15,1897,18411,1119,5369856,11714560,2240512,7299072,19,52,49748184,49748184,1,1,5.319148936170213,3.2051282051282053,1.6595744680851063,1,1,
measured_paired,2026-07-19T10:41:00.639311+00:00,4924a5d60e36451ff68f2e2aecb3766d0fc3cd871f2e95c9b8c1ae4bd12dbc3f,Debug,3,0,vbs_first,20260722,phase8-paired-32766-3-1784457660469285900,32766,262144,580310ab06454de68f7219d9f520ea287cd71dae28460c50d0fc56a4dd56ed3e,15000,94000,6891,58692,60772,15.625,78.125,0.0,0.0,8109,35308,127,996,180,126,1639,1461,0,0,16,14,1909,18671,940,5701632,11718656,2248704,7294976,9,53,49940090,49940090,1,1,16.666666666666668,2.6595744680851063,6.266666666666667,1,1,
measured_paired,2026-07-19T10:41:00.827744+00:00,4924a5d60e36451ff68f2e2aecb3766d0fc3cd871f2e95c9b8c1ae4bd12dbc3f,Debug,4,0,native_first,20260723,phase8-paired-32766-4-1784457660655535300,32766,262144,018eec9b14ebd3c6773ecfa9ad64e49c7cf0407caf27cf0111bd218d24d17cd7,46000,63000,22252,36669,68891,15.625,62.5,0.0,0.0,23748,26331,137,768,171,123,1638,1463,0,0,14,14,1898,19028,959,5369856,11726848,2244608,7303168,18,37,50214215,50214215,1,1,5.434782608695652,3.9682539682539684,1.3695652173913044,1,1,
measured_paired,2026-07-19T10:41:01.026038+00:00,4924a5d60e36451ff68f2e2aecb3766d0fc3cd871f2e95c9b8c1ae4bd12dbc3f,Debug,5,0,vbs_first,20260724,phase8-paired-32766-5-1784457660845302100,32766,262144,f58408a820bd94caefa70b531139afc7bbf42e394fcf26352206ca736867a59d,15000,78000,6888,32952,72685,15.625,62.5,0.0,0.0,8112,45048,96,1048,181,143,1623,1448,0,0,14,13,1969,18734,1003,5533696,11706368,2269184,7299072,9,51,49906244,49906244,1,1,16.666666666666668,3.2051282051282053,5.2,1,1,
measured_paired,2026-07-19T10:41:01.220511+00:00,4924a5d60e36451ff68f2e2aecb3766d0fc3cd871f2e95c9b8c1ae4bd12dbc3f,Debug,6,0,native_first,20260725,phase8-paired-32766-6-1784457661041306000,32766,262144,32d25bbbda3e095e715ea395d584defddec7c0ec8f8441d61e103b7eeb8e65b9,31000,79000,5784,51069,77124,15.625,62.5,0.0,0.0,25216,27931,145,846,192,122,1640,1473,0,0,20,16,2204,20292,949,5373952,11718656,2248704,7303168,20,38,50084142,50084142,1,1,8.064516129032258,3.1645569620253164,2.5483870967741935,1,1,
measured_paired,2026-07-19T10:41:01.417976+00:00,4924a5d60e36451ff68f2e2aecb3766d0fc3cd871f2e95c9b8c1ae4bd12dbc3f,Debug,7,0,vbs_first,20260726,phase8-paired-32766-7-1784457661236601000,32766,262144,0f175ef36056fe8b098b287bb27e925069154fc79ce28c0f69363ebf526825a5,32000,78000,24056,38891,69277,15.625,78.125,0.0,0.0,7944,39109,85,775,162,123,1654,1470,0,0,14,14,1879,20339,966,5709824,11956224,2256896,7290880,9,53,50139718,50139718,1,1,7.8125,3.2051282051282053,2.4375,1,1,
measured_paired,2026-07-19T10:41:01.637195+00:00,4924a5d60e36451ff68f2e2aecb3766d0fc3cd871f2e95c9b8c1ae4bd12dbc3f,Debug,8,0,native_first,20260727,phase8-paired-32766-8-1784457661434574100,32766,262144,250ee40f370c603ea74629d16100bd075e670858829ba124fe84667eda8a5296,47000,93000,21481,50394,64136,15.625,140.625,0.0,0.0,25519,42606,89,1124,158,126,1639,1462,0,0,22,15,1889,19048,932,5619712,11931648,2248704,7290880,20,59,49951504,49951504,1,1,5.319148936170213,2.6881720430107525,1.9787234042553192,1,1,
measured_paired,2026-07-19T10:41:01.837997+00:00,4924a5d60e36451ff68f2e2aecb3766d0fc3cd871f2e95c9b8c1ae4bd12dbc3f,Debug,9,0,vbs_first,20260728,phase8-paired-32766-9-1784457661654455300,32766,262144,5806c2bef1b69a2a78a8306c74f881152d216d03d6915dc29fc6a47bda90ac45,32000,93000,23960,55135,67978,15.625,78.125,0.0,0.0,8040,37865,91,5798,173,125,1639,1635,0,0,20,22,2354,19869,980,5378048,11722752,2248704,7299072,8,57,50126228,50126228,1,1,7.8125,2.6881720430107525,2.90625,1,1,
measured_paired,2026-07-19T10:41:02.028143+00:00,4924a5d60e36451ff68f2e2aecb3766d0fc3cd871f2e95c9b8c1ae4bd12dbc3f,Debug,10,0,native_first,20260729,phase8-paired-32766-10-1784457661853327400,32766,262144,af3f4b63652d8d4d1c6421df8a142cb9df408a0c5fcc6677a7c2a83f9d237c6c,31000,78000,4893,50890,69755,15.625,62.5,0.0,0.0,26107,27110,143,760,215,122,1616,1444,0,0,14,14,1877,18982,1181,5365760,11714560,2240512,7286784,21,39,49829396,49829396,1,1,8.064516129032258,3.2051282051282053,2.5161290322580645,1,1,
measured_paired,2026-07-19T10:41:02.235962+00:00,4924a5d60e36451ff68f2e2aecb3766d0fc3cd871f2e95c9b8c1ae4bd12dbc3f,Debug,11,0,vbs_first,20260730,phase8-paired-32766-11-1784457662052147300,32766,262144,b424d19997320483a7fe8b0a352375beef1fe488a28f3c2c9dc0dce693c98b50,31000,94000,22647,44820,57120,15.625,125.0,0.0,0.0,8353,49180,134,1032,214,125,1647,1443,0,0,14,14,1876,19178,883,5369856,11710464,2244608,7282688,9,65,50043398,50043398,1,1,8.064516129032258,2.6595744680851063,3.032258064516129,1,1,
measured_paired,2026-07-19T10:41:02.465199+00:00,4924a5d60e36451ff68f2e2aecb3766d0fc3cd871f2e95c9b8c1ae4bd12dbc3f,Debug,12,0,native_first,20260731,phase8-paired-32766-12-1784457662251506000,32766,262144,f3f34f25874299f91f13e44f0e7664840d263ab88d3f62a8bf0c7dbccfb1af4b,31000,94000,5812,51953,87209,15.625,93.75,0.0,0.0,25188,42047,137,731,179,123,1648,1442,0,0,15,14,1885,18391,876,5382144,11710464,2256896,7286784,21,52,49881035,49881035,1,1,8.064516129032258,2.6595744680851063,3.032258064516129,1,1,
measured_paired,2026-07-19T10:41:02.656158+00:00,4924a5d60e36451ff68f2e2aecb3766d0fc3cd871f2e95c9b8c1ae4bd12dbc3f,Debug,13,0,vbs_first,20260732,phase8-paired-32766-13-1784457662480163000,32766,262144,da161c1262cda50bf7655b9199df68d1e04d5172e0eb1e1d6d485d77c7bf92c7,16000,93000,7796,57779,71281,15.625,62.5,0.0,0.0,8204,35221,130,1135,193,126,1713,1430,0,0,34,15,1895,19596,966,5709824,11714560,2260992,7290880,9,50,49789324,49789324,1,1,15.625,2.6881720430107525,5.8125,1,1,
measured_paired,2026-07-19T10:41:02.850243+00:00,4924a5d60e36451ff68f2e2aecb3766d0fc3cd871f2e95c9b8c1ae4bd12dbc3f,Debug,14,0,native_first,20260733,phase8-paired-32766-14-1784457662673346200,32766,262144,f9712b90ad38d7c556d9b765c8232465a5c9190a156b07446c3246e81a1d7999,31000,78000,7190,41105,61382,15.625,78.125,0.0,0.0,23810,36895,88,5503,156,127,1638,1427,0,0,15,12,2035,19366,964,5521408,11714560,2252800,7294976,19,46,49985106,49985106,1,1,8.064516129032258,3.2051282051282053,2.5161290322580645,1,1,
measured_paired,2026-07-19T10:41:03.050021+00:00,4924a5d60e36451ff68f2e2aecb3766d0fc3cd871f2e95c9b8c1ae4bd12dbc3f,Debug,15,0,vbs_first,20260734,phase8-paired-32766-15-1784457662866755600,32766,262144,f1e3545e1b4806bbd6c1e8a5159798a9928173b56e4c7510ae6a6d59cd2c6da9,16000,94000,7729,47235,69797,15.625,62.5,0.0,0.0,8271,46765,117,1073,192,124,1640,1586,0,0,13,40,2106,18814,942,5365760,11718656,2240512,7294976,8,55,50218946,50218946,1,1,15.625,2.6595744680851063,5.875,1,1,
measured_paired,2026-07-19T10:41:03.293814+00:00,4924a5d60e36451ff68f2e2aecb3766d0fc3cd871f2e95c9b8c1ae4bd12dbc3f,Debug,16,0,native_first,20260735,phase8-paired-32766-16-1784457663065849300,32766,262144,47e174ddda07a4c463f5f327e455955d08380c85a4bc1d2b48e7c75fc301c065,79000,78000,6804,40810,67833,0.0,62.5,0.0,0.0,72196,37190,160,1301,190,157,1624,1631,0,0,17,17,1895,20250,1163,5365760,11722752,2240512,7278592,49,43,50126991,50126991,1,1,3.1645569620253164,3.2051282051282053,0.9873417721518988,1,1,
measured_paired,2026-07-19T10:41:03.497706+00:00,4924a5d60e36451ff68f2e2aecb3766d0fc3cd871f2e95c9b8c1ae4bd12dbc3f,Debug,17,0,vbs_first,20260736,phase8-paired-32766-17-1784457663309843000,32766,262144,3adbd65e906c6284ea29ffcd4227a6a4075d47ba57720a1dc239fa2be6959ce9,15000,94000,6968,57240,74258,15.625,78.125,0.0,0.0,8032,36760,88,1285,167,165,1671,1639,0,0,21,21,1882,20057,916,5521408,11714560,2256896,7299072,9,56,49964444,49964444,1,1,16.666666666666668,2.6595744680851063,6.266666666666667,1,1,
measured_paired,2026-07-19T10:41:03.695534+00:00,4924a5d60e36451ff68f2e2aecb3766d0fc3cd871f2e95c9b8c1ae4bd12dbc3f,Debug,18,0,native_first,20260737,phase8-paired-32766-18-1784457663513291900,32766,262144,38c754c718bc7642af09cfde031375b55409270fcd20ce3f6ee06f621bccb69b,47000,62000,22208,34678,69781,15.625,78.125,0.0,0.0,24792,27322,160,1303,208,127,1749,1516,0,0,22,16,1896,18562,1184,5513216,11714560,2248704,7294976,21,44,50266099,50266099,1,1,5.319148936170213,4.032258064516129,1.3191489361702127,1,1,
measured_paired,2026-07-19T10:41:03.898807+00:00,4924a5d60e36451ff68f2e2aecb3766d0fc3cd871f2e95c9b8c1ae4bd12dbc3f,Debug,19,0,vbs_first,20260738,phase8-paired-32766-19-1784457663711586700,32766,262144,9c5383b2a4f0ece50b90981a9f04c59bd137b251df7f8be215f240fd9952c746,15000,94000,7006,55252,72527,0.0,62.5,0.0,0.0,7994,38748,87,6872,159,128,1650,1507,0,0,14,18,2075,18657,1143,5365760,11726848,2236416,7303168,9,56,50135170,50135170,1,1,16.666666666666668,2.6595744680851063,6.266666666666667,1,1,
measured_paired,2026-07-19T10:41:04.082556+00:00,4924a5d60e36451ff68f2e2aecb3766d0fc3cd871f2e95c9b8c1ae4bd12dbc3f,Debug,20,0,native_first,20260739,phase8-paired-32766-20-1784457663915315000,32766,262144,dea9ada0b6acbfac851bd4cf905b13dda91127a2dfae84895469ea4944726082,31000,79000,7460,41535,57011,0.0,62.5,0.0,0.0,23540,37465,128,1120,189,125,1706,1446,0,0,20,14,2120,18797,885,5513216,11943936,2248704,7278592,18,41,50220045,50220045,1,1,8.064516129032258,3.1645569620253164,2.5483870967741935,1,1,
measured_paired,2026-07-19T10:41:04.309148+00:00,4924a5d60e36451ff68f2e2aecb3766d0fc3cd871f2e95c9b8c1ae4bd12dbc3f,Debug,21,0,vbs_first,20260740,phase8-paired-32766-21-1784457664102450300,32766,262144,a2d57d1dff609903b96bbdeb02ef10694f242076570ed418488762cbac1d0171,16000,109000,7553,48731,74972,0.0,78.125,0.0,0.0,8447,60269,99,7494,177,138,1887,1620,0,0,17,20,1961,18909,1112,5517312,11968512,2244608,7307264,9,64,49760605,49760605,1,1,15.625,2.293577981651376,6.8125,1,1,
measured_paired,2026-07-19T10:41:04.515477+00:00,4924a5d60e36451ff68f2e2aecb3766d0fc3cd871f2e95c9b8c1ae4bd12dbc3f,Debug,22,0,native_first,20260741,phase8-paired-32766-22-1784457664325579000,32766,262144,b45ae6bd5091cf5b013a1cec2d21ea02f68db5929e15686a61b680eef331e8cf,47000,63000,21762,35822,78037,15.625,46.875,0.0,0.0,25238,27178,104,1067,197,134,1967,1580,0,0,29,21,1970,18798,966,5517312,11710464,2248704,7282688,21,43,50192028,50192028,1,1,5.319148936170213,3.9682539682539684,1.3404255319148937,1,1,
measured_paired,2026-07-19T10:41:04.702253+00:00,4924a5d60e36451ff68f2e2aecb3766d0fc3cd871f2e95c9b8c1ae4bd12dbc3f,Debug,23,0,vbs_first,20260742,phase8-paired-32766-23-1784457664531521600,32766,262144,cb805cf7dcf7bac4ffa144993f788a36108436ae99ffbcb8daf165ddbe0adb43,16000,78000,7269,39857,63817,0.0,62.5,0.0,0.0,8731,38143,101,1850,190,148,1847,1606,0,0,18,18,1984,19732,1121,5505024,11718656,2236416,7290880,10,53,50080388,50080388,1,1,15.625,3.2051282051282053,4.875,1,1,
measured_paired,2026-07-19T10:41:04.899423+00:00,4924a5d60e36451ff68f2e2aecb3766d0fc3cd871f2e95c9b8c1ae4bd12dbc3f,Debug,24,0,native_first,20260743,phase8-paired-32766-24-1784457664719070500,32766,262144,b8f191355081432f90849dc2c46cf81548647285f3f69647d107776141937183,47000,78000,20662,44469,62081,15.625,62.5,0.0,0.0,26338,33531,96,1035,185,131,1966,1576,0,0,23,17,2116,18798,924,5632000,11943936,2265088,7282688,21,48,49920527,49920527,1,1,5.319148936170213,3.2051282051282053,1.6595744680851063,1,1,
measured_paired,2026-07-19T10:41:05.113322+00:00,4924a5d60e36451ff68f2e2aecb3766d0fc3cd871f2e95c9b8c1ae4bd12dbc3f,Debug,25,0,vbs_first,20260744,phase8-paired-32766-25-1784457664913788700,32766,262144,eba6436f46b4f34e04f23b680a0fc0757bbe696a2999cff9a284ddf640a6f382,15000,110000,6840,71457,66980,0.0,78.125,0.0,0.0,8160,38543,129,1446,184,129,1657,1580,0,0,17,16,1962,18918,1004,5705728,11927552,2252800,7294976,9,66,49961850,49961850,1,1,16.666666666666668,2.272727272727273,7.333333333333333,1,1,
measured_paired,2026-07-19T10:41:05.286030+00:00,4924a5d60e36451ff68f2e2aecb3766d0fc3cd871f2e95c9b8c1ae4bd12dbc3f,Debug,26,0,native_first,20260745,phase8-paired-32766-26-1784457665129902000,32766,262144,fcc9cab663da24e4e46f3b0cb9bd234b9ec9c23d32ed16e436af3a100e685f50,31000,63000,6552,36177,60853,15.625,46.875,0.0,0.0,24448,26823,140,1151,166,124,1644,1469,0,0,14,14,1888,18897,1151,5365760,11821056,2236416,7282688,19,34,49848593,49848593,1,1,8.064516129032258,3.9682539682539684,2.032258064516129,1,1,
measured_paired,2026-07-19T10:41:05.483088+00:00,4924a5d60e36451ff68f2e2aecb3766d0fc3cd871f2e95c9b8c1ae4bd12dbc3f,Debug,27,0,vbs_first,20260746,phase8-paired-32766-27-1784457665302074300,32766,262144,769d6c902923df9293de852a3f100d7a7948ac22becca686eed048902884870a,16000,78000,7939,41134,79397,0.0,62.5,0.0,0.0,8061,36866,88,1176,160,125,1646,1462,0,0,13,15,1906,19041,882,5521408,11726848,2260992,7307264,8,47,49883690,49883690,1,1,15.625,3.2051282051282053,4.875,1,1,
measured_paired,2026-07-19T10:41:05.698228+00:00,4924a5d60e36451ff68f2e2aecb3766d0fc3cd871f2e95c9b8c1ae4bd12dbc3f,Debug,28,0,native_first,20260747,phase8-paired-32766-28-1784457665499139700,32766,262144,f1f48847f635291c1d471a5aa2aa785f616ec5a270d453301ea64e8a0836f405,47000,78000,21007,51025,76976,15.625,62.5,0.0,0.0,25993,26975,127,864,184,145,1632,1615,0,0,17,22,1920,19078,1099,5775360,11726848,2342912,7303168,20,46,49767716,49767716,1,1,5.319148936170213,3.2051282051282053,1.6595744680851063,1,1,
measured_paired,2026-07-19T10:41:05.905758+00:00,4924a5d60e36451ff68f2e2aecb3766d0fc3cd871f2e95c9b8c1ae4bd12dbc3f,Debug,29,0,vbs_first,20260748,phase8-paired-32766-29-1784457665714674700,32766,262144,80ff57402a5784129c19ef625b36971f221710aa462a7e638a06e23ef3a4c4a3,31000,94000,23077,46085,75111,15.625,46.875,0.0,0.0,7923,47915,84,1152,172,126,1625,1488,0,0,14,14,1961,18651,884,5378048,11718656,2256896,7290880,9,54,49991820,49991820,1,1,8.064516129032258,2.6595744680851063,3.032258064516129,1,1,
measured_paired,2026-07-19T10:41:06.119611+00:00,4924a5d60e36451ff68f2e2aecb3766d0fc3cd871f2e95c9b8c1ae4bd12dbc3f,Debug,30,0,native_first,20260749,phase8-paired-32766-30-1784457665921123400,32766,262144,3bbb8b51b3fb9314d9ee2a554fd0d2ebe7d11c1d4b7160c14a59610f0902d40d,47000,63000,21363,34295,97826,15.625,62.5,0.0,0.0,25637,28705,146,1119,175,129,1778,1485,0,0,22,20,1933,18986,883,5435392,11718656,2240512,7290880,20,36,49825886,49825886,1,1,5.319148936170213,3.9682539682539684,1.3404255319148937,1,1,
measured_paired,2026-07-19T10:41:06.804549+00:00,4924a5d60e36451ff68f2e2aecb3766d0fc3cd871f2e95c9b8c1ae4bd12dbc3f,Debug,1,0,vbs_first,20260720,phase8-paired-99998-1-1784457666513945900,99998,800000,ccdc3d1bb00e11f5116d1b000f0ac0544c634de1d5c1021e0660b3c1ddc78faf,31000,203000,18460,60035,60747,15.625,187.5,0.0,0.0,12540,142965,326,5468,447,387,5247,4517,0,0,59,18,1925,18214,937,6443008,17620992,3321856,13025280,12,117,50053741,50053741,1,1,24.610950100806452,3.7583224291871917,6.548387096774194,1,1,
measured_paired,2026-07-19T10:41:07.062407+00:00,4924a5d60e36451ff68f2e2aecb3766d0fc3cd871f2e95c9b8c1ae4bd12dbc3f,Debug,2,0,native_first,20260721,phase8-paired-99998-2-1784457666849021800,99998,800000,4ad1717a99091b5ad40e3995e9b90eedbad7beffbc429307e40c9dcdf9c5c0cb,47000,109000,15110,41453,56037,31.25,109.375,0.0,0.0,31890,67547,300,2686,409,364,5111,4727,0,0,25,26,1909,17550,899,6459392,17608704,3330048,12955648,24,69,49831296,49831296,1,1,16.23275432180851,6.999444524082569,2.3191489361702127,1,1,
measured_paired,2026-07-19T10:41:07.331145+00:00,4924a5d60e36451ff68f2e2aecb3766d0fc3cd871f2e95c9b8c1ae4bd12dbc3f,Debug,3,0,vbs_first,20260722,phase8-paired-99998-3-1784457667104810000,99998,800000,aa49ffe775ae512a18bbc28ad16eb05ddfc987823b05f8ca3550b9eb23bb840a,16000,140000,2930,50953,68963,15.625,109.375,0.0,0.0,13070,89047,312,17700,408,382,5624,4521,0,0,30,22,1972,18779,882,6443008,17616896,3313664,12951552,12,78,49959069,49959069,1,1,47.6837158203125,5.449567522321428,8.75,1,1,
measured_paired,2026-07-19T10:41:07.607996+00:00,4924a5d60e36451ff68f2e2aecb3766d0fc3cd871f2e95c9b8c1ae4bd12dbc3f,Debug,4,0,native_first,20260723,phase8-paired-99998-4-1784457667375389600,99998,800000,bd955134c7674b57a1f4c9bb9d892afa3b44f7a96958322ac49bfe3dcf887e1e,47000,125000,19053,39612,61795,15.625,109.375,0.0,0.0,27947,85388,323,2700,407,374,5109,4592,0,0,20,23,1937,18908,928,6766592,17612800,3321856,12947456,22,75,50241434,50241434,1,1,16.23275432180851,6.103515625,2.6595744680851063,1,1,
measured_paired,2026-07-19T10:41:07.927431+00:00,4924a5d60e36451ff68f2e2aecb3766d0fc3cd871f2e95c9b8c1ae4bd12dbc3f,Debug,5,0,vbs_first,20260724,phase8-paired-99998-5-1784457667649102700,99998,800000,c094e002c19adcf5fca242d6d762a6a772b98997359b2708d8eb03453c0e7c89,32000,171000,19499,53865,76932,15.625,140.625,0.0,0.0,12501,117135,375,3143,434,387,5050,4575,0,0,22,19,1938,18847,1006,6459392,17620992,3334144,12963840,11,101,50193283,50193283,1,1,23.84185791015625,4.461634228801169,5.34375,1,1,
measured_paired,2026-07-19T10:41:08.208635+00:00,4924a5d60e36451ff68f2e2aecb3766d0fc3cd871f2e95c9b8c1ae4bd12dbc3f,Debug,6,0,native_first,20260725,phase8-paired-99998-6-1784457667973139400,99998,800000,759bd884cf37cffdad137db2ad3216736306bdcbea3f3f52ffc3f1a4bd101a0e,31000,125000,2298,54666,69221,31.25,109.375,0.0,0.0,28702,70334,343,2449,452,367,5170,4560,0,0,17,19,1977,18962,953,6688768,17616896,3383296,12947456,22,74,50118432,50118432,1,1,24.610950100806452,6.103515625,4.032258064516129,1,1,
measured_paired,2026-07-19T10:41:08.477408+00:00,4924a5d60e36451ff68f2e2aecb3766d0fc3cd871f2e95c9b8c1ae4bd12dbc3f,Debug,7,0,vbs_first,20260726,phase8-paired-99998-7-1784457668257313500,99998,800000,d5b66050154ac66b29a64a7c512f69fabf12a45ce8cc81a29ebf4101791de703,32000,109000,19716,36531,78805,15.625,78.125,0.0,0.0,12284,72469,258,3259,407,369,5214,4415,0,0,25,19,1913,18074,883,6447104,17600512,3321856,12931072,11,67,50079861,50079861,1,1,23.84185791015625,6.999444524082569,3.40625,1,1,
measured_paired,2026-07-19T10:41:08.744317+00:00,4924a5d60e36451ff68f2e2aecb3766d0fc3cd871f2e95c9b8c1ae4bd12dbc3f,Debug,8,0,native_first,20260727,phase8-paired-99998-8-1784457668528538000,99998,800000,1d9b4ae343befed6f034a31e833c86ec50e22ac8ebcd9173392b050b57efd18c,46000,94000,17456,27995,72850,15.625,93.75,0.0,0.0,28544,66005,481,2739,432,363,5122,4449,0,0,22,19,1914,19963,948,6455296,17608704,3325952,12947456,21,59,50041650,50041650,1,1,16.585640285326086,8.116377160904255,2.0434782608695654,1,1,
measured_paired,2026-07-19T10:41:08.998107+00:00,4924a5d60e36451ff68f2e2aecb3766d0fc3cd871f2e95c9b8c1ae4bd12dbc3f,Debug,9,0,vbs_first,20260728,phase8-paired-99998-9-1784457668787622100,99998,800000,b9d68235ddcad6a510cdc2d3bb4b1bbceafd5a917b4a5cda3e0bd45f57549238,31000,110000,18518,37617,70028,15.625,78.125,0.0,0.0,12482,72383,267,2227,455,382,5239,4441,0,0,37,19,1875,19141,1015,6590464,17596416,3330048,12931072,12,67,50067681,50067681,1,1,24.610950100806452,6.9358132102272725,3.5483870967741935,1,1,
measured_paired,2026-07-19T10:41:09.284155+00:00,4924a5d60e36451ff68f2e2aecb3766d0fc3cd871f2e95c9b8c1ae4bd12dbc3f,Debug,10,0,native_first,20260729,phase8-paired-99998-10-1784457669044303400,99998,800000,57e17d12e6b0c99c4e502cff046ff8d7a369045cad3a7c6b7fa23577be9e734d,47000,125000,17392,57654,73172,15.625,109.375,0.0,0.0,29608,67346,344,3135,466,382,5656,4665,0,0,38,23,2020,18413,931,6438912,17424384,3309568,12943360,23,75,49926388,49926388,1,1,16.23275432180851,6.103515625,2.6595744680851063,1,1,
measured_paired,2026-07-19T10:41:09.602423+00:00,4924a5d60e36451ff68f2e2aecb3766d0fc3cd871f2e95c9b8c1ae4bd12dbc3f,Debug,11,0,vbs_first,20260730,phase8-paired-99998-11-1784457669326190500,99998,800000,e5154513ca7193d8cfb3dc8d35026d016ffc4312e836487e16b2ec8fe2b38441,31000,188000,18086,42594,61251,15.625,171.875,0.0,0.0,12914,145406,296,19038,474,393,5403,4858,0,0,33,28,2277,18596,936,6578176,17604608,3321856,12967936,12,109,50100032,50100032,1,1,24.610950100806452,4.058188580452128,6.064516129032258,1,1,
measured_paired,2026-07-19T10:41:09.862047+00:00,4924a5d60e36451ff68f2e2aecb3766d0fc3cd871f2e95c9b8c1ae4bd12dbc3f,Debug,12,0,native_first,20260731,phase8-paired-99998-12-1784457669645361400,99998,800000,1c3a0dc86095605abd7dace89db14a37c23b109524f5fef4a3d8515939d0b2b8,31000,109000,1989,37261,67850,31.25,93.75,0.0,0.0,29011,71739,230,2554,418,449,5508,4943,0,0,36,24,2540,18719,967,6447104,17604608,3317760,12939264,22,63,50046980,50046980,1,1,24.610950100806452,6.999444524082569,3.5161290322580645,1,1,
measured_paired,2026-07-19T10:41:10.114615+00:00,4924a5d60e36451ff68f2e2aecb3766d0fc3cd871f2e95c9b8c1ae4bd12dbc3f,Debug,13,0,vbs_first,20260732,phase8-paired-99998-13-1784457669906193400,99998,800000,c22c667ab1c453d182bb81804ba66eb272ee217b4eb7ce2d6b0da00757a581de,16000,125000,3623,40843,57528,15.625,109.375,0.0,0.0,12377,84157,275,2528,413,431,5095,5340,0,0,28,33,2142,18937,926,6586368,17604608,3325952,12926976,12,76,49806616,49806616,1,1,47.6837158203125,6.103515625,7.8125,1,1,
measured_paired,2026-07-19T10:41:10.367008+00:00,4924a5d60e36451ff68f2e2aecb3766d0fc3cd871f2e95c9b8c1ae4bd12dbc3f,Debug,14,0,native_first,20260733,phase8-paired-99998-14-1784457670159506100,99998,800000,5aa54f1bf988ef51af228dd8c33dff74c916ecce85ec12493c395d74fbf0b006,31000,110000,273,43146,61743,31.25,93.75,0.0,0.0,30727,66854,330,2960,418,383,5214,4623,0,0,34,22,1951,19165,935,6594560,17625088,3334144,12955648,23,61,50065031,50065031,1,1,24.610950100806452,6.9358132102272725,3.5483870967741935,1,1,
measured_paired,2026-07-19T10:41:10.653036+00:00,4924a5d60e36451ff68f2e2aecb3766d0fc3cd871f2e95c9b8c1ae4bd12dbc3f,Debug,15,0,vbs_first,20260734,phase8-paired-99998-15-1784457670410099700,99998,800000,9000256d7f16b5a7721f4fe66c29cabc0e2c849c205d88c6efe09a97616b4229,31000,125000,18581,48772,86609,15.625,156.25,0.0,0.0,12419,76228,362,3132,442,372,5053,4669,0,0,15,24,1920,18195,879,6590464,17428480,3325952,12931072,12,76,50057751,50057751,1,1,24.610950100806452,6.103515625,4.032258064516129,1,1,
measured_paired,2026-07-19T10:41:10.956359+00:00,4924a5d60e36451ff68f2e2aecb3766d0fc3cd871f2e95c9b8c1ae4bd12dbc3f,Debug,16,0,native_first,20260735,phase8-paired-99998-16-1784457670695038300,99998,800000,cef6796eda31ab9ef37b557eb20542cf650fb4d28ddc95ebeec207f3bf6226f5,47000,141000,18224,37193,64435,15.625,156.25,0.0,0.0,28776,103807,352,12995,470,378,5622,4460,0,0,43,24,2009,20154,993,6492160,17596416,3321856,12922880,22,92,50010560,50010560,1,1,16.23275432180851,5.410918107269504,3.0,1,1,
measured_paired,2026-07-19T10:41:11.235982+00:00,4924a5d60e36451ff68f2e2aecb3766d0fc3cd871f2e95c9b8c1ae4bd12dbc3f,Debug,17,0,vbs_first,20260736,phase8-paired-99998-17-1784457670999843700,99998,800000,3a0c9fe4faa04f4e5b3cd6b7a344e14bcd6c635701bb3ea9b6265ca1b225aa28,32000,125000,19783,50785,87862,15.625,93.75,0.0,0.0,12217,74215,236,2550,412,363,5015,4481,0,0,21,18,1937,18224,888,6443008,17305600,3317760,12947456,12,75,50130792,50130792,1,1,23.84185791015625,6.103515625,3.90625,1,1,
measured_paired,2026-07-19T10:41:11.597559+00:00,4924a5d60e36451ff68f2e2aecb3766d0fc3cd871f2e95c9b8c1ae4bd12dbc3f,Debug,18,0,native_first,20260737,phase8-paired-99998-18-1784457671280014900,99998,800000,dd6b7aa940ff852daa874f87352fc4c6a1b90232f2e8a0ee251c74f9fd72870c,46000,204000,18653,50203,77367,15.625,187.5,0.0,0.0,27347,153797,529,19524,459,374,5217,4413,0,0,31,24,2006,19851,954,6451200,17608704,3321856,12926976,22,123,50065001,50065001,1,1,16.585640285326086,3.73989928002451,4.434782608695652,1,1,
measured_paired,2026-07-19T10:41:11.867156+00:00,4924a5d60e36451ff68f2e2aecb3766d0fc3cd871f2e95c9b8c1ae4bd12dbc3f,Debug,19,0,vbs_first,20260738,phase8-paired-99998-19-1784457671641064300,99998,800000,867cba1f9b21eba05f3eebf10d798f92228dfb6d19236ff1c57b8fee1c892c9e,31000,125000,18851,38977,66823,15.625,93.75,0.0,0.0,12149,86023,236,2588,403,370,5074,4516,0,0,21,45,1951,19553,976,6590464,17612800,3325952,12935168,12,79,50077451,50077451,1,1,24.610950100806452,6.103515625,4.032258064516129,1,1,
measured_paired,2026-07-19T10:41:12.116549+00:00,4924a5d60e36451ff68f2e2aecb3766d0fc3cd871f2e95c9b8c1ae4bd12dbc3f,Debug,20,0,native_first,20260739,phase8-paired-99998-20-1784457671909744100,99998,800000,175f5fb561ab5cd8dd389feccef7e0e2a4d0e1de1414562fb3f6f17b763ff837,31000,110000,2686,43714,59622,15.625,93.75,0.0,0.0,28314,66286,415,2629,517,395,5146,4461,0,0,19,18,1922,17956,1158,6594560,17600512,3334144,12935168,21,63,50059601,50059601,1,1,24.610950100806452,6.9358132102272725,3.5483870967741935,1,1,
measured_paired,2026-07-19T10:41:12.411425+00:00,4924a5d60e36451ff68f2e2aecb3766d0fc3cd871f2e95c9b8c1ae4bd12dbc3f,Debug,21,0,vbs_first,20260740,phase8-paired-99998-21-1784457672157834100,99998,800000,46088c0bead31527312b89b26329b380ddb200ff13a7546094eeafa8a4c008be,31000,141000,18690,44844,79382,15.625,140.625,0.0,0.0,12310,96156,322,2439,428,372,5032,4511,0,0,17,21,1936,17923,1004,6664192,17526784,3366912,12935168,12,90,49907428,49907428,1,1,24.610950100806452,5.410918107269504,4.548387096774194,1,1,
measured_paired,2026-07-19T10:41:12.682505+00:00,4924a5d60e36451ff68f2e2aecb3766d0fc3cd871f2e95c9b8c1ae4bd12dbc3f,Debug,22,0,native_first,20260741,phase8-paired-99998-22-1784457672456464800,99998,800000,cb05d82eb8282615eef2b193aaae7f6f98c82ba9743fd28095b37fc1e25d8d92,31000,110000,3541,43457,74205,15.625,93.75,0.0,0.0,27459,66543,318,2755,432,368,5025,5324,0,0,27,23,1914,19520,1026,6582272,17616896,3321856,12943360,22,63,50220634,50220634,1,1,24.610950100806452,6.9358132102272725,3.5483870967741935,1,1,
measured_paired,2026-07-19T10:41:12.927612+00:00,4924a5d60e36451ff68f2e2aecb3766d0fc3cd871f2e95c9b8c1ae4bd12dbc3f,Debug,23,0,vbs_first,20260742,phase8-paired-99998-23-1784457672724972800,99998,800000,800ade585c658552602082e2dc9a338992a2b12d832074f560a70e61a75d1a88,31000,109000,17803,33776,59820,15.625,93.75,0.0,0.0,13197,75224,398,3249,430,426,5722,4706,0,0,26,20,1888,19003,1149,6459392,17608704,3338240,12926976,12,68,50092511,50092511,1,1,24.610950100806452,6.999444524082569,3.5161290322580645,1,1,
measured_paired,2026-07-19T10:41:13.219153+00:00,4924a5d60e36451ff68f2e2aecb3766d0fc3cd871f2e95c9b8c1ae4bd12dbc3f,Debug,24,0,native_first,20260743,phase8-paired-99998-24-1784457672968807500,99998,800000,ae2d19f924a600f7ad7ff46661c2132189a9b3a7a600ff6a89efd0ed0064abbc,31000,156000,852,49647,58034,15.625,140.625,0.0,0.0,30148,106353,360,1878,473,366,5111,4445,0,0,29,18,1898,18564,981,6447104,17608704,3325952,12935168,24,90,49954689,49954689,1,1,24.610950100806452,4.890637520032051,5.032258064516129,1,1,
measured_paired,2026-07-19T10:41:13.519203+00:00,4924a5d60e36451ff68f2e2aecb3766d0fc3cd871f2e95c9b8c1ae4bd12dbc3f,Debug,25,0,vbs_first,20260744,phase8-paired-99998-25-1784457673262059800,99998,800000,19a860d6ada93be5d47f06098eca4d544f77b31db2db40e55e38e584dfd840af,31000,172000,18481,55578,58050,15.625,156.25,0.0,0.0,12519,116422,359,18949,442,377,5056,4547,0,0,22,25,1904,19604,930,6463488,17432576,3330048,12939264,12,104,49853707,49853707,1,1,24.610950100806452,4.435694494912791,5.548387096774194,1,1,
measured_paired,2026-07-19T10:41:13.804209+00:00,4924a5d60e36451ff68f2e2aecb3766d0fc3cd871f2e95c9b8c1ae4bd12dbc3f,Debug,26,0,native_first,20260745,phase8-paired-99998-26-1784457673563820700,99998,800000,73e7c0930d920d762b409212faeae01f460f0f0a2ec9dbe9fc5de1e53a6a59fc,32000,125000,3787,59489,72094,15.625,109.375,0.0,0.0,28213,65511,397,2779,447,362,4978,4522,0,0,20,21,1900,17761,886,6455296,17608704,3330048,12931072,21,75,49903558,49903558,1,1,23.84185791015625,6.103515625,3.90625,1,1,
measured_paired,2026-07-19T10:41:14.076148+00:00,4924a5d60e36451ff68f2e2aecb3766d0fc3cd871f2e95c9b8c1ae4bd12dbc3f,Debug,27,0,vbs_first,20260746,phase8-paired-99998-27-1784457673845690400,99998,800000,1bf9965cbbc4b47b7968574c0cc0273636b4187a50714191b01073406fc8c7c4,16000,140000,3577,34049,59455,15.625,125.0,0.0,0.0,12423,105951,237,2963,411,368,5217,4474,0,0,36,19,2101,18768,967,6451200,17240064,3321856,12947456,12,88,50105282,50105282,1,1,47.6837158203125,5.449567522321428,8.75,1,1,
measured_paired,2026-07-19T10:41:14.362218+00:00,4924a5d60e36451ff68f2e2aecb3766d0fc3cd871f2e95c9b8c1ae4bd12dbc3f,Debug,28,0,native_first,20260747,phase8-paired-99998-28-1784457674119078500,99998,800000,6125110ada9ca53e14018747a5566087948df9c7657085fd5cb13ad1795ab462,47000,110000,15598,37216,81299,15.625,93.75,0.0,0.0,31402,72784,300,3273,479,410,6160,4951,0,0,36,25,2081,18879,968,6451200,17616896,3325952,12951552,24,69,49961179,49961179,1,1,16.23275432180851,6.9358132102272725,2.3404255319148937,1,1,
measured_paired,2026-07-19T10:41:14.656510+00:00,4924a5d60e36451ff68f2e2aecb3766d0fc3cd871f2e95c9b8c1ae4bd12dbc3f,Debug,29,0,vbs_first,20260748,phase8-paired-99998-29-1784457674408343000,99998,800000,3c60134e4c9622a6012bdcb5160150c085a4ed75ad75ab5ae17ac3bcb877ba18,32000,156000,18813,37082,58473,15.625,125.0,0.0,0.0,13187,118918,272,17199,455,401,5706,4742,0,0,42,22,2040,18384,882,6717440,17625088,3371008,12959744,13,99,50070541,50070541,1,1,23.84185791015625,4.890637520032051,4.875,1,1,
measured_paired,2026-07-19T10:41:14.964141+00:00,4924a5d60e36451ff68f2e2aecb3766d0fc3cd871f2e95c9b8c1ae4bd12dbc3f,Debug,30,0,native_first,20260749,phase8-paired-99998-30-1784457674698127900,99998,800000,2688fca39eef0694631ffdf49cbb2a36627875fe26883f68f488fcef96e51bdd,47000,157000,18479,47093,70968,15.625,156.25,0.0,0.0,28521,109907,245,2910,446,367,5314,4522,0,0,30,21,1914,18449,1092,6594560,17608704,3334144,12926976,23,91,49844186,49844186,1,1,16.23275432180851,4.859486962579618,3.3404255319148937,1,1,
