payload_bytes,run,stage,latency_us,total_validated_vbs_us,percent_of_total_vbs_latency,measurement_type
1024,1,Transcript,12.0,160509.0,0.007476216286937181,measured_paired
1024,1,Evidence generation,2063.0,160509.0,1.2852861833292837,measured_paired
1024,1,External validation,72500.0,160509.0,45.168806733578805,measured_paired
1024,2,Transcript,19.0,140053.0,0.013566292760597773,measured_paired
1024,2,Evidence generation,2014.0,140053.0,1.438027032623364,measured_paired
1024,2,External validation,82228.0,140053.0,58.71205900623335,measured_paired
1024,3,Transcript,10.0,158983.0,0.006289980689759282,measured_paired
1024,3,Evidence generation,2308.0,158983.0,1.4517275431964425,measured_paired
1024,3,External validation,80486.0,158983.0,50.62553857959656,measured_paired
1024,4,Transcript,10.0,140679.0,0.007108381492617946,measured_paired
1024,4,Evidence generation,2093.0,140679.0,1.487784246404936,measured_paired
1024,4,External validation,62377.0,140679.0,44.33995123650296,measured_paired
1024,5,Transcript,10.0,155296.0,0.006439315887080157,measured_paired
1024,5,Evidence generation,2406.0,155296.0,1.5492994024314857,measured_paired
1024,5,External validation,77566.0,155296.0,49.94719760972594,measured_paired
1024,6,Transcript,10.0,123158.0,0.008119651179785317,measured_paired
1024,6,Evidence generation,1938.0,123158.0,1.5735883986423944,measured_paired
1024,6,External validation,82852.0,123158.0,67.2729339547573,measured_paired
1024,7,Transcript,10.0,171315.0,0.0058372004786504395,measured_paired
1024,7,Evidence generation,2173.0,171315.0,1.2684236640107405,measured_paired
1024,7,External validation,87679.0,171315.0,51.17999007675919,measured_paired
1024,8,Transcript,15.0,117585.0,0.012756729174639622,measured_paired
1024,8,Evidence generation,2116.0,117585.0,1.7995492622358293,measured_paired
1024,8,External validation,66444.0,117585.0,56.50720755198367,measured_paired
1024,9,Transcript,11.0,162024.0,0.006789117661581,measured_paired
1024,9,Evidence generation,1970.0,162024.0,1.2158692539376883,measured_paired
1024,9,External validation,89634.0,162024.0,55.32143386165013,measured_paired
1024,10,Transcript,13.0,116187.0,0.011188859338824481,measured_paired
1024,10,Evidence generation,2091.0,116187.0,1.7996849905755377,measured_paired
1024,10,External validation,73329.0,116187.0,63.112912804358494,measured_paired
1024,11,Transcript,10.0,164659.0,0.006073157252260733,measured_paired
1024,11,Evidence generation,1924.0,164659.0,1.168475455334965,measured_paired
1024,11,External validation,70262.0,164659.0,42.67121748583436,measured_paired
1024,12,Transcript,15.0,139649.0,0.010741215475943257,measured_paired
1024,12,Evidence generation,2111.0,139649.0,1.5116470579810812,measured_paired
1024,12,External validation,90407.0,139649.0,64.73873783557347,measured_paired
1024,13,Transcript,13.0,157068.0,0.008276669977334658,measured_paired
1024,13,Evidence generation,2398.0,157068.0,1.5267272773575775,measured_paired
1024,13,External validation,78600.0,157068.0,50.04202001680801,measured_paired
1024,14,Transcript,11.0,122429.0,0.008984799353094446,measured_paired
1024,14,Evidence generation,1963.0,122429.0,1.6033782845567635,measured_paired
1024,14,External validation,78639.0,122429.0,64.2323305752722,measured_paired
1024,15,Transcript,12.0,132649.0,0.009046430806112372,measured_paired
1024,15,Evidence generation,1999.0,132649.0,1.5069845984515526,measured_paired
1024,15,External validation,72041.0,132649.0,54.30949347526178,measured_paired
1024,16,Transcript,11.0,141146.0,0.00779334873110113,measured_paired
1024,16,Evidence generation,1923.0,141146.0,1.3624190554461337,measured_paired
1024,16,External validation,81641.0,141146.0,57.8415257959843,measured_paired
1024,17,Transcript,12.0,142112.0,0.008444044134204009,measured_paired
1024,17,Evidence generation,2130.0,142112.0,1.4988178338212115,measured_paired
1024,17,External validation,79098.0,142112.0,55.65891691060572,measured_paired
1024,18,Transcript,11.0,125668.0,0.008753222777477162,measured_paired
1024,18,Evidence generation,1938.0,125668.0,1.5421587038864308,measured_paired
1024,18,External validation,62914.0,125668.0,50.063659802018016,measured_paired
1024,19,Transcript,13.0,161373.0,0.008055870560750559,measured_paired
1024,19,Evidence generation,1921.0,161373.0,1.190409795938602,measured_paired
1024,19,External validation,72867.0,161373.0,45.15439385770854,measured_paired
1024,20,Transcript,12.0,127442.0,0.009416048084618885,measured_paired
1024,20,Evidence generation,2007.0,127442.0,1.5748340421525087,measured_paired
1024,20,External validation,74864.0,127442.0,58.743585317242356,measured_paired
1024,21,Transcript,10.0,137692.0,0.00726258606164483,measured_paired
1024,21,Evidence generation,1953.0,137692.0,1.4183830578392354,measured_paired
1024,21,External validation,68103.0,137692.0,49.46038985561979,measured_paired
1024,22,Transcript,11.0,121501.0,0.009053423428613757,measured_paired
1024,22,Evidence generation,1943.0,121501.0,1.5991637928905935,measured_paired
1024,22,External validation,70966.0,121501.0,58.407749730454896,measured_paired
1024,23,Transcript,10.0,136076.0,0.007348834474852289,measured_paired
1024,23,Evidence generation,1910.0,136076.0,1.403627384696787,measured_paired
1024,23,External validation,66045.0,136076.0,48.535377289161936,measured_paired
1024,24,Transcript,11.0,135818.0,0.008099073760473575,measured_paired
1024,24,Evidence generation,1972.0,135818.0,1.451943041423081,measured_paired
1024,24,External validation,92327.0,135818.0,67.9784711893858,measured_paired
1024,25,Transcript,12.0,161024.0,0.007452305246422894,measured_paired
1024,25,Evidence generation,1943.0,161024.0,1.2066524244833068,measured_paired
1024,25,External validation,82326.0,161024.0,51.12654014308426,measured_paired
1024,26,Transcript,11.0,110676.0,0.009938920813907261,measured_paired
1024,26,Evidence generation,2059.0,110676.0,1.8603852687122773,measured_paired
1024,26,External validation,67547.0,110676.0,61.03129856518125,measured_paired
1024,27,Transcript,11.0,168666.0,0.006521764908161693,measured_paired
1024,27,Evidence generation,1894.0,168666.0,1.1229293396416586,measured_paired
1024,27,External validation,76638.0,168666.0,45.43772900288143,measured_paired
1024,28,Transcript,10.0,134198.0,0.0074516758819058405,measured_paired
1024,28,Evidence generation,1889.0,134198.0,1.4076215740920133,measured_paired
1024,28,External validation,78290.0,134198.0,58.339170479440824,measured_paired
1024,29,Transcript,12.0,151075.0,0.007943074631805394,measured_paired
1024,29,Evidence generation,1941.0,151075.0,1.2847923216945225,measured_paired
1024,29,External validation,67838.0,151075.0,44.90352473936786,measured_paired
1024,30,Transcript,12.0,134591.0,0.008915900766024474,measured_paired
1024,30,Evidence generation,1908.0,134591.0,1.4176282217978915,measured_paired
1024,30,External validation,73553.0,134591.0,54.64927075361651,measured_paired
4096,1,Transcript,12.0,144235.0,0.008319755953825354,measured_paired
4096,1,Evidence generation,1919.0,144235.0,1.3304676396159045,measured_paired
4096,1,External validation,79070.0,144235.0,54.82025860574756,measured_paired
4096,2,Transcript,12.0,159324.0,0.007531821947729156,measured_paired
4096,2,Evidence generation,1979.0,159324.0,1.2421229695463332,measured_paired
4096,2,External validation,105198.0,159324.0,66.02771710476765,measured_paired
4096,3,Transcript,11.0,153549.0,0.0071638369510709935,measured_paired
4096,3,Evidence generation,1867.0,153549.0,1.2158985079681404,measured_paired
4096,3,External validation,75972.0,153549.0,49.477365531524136,measured_paired
4096,4,Transcript,14.0,144242.0,0.00970591089973794,measured_paired
4096,4,Evidence generation,3026.0,144242.0,2.0978633130433577,measured_paired
4096,4,External validation,74581.0,144242.0,51.705467200953954,measured_paired
4096,5,Transcript,14.0,151398.0,0.009247149896299819,measured_paired
4096,5,Evidence generation,1919.0,151398.0,1.2675200464999539,measured_paired
4096,5,External validation,65605.0,151398.0,43.33280492476783,measured_paired
4096,6,Transcript,11.0,128100.0,0.00858704137392662,measured_paired
4096,6,Evidence generation,1934.0,128100.0,1.5097580015612801,measured_paired
4096,6,External validation,69242.0,128100.0,54.05308352849337,measured_paired
4096,7,Transcript,14.0,150748.0,0.009287022050043782,measured_paired
4096,7,Evidence generation,2000.0,150748.0,1.3267174357205402,measured_paired
4096,7,External validation,70220.0,150748.0,46.58104916814817,measured_paired
4096,8,Transcript,12.0,142610.0,0.008414557183928195,measured_paired
4096,8,Evidence generation,2189.0,142610.0,1.534955472968235,measured_paired
4096,8,External validation,80297.0,142610.0,56.30530818315686,measured_paired
4096,9,Transcript,12.0,158566.0,0.0075678266463176215,measured_paired
4096,9,Evidence generation,1939.0,158566.0,1.2228346556008223,measured_paired
4096,9,External validation,83279.0,158566.0,52.52008627322377,measured_paired
4096,10,Transcript,11.0,130719.0,0.00841499705475103,measured_paired
4096,10,Evidence generation,1873.0,130719.0,1.4328444985044255,measured_paired
4096,10,External validation,71922.0,130719.0,55.02031074289124,measured_paired
4096,11,Transcript,13.0,136717.0,0.009508693139843618,measured_paired
4096,11,Evidence generation,2557.0,136717.0,1.8702867968138563,measured_paired
4096,11,External validation,65632.0,136717.0,48.00573447340126,measured_paired
4096,12,Transcript,11.0,141129.0,0.007794287495837142,measured_paired
4096,12,Evidence generation,1925.0,141129.0,1.3640003117714998,measured_paired
4096,12,External validation,82154.0,141129.0,58.21199044845496,measured_paired
4096,13,Transcript,11.0,162159.0,0.006783465610912746,measured_paired
4096,13,Evidence generation,1969.0,162159.0,1.2142403443533816,measured_paired
4096,13,External validation,73364.0,162159.0,45.24201555263661,measured_paired
4096,14,Transcript,11.0,144223.0,0.007627077511908642,measured_paired
4096,14,Evidence generation,2017.0,144223.0,1.3985286674108846,measured_paired
4096,14,External validation,77964.0,144223.0,54.057951921676846,measured_paired
4096,15,Transcript,14.0,132826.0,0.010540105099905139,measured_paired
4096,15,Evidence generation,1976.0,132826.0,1.487660548386611,measured_paired
4096,15,External validation,67623.0,132826.0,50.9109662264918,measured_paired
4096,16,Transcript,11.0,137349.0,0.008008795113178837,measured_paired
4096,16,Evidence generation,1873.0,137349.0,1.363679386089451,measured_paired
4096,16,External validation,74092.0,137349.0,53.94433159324058,measured_paired
4096,17,Transcript,11.0,160659.0,0.006846799743556228,measured_paired
4096,17,Evidence generation,1971.0,160659.0,1.2268220267772114,measured_paired
4096,17,External validation,78591.0,160659.0,48.917894422347956,measured_paired
4096,18,Transcript,15.0,116249.0,0.01290333680289723,measured_paired
4096,18,Evidence generation,2060.0,116249.0,1.7720582542645529,measured_paired
4096,18,External validation,66349.0,116249.0,57.07489956902855,measured_paired
4096,19,Transcript,11.0,141213.0,0.007789651094445979,measured_paired
4096,19,Evidence generation,1928.0,141213.0,1.3653133918265314,measured_paired
4096,19,External validation,65917.0,141213.0,46.67913010841778,measured_paired
4096,20,Transcript,11.0,163927.0,0.006710303976770147,measured_paired
4096,20,Evidence generation,1989.0,163927.0,1.213344964526893,measured_paired
4096,20,External validation,92445.0,163927.0,56.39400464841057,measured_paired
4096,21,Transcript,11.0,163347.0,0.006734130409496348,measured_paired
4096,21,Evidence generation,2210.0,163347.0,1.3529480186351754,measured_paired
4096,21,External validation,81513.0,163347.0,49.90174291538871,measured_paired
4096,22,Transcript,11.0,128681.0,0.008548270529448792,measured_paired
4096,22,Evidence generation,1908.0,128681.0,1.4827363791080268,measured_paired
4096,22,External validation,71643.0,128681.0,55.67488595829998,measured_paired
4096,23,Transcript,11.0,154089.0,0.007138731512307822,measured_paired
4096,23,Evidence generation,2122.0,154089.0,1.3771262062833818,measured_paired
4096,23,External validation,78961.0,154089.0,51.24376172212163,measured_paired
4096,24,Transcript,11.0,153665.0,0.007158429050206618,measured_paired
4096,24,Evidence generation,1957.0,153665.0,1.2735496046594865,measured_paired
4096,24,External validation,84923.0,153665.0,55.265024566426966,measured_paired
4096,25,Transcript,11.0,138288.0,0.007954413976628485,measured_paired
4096,25,Evidence generation,1920.0,138288.0,1.3884068031933356,measured_paired
4096,25,External validation,65234.0,138288.0,47.17256739558024,measured_paired
4096,26,Transcript,11.0,121289.0,0.009069247829564099,measured_paired
4096,26,Evidence generation,1911.0,121289.0,1.5755756911179084,measured_paired
4096,26,External validation,72732.0,121289.0,59.965866649077824,measured_paired
4096,27,Transcript,12.0,143810.0,0.008344343230651554,measured_paired
4096,27,Evidence generation,1873.0,143810.0,1.30241290591753,measured_paired
4096,27,External validation,70143.0,143810.0,48.774772268966,measured_paired
4096,28,Transcript,11.0,137042.0,0.008026736329008625,measured_paired
4096,28,Evidence generation,1969.0,137042.0,1.436785802892544,measured_paired
4096,28,External validation,87720.0,137042.0,64.0095737073306,measured_paired
4096,29,Transcript,19.0,165389.0,0.011488067525651645,measured_paired
4096,29,Evidence generation,1957.0,165389.0,1.1832709551421194,measured_paired
4096,29,External validation,81940.0,165389.0,49.54380279220504,measured_paired
4096,30,Transcript,10.0,131474.0,0.007606066598719138,measured_paired
4096,30,Evidence generation,2193.0,131474.0,1.6680104050991071,measured_paired
4096,30,External validation,78750.0,131474.0,59.89777446491321,measured_paired
16384,1,Transcript,13.0,153807.0,0.008452151072447938,measured_paired
16384,1,Evidence generation,1889.0,153807.0,1.2281625673733965,measured_paired
16384,1,External validation,71361.0,153807.0,46.396457898535175,measured_paired
16384,2,Transcript,11.0,127363.0,0.00863673123277561,measured_paired
16384,2,Evidence generation,1902.0,127363.0,1.4933693458853827,measured_paired
16384,2,External validation,74389.0,127363.0,58.407072697722256,measured_paired
16384,3,Transcript,12.0,149989.0,0.008000586709692043,measured_paired
16384,3,Evidence generation,1910.0,149989.0,1.273426717959317,measured_paired
16384,3,External validation,79746.0,149989.0,53.16789897925848,measured_paired
16384,4,Transcript,11.0,151239.0,0.0072732562368172235,measured_paired
16384,4,Evidence generation,1883.0,151239.0,1.245049226720621,measured_paired
16384,4,External validation,75311.0,151239.0,49.7960182228129,measured_paired
16384,5,Transcript,13.0,194871.0,0.006671079842562515,measured_paired
16384,5,Evidence generation,2104.0,194871.0,1.0796886145193487,measured_paired
16384,5,External validation,90156.0,194871.0,46.264451868158936,measured_paired
16384,6,Transcript,13.0,144969.0,0.008967434417013292,measured_paired
16384,6,Evidence generation,1846.0,144969.0,1.2733756872158875,measured_paired
16384,6,External validation,82533.0,144969.0,56.931481903027546,measured_paired
16384,7,Transcript,11.0,148888.0,0.007388103809574983,measured_paired
16384,7,Evidence generation,1849.0,148888.0,1.2418730858094675,measured_paired
16384,7,External validation,73575.0,148888.0,49.41633979904358,measured_paired
16384,8,Transcript,12.0,143192.0,0.008380356444494105,measured_paired
16384,8,Evidence generation,1984.0,143192.0,1.3855522654896921,measured_paired
16384,8,External validation,77125.0,143192.0,53.861249231800656,measured_paired
16384,9,Transcript,11.0,151170.0,0.00727657604021962,measured_paired
16384,9,Evidence generation,1927.0,151170.0,1.274723820863928,measured_paired
16384,9,External validation,80635.0,151170.0,53.340609909373555,measured_paired
16384,10,Transcript,11.0,148522.0,0.007406310176270183,measured_paired
16384,10,Evidence generation,1922.0,148522.0,1.2940843780719355,measured_paired
16384,10,External validation,85660.0,148522.0,57.674957245391255,measured_paired
16384,11,Transcript,11.0,147539.0,0.0074556557927056575,measured_paired
16384,11,Evidence generation,2208.0,147539.0,1.4965534536630993,measured_paired
16384,11,External validation,64984.0,147539.0,44.04530327574404,measured_paired
16384,12,Transcript,12.0,118069.0,0.010163548433543097,measured_paired
16384,12,Evidence generation,1930.0,118069.0,1.634637373061515,measured_paired
16384,12,External validation,67134.0,118069.0,56.85997171145686,measured_paired
16384,13,Transcript,12.0,162324.0,0.007392622163081245,measured_paired
16384,13,Evidence generation,1978.0,162324.0,1.2185505532145586,measured_paired
16384,13,External validation,79794.0,162324.0,49.15724107340874,measured_paired
16384,14,Transcript,11.0,117902.0,0.009329782361622364,measured_paired
16384,14,Evidence generation,1881.0,117902.0,1.5953927838374242,measured_paired
16384,14,External validation,71647.0,117902.0,60.768265169377955,measured_paired
16384,15,Transcript,12.0,163619.0,0.0073341115640604086,measured_paired
16384,15,Evidence generation,1880.0,163619.0,1.1490108117027973,measured_paired
16384,15,External validation,72459.0,163619.0,44.28519915168776,measured_paired
16384,16,Transcript,11.0,134446.0,0.00818172351724856,measured_paired
16384,16,Evidence generation,1862.0,134446.0,1.3849426535560745,measured_paired
16384,16,External validation,89183.0,134446.0,66.33369531261621,measured_paired
16384,17,Transcript,11.0,138133.0,0.007963339679873746,measured_paired
16384,17,Evidence generation,1859.0,138133.0,1.345804405898663,measured_paired
16384,17,External validation,62826.0,138133.0,45.48225261161345,measured_paired
16384,18,Transcript,11.0,134294.0,0.008190983960564136,measured_paired
16384,18,Evidence generation,2058.0,134294.0,1.5324586355309993,measured_paired
16384,18,External validation,79708.0,134294.0,59.353359048058735,measured_paired
16384,19,Transcript,12.0,159267.0,0.00753451750833506,measured_paired
16384,19,Evidence generation,1904.0,159267.0,1.1954767779891629,measured_paired
16384,19,External validation,79796.0,159267.0,50.10202992459204,measured_paired
16384,20,Transcript,12.0,121033.0,0.009914651376070989,measured_paired
16384,20,Evidence generation,1966.0,121033.0,1.6243503837796303,measured_paired
16384,20,External validation,71038.0,121033.0,58.69308370444424,measured_paired
16384,21,Transcript,14.0,145199.0,0.009641939682780185,measured_paired
16384,21,Evidence generation,2105.0,145199.0,1.449734502303735,measured_paired
16384,21,External validation,74146.0,145199.0,51.06508997995854,measured_paired
16384,22,Transcript,12.0,148971.0,0.008055259077270073,measured_paired
16384,22,Evidence generation,2181.0,148971.0,1.4640433372938357,measured_paired
16384,22,External validation,87011.0,148971.0,58.40801229769553,measured_paired
16384,23,Transcript,11.0,164578.0,0.00668376089149218,measured_paired
16384,23,Evidence generation,2262.0,164578.0,1.374424285141392,measured_paired
16384,23,External validation,78178.0,164578.0,47.50209627046142,measured_paired
16384,24,Transcript,13.0,137313.0,0.009467421147305791,measured_paired
16384,24,Evidence generation,2062.0,137313.0,1.501678646595734,measured_paired
16384,24,External validation,81322.0,137313.0,59.22381711855396,measured_paired
16384,25,Transcript,32.0,159422.0,0.020072511949417268,measured_paired
16384,25,Evidence generation,2337.0,159422.0,1.46592063830588,measured_paired
16384,25,External validation,79342.0,159422.0,49.76853884658328,measured_paired
16384,26,Transcript,11.0,135451.0,0.008121017932684145,measured_paired
16384,26,Evidence generation,1878.0,135451.0,1.3864792434164384,measured_paired
16384,26,External validation,82453.0,135451.0,60.87293560032779,measured_paired
16384,27,Transcript,11.0,128587.0,0.008554519508192897,measured_paired
16384,27,Evidence generation,1857.0,128587.0,1.4441584297012917,measured_paired
16384,27,External validation,60565.0,128587.0,47.100406728518436,measured_paired
16384,28,Transcript,11.0,112118.0,0.009811091885335093,measured_paired
16384,28,Evidence generation,1859.0,112118.0,1.6580745286216307,measured_paired
16384,28,External validation,65504.0,112118.0,58.42416025972636,measured_paired
16384,29,Transcript,11.0,143417.0,0.007669941499264383,measured_paired
16384,29,Evidence generation,1832.0,143417.0,1.2773938933320317,measured_paired
16384,29,External validation,70358.0,143417.0,49.05834036411304,measured_paired
16384,30,Transcript,12.0,134612.0,0.008914509850533384,measured_paired
16384,30,Evidence generation,2068.0,134612.0,1.5362671975752533,measured_paired
16384,30,External validation,65478.0,134612.0,48.64202299943541,measured_paired
65536,1,Transcript,16.0,155898.0,0.010263120758444624,measured_paired
65536,1,Evidence generation,2123.0,155898.0,1.361787835636121,measured_paired
65536,1,External validation,82740.0,155898.0,53.073163222106764,measured_paired
65536,2,Transcript,11.0,135703.0,0.0081059372305697,measured_paired
65536,2,Evidence generation,1872.0,135703.0,1.3794831359660435,measured_paired
65536,2,External validation,73181.0,135703.0,53.92732658821102,measured_paired
65536,3,Transcript,11.0,156422.0,0.007032258889414533,measured_paired
65536,3,Evidence generation,1845.0,156422.0,1.1795016046336193,measured_paired
65536,3,External validation,74859.0,156422.0,47.85707892751659,measured_paired
65536,4,Transcript,13.0,137878.0,0.009428625306430322,measured_paired
65536,4,Evidence generation,1918.0,137878.0,1.3910848721333353,measured_paired
65536,4,External validation,79245.0,137878.0,57.47472403139007,measured_paired
65536,5,Transcript,13.0,153876.0,0.008448361017962515,measured_paired
65536,5,Evidence generation,1917.0,153876.0,1.2458083131872417,measured_paired
65536,5,External validation,69941.0,153876.0,45.45283215056279,measured_paired
65536,6,Transcript,19.0,139761.0,0.013594636558124226,measured_paired
65536,6,Evidence generation,1906.0,139761.0,1.3637566989360408,measured_paired
65536,6,External validation,72437.0,139761.0,51.829194124254975,measured_paired
65536,7,Transcript,18.0,163292.0,0.011023197707174876,measured_paired
65536,7,Evidence generation,1884.0,163292.0,1.153761360017637,measured_paired
65536,7,External validation,87663.0,163292.0,53.684810033559515,measured_paired
65536,8,Transcript,12.0,132187.0,0.009078048522169351,measured_paired
65536,8,Evidence generation,1871.0,132187.0,1.4154190654149046,measured_paired
65536,8,External validation,73623.0,132187.0,55.69609719563951,measured_paired
65536,9,Transcript,12.0,173882.0,0.0069012318698887755,measured_paired
65536,9,Evidence generation,2164.0,173882.0,1.2445221472032757,measured_paired
65536,9,External validation,90868.0,173882.0,52.2584281294211,measured_paired
65536,10,Transcript,11.0,136808.0,0.008040465469855564,measured_paired
65536,10,Evidence generation,2009.0,136808.0,1.4684813753581663,measured_paired
65536,10,External validation,76688.0,136808.0,56.05520145020759,measured_paired
65536,11,Transcript,25.0,146581.0,0.0170554164591591,measured_paired
65536,11,Evidence generation,2067.0,146581.0,1.4101418328432744,measured_paired
65536,11,External validation,71687.0,146581.0,48.90606558830954,measured_paired
65536,12,Transcript,12.0,131239.0,0.009143623465585686,measured_paired
65536,12,Evidence generation,2038.0,131239.0,1.5528920519053024,measured_paired
65536,12,External validation,70763.0,131239.0,53.91918560793667,measured_paired
65536,13,Transcript,14.0,151928.0,0.009214891264283081,measured_paired
65536,13,Evidence generation,1882.0,151928.0,1.238744668527197,measured_paired
65536,13,External validation,83486.0,151928.0,54.951029434995526,measured_paired
65536,14,Transcript,11.0,154335.0,0.0071273528363624584,measured_paired
65536,14,Evidence generation,2123.0,154335.0,1.3755790974179545,measured_paired
65536,14,External validation,88578.0,154335.0,57.39333268539217,measured_paired
65536,15,Transcript,11.0,146589.0,0.0075039736951613015,measured_paired
65536,15,Evidence generation,1896.0,146589.0,1.2934121932750753,measured_paired
65536,15,External validation,79966.0,146589.0,54.55116004611533,measured_paired
65536,16,Transcript,11.0,165848.0,0.006632579229173701,measured_paired
65536,16,Evidence generation,1908.0,165848.0,1.1504510153875838,measured_paired
65536,16,External validation,85736.0,165848.0,51.69552843567604,measured_paired
65536,17,Transcript,16.0,138833.0,0.011524637514135688,measured_paired
65536,17,Evidence generation,2010.0,138833.0,1.447782587713296,measured_paired
65536,17,External validation,63376.0,138833.0,45.64908919349146,measured_paired
65536,18,Transcript,11.0,133704.0,0.008227128582540537,measured_paired
65536,18,Evidence generation,1914.0,133704.0,1.4315203733620534,measured_paired
65536,18,External validation,74474.0,133704.0,55.70065218692036,measured_paired
65536,19,Transcript,13.0,169394.0,0.007674415858885203,measured_paired
65536,19,Evidence generation,1882.0,169394.0,1.1110192804939962,measured_paired
65536,19,External validation,82271.0,169394.0,48.56783593279573,measured_paired
65536,20,Transcript,10.0,148499.0,0.006734052081158796,measured_paired
65536,20,Evidence generation,2254.0,148499.0,1.5178553390931926,measured_paired
65536,20,External validation,78196.0,148499.0,52.657593653829316,measured_paired
65536,21,Transcript,11.0,159462.0,0.006898195181297111,measured_paired
65536,21,Evidence generation,1910.0,159462.0,1.1977775269343167,measured_paired
65536,21,External validation,70408.0,159462.0,44.153466029524274,measured_paired
65536,22,Transcript,11.0,148037.0,0.007430574788735249,measured_paired
65536,22,Evidence generation,1864.0,148037.0,1.2591446732911367,measured_paired
65536,22,External validation,69222.0,148037.0,46.75993163871194,measured_paired
65536,23,Transcript,14.0,169602.0,0.008254619638919353,measured_paired
65536,23,Evidence generation,1879.0,169602.0,1.1078878786806758,measured_paired
65536,23,External validation,93307.0,169602.0,55.015271046332,measured_paired
65536,24,Transcript,12.0,123663.0,0.009703791756628903,measured_paired
65536,24,Evidence generation,1902.0,123663.0,1.5380509934256812,measured_paired
65536,24,External validation,73580.0,123663.0,59.50041645439622,measured_paired
65536,25,Transcript,10.0,145029.0,0.006895172689600011,measured_paired
65536,25,Evidence generation,1882.0,145029.0,1.2976715001827221,measured_paired
65536,25,External validation,72317.0,145029.0,49.863820339380396,measured_paired
65536,26,Transcript,11.0,134638.0,0.008170056002020231,measured_paired
65536,26,Evidence generation,1874.0,134638.0,1.3918804497987196,measured_paired
65536,26,External validation,72185.0,134638.0,53.61413568234822,measured_paired
65536,27,Transcript,13.0,171933.0,0.007561084841188137,measured_paired
65536,27,Evidence generation,1861.0,171933.0,1.082398376111625,measured_paired
65536,27,External validation,70001.0,171933.0,40.714115382154674,measured_paired
65536,28,Transcript,32.0,132422.0,0.024165168929634048,measured_paired
65536,28,Evidence generation,1878.0,132422.0,1.4181933515578982,measured_paired
65536,28,External validation,71139.0,132422.0,53.72143601516365,measured_paired
65536,29,Transcript,15.0,169756.0,0.008836211974834468,measured_paired
65536,29,Evidence generation,1862.0,169756.0,1.0968684464761187,measured_paired
65536,29,External validation,76825.0,169756.0,45.256132331110535,measured_paired
65536,30,Transcript,12.0,146416.0,0.008195825592831385,measured_paired
65536,30,Evidence generation,1996.0,146416.0,1.363238990274287,measured_paired
65536,30,External validation,75615.0,146416.0,51.643946016828764,measured_paired
262144,1,Transcript,15.0,187479.0,0.00800089610036324,measured_paired
262144,1,Evidence generation,1881.0,187479.0,1.0033123709855505,measured_paired
262144,1,External validation,79989.0,187479.0,42.665578544797015,measured_paired
262144,2,Transcript,12.0,150527.0,0.0079719917357019,measured_paired
262144,2,Evidence generation,1936.0,150527.0,1.2861480000265733,measured_paired
262144,2,External validation,71612.0,150527.0,47.57418934809038,measured_paired
262144,3,Transcript,24.0,200912.0,0.011945528390539141,measured_paired
262144,3,Evidence generation,1938.0,200912.0,0.9646014175360357,measured_paired
262144,3,External validation,85947.0,200912.0,42.77843035756948,measured_paired
262144,4,Transcript,21.0,170410.0,0.012323220468282377,measured_paired
262144,4,Evidence generation,1898.0,170410.0,1.1137844023238073,measured_paired
262144,4,External validation,78940.0,170410.0,46.32357256029576,measured_paired
262144,5,Transcript,17.0,166127.0,0.010233134890776334,measured_paired
262144,5,Evidence generation,2104.0,166127.0,1.2665009300113768,measured_paired
262144,5,External validation,70557.0,166127.0,42.47172344050034,measured_paired
262144,6,Transcript,14.0,146212.0,0.009575137471616557,measured_paired
262144,6,Evidence generation,1857.0,146212.0,1.2700735917708532,measured_paired
262144,6,External validation,69036.0,146212.0,47.2163707493229,measured_paired
262144,7,Transcript,15.0,213256.0,0.007033799752410249,measured_paired
262144,7,Evidence generation,1896.0,213256.0,0.8890722887046555,measured_paired
262144,7,External validation,93471.0,213256.0,43.830419777169226,measured_paired
262144,8,Transcript,17.0,166055.0,0.010237571888832014,measured_paired
262144,8,Evidence generation,2397.0,166055.0,1.4434976363253138,measured_paired
262144,8,External validation,65990.0,166055.0,39.73984523200144,measured_paired
262144,9,Transcript,18.0,189028.0,0.009522398798061663,measured_paired
262144,9,Evidence generation,1913.0,189028.0,1.0120193833717757,measured_paired
262144,9,External validation,72253.0,189028.0,38.22343779757496,measured_paired
262144,10,Transcript,18.0,189500.0,0.00949868073878628,measured_paired
262144,10,Evidence generation,1942.0,189500.0,1.024802110817942,measured_paired
262144,10,External validation,79586.0,189500.0,41.997889182058046,measured_paired
262144,11,Transcript,20.0,176584.0,0.011326054455669823,measured_paired
262144,11,Evidence generation,2305.0,176584.0,1.3053277760159472,measured_paired
262144,11,External validation,74390.0,176584.0,42.12725954786391,measured_paired
262144,12,Transcript,14.0,167505.0,0.0083579594638966,measured_paired
262144,12,Evidence generation,1880.0,167505.0,1.1223545565804005,measured_paired
262144,12,External validation,79908.0,167505.0,47.70484463150354,measured_paired
262144,13,Transcript,15.0,193087.0,0.007768518854195259,measured_paired
262144,13,Evidence generation,1902.0,193087.0,0.9850481907119588,measured_paired
262144,13,External validation,73269.0,193087.0,37.94610719520216,measured_paired
262144,14,Transcript,16.0,181672.0,0.008807080893038003,measured_paired
262144,14,Evidence generation,1911.0,181672.0,1.0518957241622264,measured_paired
262144,14,External validation,97408.0,181672.0,53.61750847681536,measured_paired
262144,15,Transcript,16.0,181334.0,0.008823496972437601,measured_paired
262144,15,Evidence generation,1889.0,181334.0,1.0417241113084144,measured_paired
262144,15,External validation,84675.0,181334.0,46.69560038382212,measured_paired
262144,16,Transcript,16.0,173474.0,0.009223284180914719,measured_paired
262144,16,Evidence generation,1923.0,173474.0,1.108523467493688,measured_paired
262144,16,External validation,87060.0,173474.0,50.186195049402215,measured_paired
262144,17,Transcript,13.0,202387.0,0.006423337467327447,measured_paired
262144,17,Evidence generation,1955.0,202387.0,0.9659711345096276,measured_paired
262144,17,External validation,86043.0,202387.0,42.514094284711966,measured_paired
262144,18,Transcript,18.0,190077.0,0.009469846430657049,measured_paired
262144,18,Evidence generation,2033.0,190077.0,1.0695665440847657,measured_paired
262144,18,External validation,80818.0,190077.0,42.51855826849119,measured_paired
262144,19,Transcript,29.0,194285.0,0.01492652546516715,measured_paired
262144,19,Evidence generation,2206.0,194285.0,1.1354453509020255,measured_paired
262144,19,External validation,90925.0,194285.0,46.79980441104563,measured_paired
262144,20,Transcript,29.0,171705.0,0.016889432456830028,measured_paired
262144,20,Evidence generation,2053.0,171705.0,1.195655339099036,measured_paired
262144,20,External validation,80740.0,171705.0,47.02250953670539,measured_paired
262144,21,Transcript,17.0,189908.0,0.008951702929839711,measured_paired
262144,21,Evidence generation,1942.0,189908.0,1.0226004170440424,measured_paired
262144,21,External validation,70714.0,189908.0,37.23592476356973,measured_paired
262144,22,Transcript,15.0,169384.0,0.008855618004061776,measured_paired
262144,22,Evidence generation,1901.0,169384.0,1.1223019883814291,measured_paired
262144,22,External validation,81521.0,169384.0,48.127922353941344,measured_paired
262144,23,Transcript,18.0,191121.0,0.009418117318348062,measured_paired
262144,23,Evidence generation,1914.0,191121.0,1.001459808184344,measured_paired
262144,23,External validation,88673.0,191121.0,46.3962620538821,measured_paired
262144,24,Transcript,14.0,173480.0,0.008070094535393129,measured_paired
262144,24,Evidence generation,1878.0,173480.0,1.0825455383905926,measured_paired
262144,24,External validation,80873.0,173480.0,46.61805395434632,measured_paired
262144,25,Transcript,22.0,191476.0,0.011489690613967285,measured_paired
262144,25,Evidence generation,2212.0,191476.0,1.1552361653679835,measured_paired
262144,25,External validation,87859.0,191476.0,45.8851239842069,measured_paired
262144,26,Transcript,18.0,165309.0,0.010888699344863256,measured_paired
262144,26,Evidence generation,2052.0,165309.0,1.2413117253144113,measured_paired
262144,26,External validation,82258.0,165309.0,49.76014615054232,measured_paired
262144,27,Transcript,16.0,163984.0,0.009757049468240804,measured_paired
262144,27,Evidence generation,1916.0,163984.0,1.1684066738218364,measured_paired
262144,27,External validation,69571.0,163984.0,42.42548053468631,measured_paired
262144,28,Transcript,15.0,147099.0,0.010197214121102116,measured_paired
262144,28,Evidence generation,1925.0,147099.0,1.3086424788747715,measured_paired
262144,28,External validation,65781.0,147099.0,44.718862806681216,measured_paired
262144,29,Transcript,18.0,169345.0,0.010629188933833298,measured_paired
262144,29,Evidence generation,2079.0,169345.0,1.227671321857746,measured_paired
262144,29,External validation,63062.0,169345.0,37.23877291918864,measured_paired
262144,30,Transcript,18.0,181346.0,0.009925777243501374,measured_paired
262144,30,Evidence generation,1915.0,181346.0,1.0559924122947295,measured_paired
262144,30,External validation,81182.0,181346.0,44.76635823232936,measured_paired
800000,1,Transcript,35.0,240198.0,0.014571312000932564,measured_paired
800000,1,Evidence generation,2377.0,240198.0,0.9896002464633344,measured_paired
800000,1,External validation,85966.0,240198.0,35.789640213490536,measured_paired
800000,2,Transcript,29.0,236282.0,0.012273469836889818,measured_paired
800000,2,Evidence generation,1897.0,236282.0,0.8028542165717236,measured_paired
800000,2,External validation,67965.0,236282.0,28.76435784359367,measured_paired
800000,3,Transcript,28.0,228747.0,0.01224059769089868,measured_paired
800000,3,Evidence generation,1898.0,228747.0,0.8297376577616319,measured_paired
800000,3,External validation,81649.0,228747.0,35.69402003086379,measured_paired
800000,4,Transcript,29.0,225093.0,0.01288356368256676,measured_paired
800000,4,Evidence generation,2029.0,225093.0,0.901405196963033,measured_paired
800000,4,External validation,80858.0,225093.0,35.92204111189597,measured_paired
800000,5,Transcript,32.0,283397.0,0.011291580362530302,measured_paired
800000,5,Evidence generation,2139.0,283397.0,0.7547715748578849,measured_paired
800000,5,External validation,85930.0,283397.0,30.321421892257153,measured_paired
800000,6,Transcript,24.0,198272.0,0.01210458360232408,measured_paired
800000,6,Evidence generation,2002.0,198272.0,1.009724015493867,measured_paired
800000,6,External validation,64515.0,198272.0,32.53863379599742,measured_paired
800000,7,Transcript,22.0,214509.0,0.010255979935573799,measured_paired
800000,7,Evidence generation,1905.0,214509.0,0.8880746262394584,measured_paired
800000,7,External validation,69843.0,214509.0,32.55947302910367,measured_paired
800000,8,Transcript,28.0,219229.0,0.01277203289710759,measured_paired
800000,8,Evidence generation,1972.0,219229.0,0.8995160311820061,measured_paired
800000,8,External validation,69770.0,219229.0,31.825169115399877,measured_paired
800000,9,Transcript,44.0,271012.0,0.01623544344899857,measured_paired
800000,9,Evidence generation,2225.0,271012.0,0.8209968562277685,measured_paired
800000,9,External validation,79701.0,271012.0,29.40866087110534,measured_paired
800000,10,Transcript,18.0,229030.0,0.00785923241496747,measured_paired
800000,10,Evidence generation,1999.0,229030.0,0.8728114220844431,measured_paired
800000,10,External validation,78836.0,229030.0,34.42169148146531,measured_paired
800000,11,Transcript,19.0,243005.0,0.007818769161128373,measured_paired
800000,11,Evidence generation,1865.0,243005.0,0.767473920289706,measured_paired
800000,11,External validation,71052.0,243005.0,29.23890454928911,measured_paired
800000,12,Transcript,34.0,265194.0,0.012820802883926483,measured_paired
800000,12,Evidence generation,1970.0,265194.0,0.742852402392211,measured_paired
800000,12,External validation,74941.0,265194.0,28.258934968362784,measured_paired
800000,13,Transcript,30.0,259972.0,0.011539704275845091,measured_paired
800000,13,Evidence generation,2079.0,259972.0,0.7997015063160648,measured_paired
800000,13,External validation,72390.0,259972.0,27.845306417614204,measured_paired
800000,14,Transcript,36.0,222786.0,0.016159004605316312,measured_paired
800000,14,Evidence generation,2014.0,222786.0,0.9040065354196404,measured_paired
800000,14,External validation,75025.0,222786.0,33.67581445871823,measured_paired
800000,15,Transcript,19.0,257315.0,0.007383945747430193,measured_paired
800000,15,Evidence generation,2268.0,257315.0,0.8814099450090356,measured_paired
800000,15,External validation,79978.0,257315.0,31.081748051998524,measured_paired
800000,16,Transcript,32.0,250864.0,0.01275591555583902,measured_paired
800000,16,Evidence generation,1925.0,250864.0,0.767348045155941,measured_paired
800000,16,External validation,72875.0,250864.0,29.04960456661777,measured_paired
800000,17,Transcript,20.0,243449.0,0.008215273014060439,measured_paired
800000,17,Evidence generation,1868.0,243449.0,0.767306499513245,measured_paired
800000,17,External validation,75645.0,243449.0,31.072216357430097,measured_paired
800000,18,Transcript,27.0,248189.0,0.010878806071179626,measured_paired
800000,18,Evidence generation,1934.0,248189.0,0.7792448496911628,measured_paired
800000,18,External validation,78512.0,248189.0,31.63395638001684,measured_paired
800000,19,Transcript,24.0,244403.0,0.009819846728558979,measured_paired
800000,19,Evidence generation,1919.0,244403.0,0.7851785780043616,measured_paired
800000,19,External validation,62893.0,244403.0,25.73331751246916,measured_paired
800000,20,Transcript,22.0,240430.0,0.009150272428565486,measured_paired
800000,20,Evidence generation,1956.0,240430.0,0.813542403194277,measured_paired
800000,20,External validation,99520.0,240430.0,41.392505095038054,measured_paired
800000,21,Transcript,16.0,203234.0,0.007872698465807886,measured_paired
800000,21,Evidence generation,1911.0,203234.0,0.9402954230099294,measured_paired
800000,21,External validation,76186.0,203234.0,37.486837832252476,measured_paired
800000,22,Transcript,41.0,205649.0,0.019936882746816178,measured_paired
800000,22,Evidence generation,1960.0,205649.0,0.9530802483843831,measured_paired
800000,22,External validation,71260.0,205649.0,34.651274744832214,measured_paired
800000,23,Transcript,23.0,250162.0,0.009194042260615121,measured_paired
800000,23,Evidence generation,1907.0,250162.0,0.7623060256953494,measured_paired
800000,23,External validation,92523.0,250162.0,36.985233568647516,measured_paired
800000,24,Transcript,19.0,223482.0,0.008501803277221432,measured_paired
800000,24,Evidence generation,1901.0,223482.0,0.8506277910525233,measured_paired
800000,24,External validation,85075.0,223482.0,38.06794283208491,measured_paired
800000,25,Transcript,23.0,244642.0,0.009401492793551394,measured_paired
800000,25,Evidence generation,2217.0,244642.0,0.9062221531871061,measured_paired
800000,25,External validation,71697.0,244642.0,29.30690560083714,measured_paired
800000,26,Transcript,30.0,187192.0,0.016026325911363732,measured_paired
800000,26,Evidence generation,1892.0,187192.0,1.0107269541433395,measured_paired
800000,26,External validation,63619.0,187192.0,33.98596093850165,measured_paired
800000,27,Transcript,28.0,240094.0,0.011662099011220605,measured_paired
800000,27,Evidence generation,1875.0,240094.0,0.7809441302156656,measured_paired
800000,27,External validation,85695.0,240094.0,35.69227052737678,measured_paired
800000,28,Transcript,21.0,219265.0,0.009577451941714363,measured_paired
800000,28,Evidence generation,1897.0,219265.0,0.8651631587348642,measured_paired
800000,28,External validation,87747.0,219265.0,40.01869883474335,measured_paired
800000,29,Transcript,31.0,277752.0,0.011161035744117054,measured_paired
800000,29,Evidence generation,1911.0,277752.0,0.6880238486131512,measured_paired
800000,29,External validation,86306.0,277752.0,31.07304357844408,measured_paired
800000,30,Transcript,41.0,252349.0,0.01624733999342181,measured_paired
800000,30,Evidence generation,2010.0,252349.0,0.796515936262874,measured_paired
800000,30,External validation,80910.0,252349.0,32.06273850896972,measured_paired
