measurement_type,timestamp_utc,config_hash,variant,run,is_warmup,total_latency_ms,throughput_req_s,total_gas,access_latency_ms,budget_latency_ms,tee_latency_ms,proof_latency_ms,settlement_latency_ms,audit_latency_ms,access_gas,budget_gas,proof_gas,settlement_gas,audit_gas,process_cpu_time_ms,normalized_peak_cpu_percent,peak_working_set_bytes,peak_private_bytes,resource_sample_count,failure_status,success
measured,2026-07-19T10:48:53.976Z,ea091c96144cb733288085c0aa09e1893c72f7a689eb8649f66e8f0d052be86c,baseline_minimal,0,1,0.002,500000,0,0,0,0,0,0,0,0,0,0,0,0,0,0,1257787392,1456431104,1,,1
measured,2026-07-19T10:48:54.368Z,ea091c96144cb733288085c0aa09e1893c72f7a689eb8649f66e8f0d052be86c,access_only,0,1,6.87220000103116,145.51380923866475,433332,5.4050999991595745,0,0,0,0,1.4752999991178513,407772,0,0,0,25560,31,32.13470869988122,1257787392,1456431104,5,,1
measured,2026-07-19T10:48:55.787Z,ea091c96144cb733288085c0aa09e1893c72f7a689eb8649f66e8f0d052be86c,no_budget,0,1,378.95460000260175,2.638838531035471,1103409,7.002100000157952,0,131.716,238.71380000002682,0,1.5421000011265278,407736,0,670125,0,25548,125,39.97565354038362,1257787392,1490771968,12,,1
measured,2026-07-19T10:48:57.175Z,ea091c96144cb733288085c0aa09e1893c72f7a689eb8649f66e8f0d052be86c,no_zk,0,1,148.52130000132323,6.733040984633791,685518,5.4101000018417835,4.062099998816848,137.953,0,0,1.111600000411272,407748,252222,0,0,25548,187,44.1293702337271,1257787392,1544155136,7,,1
model_calibrated_from_measured_components,2026-07-19T10:48:58.629Z,ea091c96144cb733288085c0aa09e1893c72f7a689eb8649f66e8f0d052be86c,no_tee,0,1,254.2465000015646,3.933190820695058,1370278,5.5130999982357025,3.1133000012487173,0.004,239.34340000152588,6.294900000095367,0,376855,221765,283383,488275,0,125,23.76950632978269,1257787392,1479114752,12,,1
measured,2026-07-19T10:49:00.050Z,ea091c96144cb733288085c0aa09e1893c72f7a689eb8649f66e8f0d052be86c,full_trustcircuit,0,1,360.62139999969304,2.7729912867091393,1370254,4.48170000128448,3.076299998909235,126.346,221.12080000154674,5.614900000393391,0,376855,221765,283383,488251,0,109,22.3613595703266,1257787392,1498034176,11,,1
measured,2026-07-19T10:49:00.438Z,ea091c96144cb733288085c0aa09e1893c72f7a689eb8649f66e8f0d052be86c,baseline_minimal,0,0,0.002,500000,0,0,0,0,0,0,0,0,0,0,0,0,0,0,1257787392,1498034176,1,,1
measured,2026-07-19T10:49:00.838Z,ea091c96144cb733288085c0aa09e1893c72f7a689eb8649f66e8f0d052be86c,access_only,0,0,6.626400001347065,150.91150546250037,433332,5.597500000149012,0,0,0,0,1.0372000001370907,407772,0,0,0,25560,31,31.639161695677288,1257787392,1497964544,5,,1
measured,2026-07-19T10:49:02.284Z,ea091c96144cb733288085c0aa09e1893c72f7a689eb8649f66e8f0d052be86c,no_budget,0,0,385.13509999775886,2.5964914649581905,1103469,5.578399999067187,0,137.909,240.05539999902248,0,1.6077999994158745,407748,0,670173,0,25548,94,37.85082987833498,1257787392,1505824768,11,,1
measured,2026-07-19T10:49:03.681Z,ea091c96144cb733288085c0aa09e1893c72f7a689eb8649f66e8f0d052be86c,no_zk,0,0,133.83610000038146,7.4718256135463434,685590,5.348299998790026,3.4805999994277954,123.469,0,0,1.5591000001877546,407772,252258,0,0,25560,78,50.320299640224384,1257787392,1504727040,7,,1
model_calibrated_from_measured_components,2026-07-19T10:49:05.158Z,ea091c96144cb733288085c0aa09e1893c72f7a689eb8649f66e8f0d052be86c,no_tee,0,0,251.52479999819397,3.975751098926151,1370230,4.447799999266863,2.956299999728799,0.004,236.99929999932647,7.1403999999165535,0,376855,221765,283359,488251,0,203,20.67098001102225,1257787392,1520402432,11,,1
measured,2026-07-19T10:49:06.593Z,ea091c96144cb733288085c0aa09e1893c72f7a689eb8649f66e8f0d052be86c,full_trustcircuit,0,0,352.5067000032216,2.8368255127941135,1370278,5.128299999982119,2.744699999690056,115.57,223.67289999872446,5.408800000324845,0,376855,221765,283383,488275,0,93,46.869141350914546,1257787392,1520472064,13,,1
measured,2026-07-19T10:49:06.970Z,ea091c96144cb733288085c0aa09e1893c72f7a689eb8649f66e8f0d052be86c,baseline_minimal,1,0,0.002,500000,0,0,0,0,0,0,0,0,0,0,0,0,0,0,1257787392,1520472064,1,,1
measured,2026-07-19T10:49:07.462Z,ea091c96144cb733288085c0aa09e1893c72f7a689eb8649f66e8f0d052be86c,access_only,1,0,7.685499997809529,130.1151519465244,433332,6.491599999368191,0,0,0,0,1.2027000002563,407772,0,0,0,25560,47,20.637279182597812,1257787392,1520472064,5,,1
measured,2026-07-19T10:49:09.002Z,ea091c96144cb733288085c0aa09e1893c72f7a689eb8649f66e8f0d052be86c,no_budget,1,0,381.31650000165405,2.62249338802717,1103481,7.382099999114871,0,135.403,237.12610000185668,0,1.4275000002235174,407772,0,670149,0,25560,140,51.173283612236844,1257787392,1475678208,14,,1
measured,2026-07-19T10:49:10.541Z,ea091c96144cb733288085c0aa09e1893c72f7a689eb8649f66e8f0d052be86c,no_zk,1,0,189.75729999974368,5.269889485154725,685518,5.120600001886487,3.7971999999135733,179.70999999999998,0,0,1.1477999985218048,407736,252234,0,0,25548,187,61.65778094838663,1257787392,1511641088,7,,1
model_calibrated_from_measured_components,2026-07-19T10:49:12.007Z,ea091c96144cb733288085c0aa09e1893c72f7a689eb8649f66e8f0d052be86c,no_tee,1,0,238.7520999995023,4.188444834630081,1370230,6.110600000247359,3.4780000001192093,0.004,222.88459999859333,6.299000000581145,0,376855,221765,283383,488227,0,203,20.196036195381193,1257787392,1498722304,12,,1
measured,2026-07-19T10:49:13.527Z,ea091c96144cb733288085c0aa09e1893c72f7a689eb8649f66e8f0d052be86c,full_trustcircuit,1,0,417.0093999972194,2.3980274785332605,1370266,5.081599997356534,3.1309999991208315,163.33999999999997,238.18419999815524,7.295800000429153,0,376855,221765,283383,488263,0,109,28.573469537674534,1257787392,1494323200,12,,1
measured,2026-07-19T10:49:13.954Z,ea091c96144cb733288085c0aa09e1893c72f7a689eb8649f66e8f0d052be86c,baseline_minimal,2,0,0.002,500000,0,0,0,0,0,0,0,0,0,0,0,0,16,0.41572021032218864,1257787392,1494323200,1,,1
measured,2026-07-19T10:49:14.369Z,ea091c96144cb733288085c0aa09e1893c72f7a689eb8649f66e8f0d052be86c,access_only,2,0,6.2833000011742115,159.1520379121038,433332,5.27449999935925,0,0,0,0,1.0171000007539988,407772,0,0,0,25560,15,19.346251473741724,1257787392,1494323200,5,,1
measured,2026-07-19T10:49:15.899Z,ea091c96144cb733288085c0aa09e1893c72f7a689eb8649f66e8f0d052be86c,no_budget,2,0,414.26419999922814,2.413918460735596,1103505,6.1534000020474195,0,183.153,223.8695000000298,0,1.1042999997735023,407772,0,670173,0,25560,95,41.076196352515396,1257787392,1516900352,11,,1
measured,2026-07-19T10:49:17.460Z,ea091c96144cb733288085c0aa09e1893c72f7a689eb8649f66e8f0d052be86c,no_zk,2,0,199.98549999922514,5.0003625263025295,685590,6.716799998655915,4.019099999219179,187.905,0,0,1.3636000007390976,407772,252258,0,0,25560,125,38.73915304114311,1257787392,1442033664,8,,1
model_calibrated_from_measured_components,2026-07-19T10:49:18.939Z,ea091c96144cb733288085c0aa09e1893c72f7a689eb8649f66e8f0d052be86c,no_tee,2,0,253.45190000265836,3.945521812973236,1370242,4.369400002062321,2.5609000008553267,0.005,240.84089999832213,5.693299999460578,0,376855,221765,283371,488251,0,187,57.74360350142859,1257787392,1442525184,11,,1
measured,2026-07-19T10:49:20.425Z,ea091c96144cb733288085c0aa09e1893c72f7a689eb8649f66e8f0d052be86c,full_trustcircuit,2,0,400.05030000391605,2.4996856645032164,1370266,4.782000001519918,2.5777000002563,153.148,232.83330000005662,6.727700000628829,0,376855,221765,283383,488263,0,94,25.53037290920926,1257787392,1494208512,12,,1
measured,2026-07-19T10:49:20.815Z,ea091c96144cb733288085c0aa09e1893c72f7a689eb8649f66e8f0d052be86c,baseline_minimal,3,0,0.002,500000,0,0,0,0,0,0,0,0,0,0,0,0,0,0,1257787392,1494208512,1,,1
measured,2026-07-19T10:49:21.240Z,ea091c96144cb733288085c0aa09e1893c72f7a689eb8649f66e8f0d052be86c,access_only,3,0,5.664099998772144,176.55055528976865,433332,4.688500000163913,0,0,0,0,0.9830999989062548,407772,0,0,0,25560,31,19.98720818466507,1257787392,1495420928,5,,1
measured,2026-07-19T10:49:22.703Z,ea091c96144cb733288085c0aa09e1893c72f7a689eb8649f66e8f0d052be86c,no_budget,3,0,363.16469999815524,2.753571588882619,1103433,7.093300001695752,0,117.793,236.92339999973774,0,1.3730999995023012,407772,0,670101,0,25560,94,26.105526959028495,1257787392,1528619008,12,,1
measured,2026-07-19T10:49:24.133Z,ea091c96144cb733288085c0aa09e1893c72f7a689eb8649f66e8f0d052be86c,no_zk,3,0,134.29860000027716,7.446094002453758,685518,6.725099999457598,4.4958000015467405,122.131,0,0,0.963400000706315,407736,252234,0,0,25548,281,60.10430407276751,1257787392,1505472512,8,,1
model_calibrated_from_measured_components,2026-07-19T10:49:25.611Z,ea091c96144cb733288085c0aa09e1893c72f7a689eb8649f66e8f0d052be86c,no_tee,3,0,266.22990000368657,3.7561521075812774,1370290,4.2663000002503395,2.2939000017941,0.004,253.7192000001669,5.965199999511242,0,376855,221765,283383,488287,0,125,32.63334801213525,1257787392,1443356672,11,,1
measured,2026-07-19T10:49:27.094Z,ea091c96144cb733288085c0aa09e1893c72f7a689eb8649f66e8f0d052be86c,full_trustcircuit,3,0,380.95080000206826,2.6250108937809573,1370254,4.986300000920892,2.567800000309944,154.14499999999998,213.51809999905527,5.752199999988079,0,376855,221765,283371,488263,0,141,43.247369465087445,1257787392,1469796352,11,,1
measured,2026-07-19T10:49:27.476Z,ea091c96144cb733288085c0aa09e1893c72f7a689eb8649f66e8f0d052be86c,baseline_minimal,4,0,0.002,500000,0,0,0,0,0,0,0,0,0,0,0,0,0,0,1257787392,1469796352,1,,1
measured,2026-07-19T10:49:27.888Z,ea091c96144cb733288085c0aa09e1893c72f7a689eb8649f66e8f0d052be86c,access_only,4,0,6.91579999960959,144.59643136823678,433332,6.083799999207258,0,0,0,0,0.8399000000208616,407772,0,0,0,25560,16,22.01721746597833,1257787392,1469796352,5,,1
measured,2026-07-19T10:49:29.333Z,ea091c96144cb733288085c0aa09e1893c72f7a689eb8649f66e8f0d052be86c,no_budget,4,0,380.1000000008494,2.630886608781282,1103421,7.983500000089407,0,131.78799999999998,239.33689999952912,0,1.0087000001221895,407772,0,670089,0,25560,94,26.621324536547412,1257787392,1471107072,12,,1
measured,2026-07-19T10:49:30.763Z,ea091c96144cb733288085c0aa09e1893c72f7a689eb8649f66e8f0d052be86c,no_zk,4,0,130.1628999978751,7.682680702537551,685578,6.217199997976422,5.030500002205372,117.92699999999999,0,0,1.003600001335144,407772,252258,0,0,25548,62,39.8023747808062,1257787392,1414336512,8,,1
model_calibrated_from_measured_components,2026-07-19T10:49:32.207Z,ea091c96144cb733288085c0aa09e1893c72f7a689eb8649f66e8f0d052be86c,no_tee,4,0,242.91450000116228,4.1166747970796935,1370266,5.789500001817942,3.028899997472763,0.004,228.2069000005722,5.903000000864267,0,376855,221765,283371,488275,0,140,26.821063706812975,1257787392,1457893376,12,,1
measured,2026-07-19T10:49:33.671Z,ea091c96144cb733288085c0aa09e1893c72f7a689eb8649f66e8f0d052be86c,full_trustcircuit,4,0,370.39989999856056,2.6997847461726803,1370290,4.989000000059605,2.7159000001847744,134.478,222.3756999988109,5.860200000926852,0,376855,221765,283383,488287,0,126,31.617554065525876,1257787392,1528553472,12,,1
measured,2026-07-19T10:49:34.052Z,ea091c96144cb733288085c0aa09e1893c72f7a689eb8649f66e8f0d052be86c,baseline_minimal,5,0,0.002,500000,0,0,0,0,0,0,0,0,0,0,0,0,0,0,1257787392,1528553472,1,,1
measured,2026-07-19T10:49:34.461Z,ea091c96144cb733288085c0aa09e1893c72f7a689eb8649f66e8f0d052be86c,access_only,5,0,6.986400002613664,143.13523411569517,433332,5.770899999886751,0,0,0,0,1.2278000004589558,407772,0,0,0,25560,31,19.97443272489775,1257787392,1529376768,5,,1
measured,2026-07-19T10:49:35.934Z,ea091c96144cb733288085c0aa09e1893c72f7a689eb8649f66e8f0d052be86c,no_budget,5,0,399.42430000251534,2.5036033110496847,1103457,6.425299998372793,0,128.701,262.64480000175536,0,1.6723000016063452,407772,0,670125,0,25560,94,33.333711587574044,1257787392,1459830784,11,,1
measured,2026-07-19T10:49:37.330Z,ea091c96144cb733288085c0aa09e1893c72f7a689eb8649f66e8f0d052be86c,no_zk,5,0,139.2087999995053,7.183453919605324,685446,4.683399999514222,3.358999999240041,129.805,0,0,1.3770000003278255,407712,252198,0,0,25536,63,19.867681238287236,1257787392,1490292736,7,,1
model_calibrated_from_measured_components,2026-07-19T10:49:38.821Z,ea091c96144cb733288085c0aa09e1893c72f7a689eb8649f66e8f0d052be86c,no_tee,5,0,234.85120000065862,4.258015287966149,1370278,4.2014999985694885,4.030199998989701,0.004,220.24000000022352,6.397900000214577,0,376855,221765,283383,488275,0,110,40.84633607614514,1257787392,1506271232,12,,1
measured,2026-07-19T10:49:40.282Z,ea091c96144cb733288085c0aa09e1893c72f7a689eb8649f66e8f0d052be86c,full_trustcircuit,5,0,374.77859999980035,2.6682419967429643,1370254,4.295799998566508,2.785300001502037,124.273,237.26549999788404,6.178499998524785,0,376855,221765,283383,488251,0,110,41.646710946117885,1257787392,1514160128,11,,1
measured,2026-07-19T10:49:40.677Z,ea091c96144cb733288085c0aa09e1893c72f7a689eb8649f66e8f0d052be86c,baseline_minimal,6,0,0.002,500000,0,0,0,0,0,0,0,0,0,0,0,0,0,0,1257787392,1514160128,1,,1
measured,2026-07-19T10:49:41.091Z,ea091c96144cb733288085c0aa09e1893c72f7a689eb8649f66e8f0d052be86c,access_only,6,0,7.291499998420477,137.14599193809576,433332,5.69789999909699,0,0,0,0,1.6052000001072884,407772,0,0,0,25560,31,19.361034241277896,1257787392,1514160128,5,,1
measured,2026-07-19T10:49:42.545Z,ea091c96144cb733288085c0aa09e1893c72f7a689eb8649f66e8f0d052be86c,no_budget,6,0,372.5936000010073,2.6838893636318404,1103493,6.301200000569224,0,134.09199999999998,230.66750000044703,0,1.5509999990463257,407772,0,670161,0,25560,140,55.95829481563312,1257787392,1507151872,11,,1
measured,2026-07-19T10:49:43.961Z,ea091c96144cb733288085c0aa09e1893c72f7a689eb8649f66e8f0d052be86c,no_zk,6,0,155.0712000026405,6.448650684221005,685590,5.176599998027086,2.8828999996185303,145.871,0,0,1.1562000010162592,407772,252258,0,0,25560,47,31.244960493171725,1257787392,1493938176,7,,1
model_calibrated_from_measured_components,2026-07-19T10:49:45.441Z,ea091c96144cb733288085c0aa09e1893c72f7a689eb8649f66e8f0d052be86c,no_tee,6,0,251.1401000034958,3.98184121128438,1370290,6.484000001102686,3.406299998983741,0.004,236.15120000205934,5.117000000551343,0,376855,221765,283383,488287,0,218,40.55136044913098,1257787392,1534955520,12,,1
measured,2026-07-19T10:49:46.851Z,ea091c96144cb733288085c0aa09e1893c72f7a689eb8649f66e8f0d052be86c,full_trustcircuit,6,0,374.7565999978781,2.6683986352893108,1370218,4.95549999922514,2.6588000003248453,123.61500000000001,237.8384999986738,5.707499999552965,0,376831,221753,283371,488263,0,125,50.79302661702803,1257787392,1441513472,11,,1
measured,2026-07-19T10:49:47.222Z,ea091c96144cb733288085c0aa09e1893c72f7a689eb8649f66e8f0d052be86c,baseline_minimal,7,0,0.002,500000,0,0,0,0,0,0,0,0,0,0,0,0,0,0,1257787392,1441513472,1,,1
measured,2026-07-19T10:49:47.624Z,ea091c96144cb733288085c0aa09e1893c72f7a689eb8649f66e8f0d052be86c,access_only,7,0,6.594600001350045,151.63921993680893,433332,5.581400001421571,0,0,0,0,1.0210999995470047,407772,0,0,0,25560,47,37.95075705685761,1257787392,1441513472,5,,1
measured,2026-07-19T10:49:49.126Z,ea091c96144cb733288085c0aa09e1893c72f7a689eb8649f66e8f0d052be86c,no_budget,7,0,367.39640000019966,2.7218557394668443,1103469,6.677000001072884,0,122.152,237.3325999993831,0,1.2559999991208315,407772,0,670137,0,25560,110,28.802125721527577,1257787392,1478955008,12,,1
measured,2026-07-19T10:49:50.556Z,ea091c96144cb733288085c0aa09e1893c72f7a689eb8649f66e8f0d052be86c,no_zk,7,0,156.10680000068248,6.405870852490911,685590,4.932500002905726,3.294300001114607,147.014,0,0,0.8796999994665384,407772,252258,0,0,25560,141,40.074378030745564,1257787392,1521246208,8,,1
model_calibrated_from_measured_components,2026-07-19T10:49:51.979Z,ea091c96144cb733288085c0aa09e1893c72f7a689eb8649f66e8f0d052be86c,no_tee,7,0,247.13210000404715,4.046418898975987,1370266,3.9619000013917685,3.064700001850724,0.004,234.67620000056922,5.441300000995398,0,376855,221765,283371,488275,0,156,59.197533341618424,1257787392,1503653888,11,,1
measured,2026-07-19T10:49:53.410Z,ea091c96144cb733288085c0aa09e1893c72f7a689eb8649f66e8f0d052be86c,full_trustcircuit,7,0,363.1820999996513,2.7534396656689855,1370242,4.33500000089407,2.6542999986559153,119.149,231.1768999993801,5.885499998927116,0,376855,221765,283371,488251,0,141,37.35708926569437,1257787392,3640254464,11,,1
measured,2026-07-19T10:49:53.799Z,ea091c96144cb733288085c0aa09e1893c72f7a689eb8649f66e8f0d052be86c,baseline_minimal,8,0,0.002,500000,0,0,0,0,0,0,0,0,0,0,0,0,15,0.4700725491161397,1257787392,3640254464,1,,1
measured,2026-07-19T10:49:54.226Z,ea091c96144cb733288085c0aa09e1893c72f7a689eb8649f66e8f0d052be86c,access_only,8,0,6.418100001290441,155.80935164596022,433332,5.21680000051856,0,0,0,0,1.2104000002145767,407772,0,0,0,25560,16,15.979290840914098,1257787392,3640254464,5,,1
measured,2026-07-19T10:49:55.703Z,ea091c96144cb733288085c0aa09e1893c72f7a689eb8649f66e8f0d052be86c,no_budget,8,0,386.5288999993652,2.5871286726597735,1103433,8.11060000024736,0,129.068,248.51280000060797,0,0.8563000001013279,407772,0,670101,0,25560,110,43.811610081675695,1257787392,1501634560,12,,1
measured,2026-07-19T10:49:57.140Z,ea091c96144cb733288085c0aa09e1893c72f7a689eb8649f66e8f0d052be86c,no_zk,8,0,148.39699999509753,6.73868070131496,685518,5.594299998134375,4.218399999663234,137.336,0,0,1.2696000002324581,407736,252234,0,0,25548,47,22.44380071813771,1257787392,1436205056,7,,1
model_calibrated_from_measured_components,2026-07-19T10:49:58.615Z,ea091c96144cb733288085c0aa09e1893c72f7a689eb8649f66e8f0d052be86c,no_tee,8,0,283.360799999252,3.529069652551234,1370278,4.633299998939037,3.3947999998927116,0.004,269.50959999859333,5.838999999687076,0,376855,221765,283383,488275,0,125,58.268700526393246,1257787392,1499901952,13,,1
measured,2026-07-19T10:50:00.117Z,ea091c96144cb733288085c0aa09e1893c72f7a689eb8649f66e8f0d052be86c,full_trustcircuit,8,0,411.59030000288783,2.4296005032018093,1370230,4.184699999168515,3.427699999883771,139.842,259.15710000135005,4.997300000861287,0,376855,221765,283359,488251,0,109,29.952385372455115,1257787392,1516404736,11,,1
measured,2026-07-19T10:50:00.499Z,ea091c96144cb733288085c0aa09e1893c72f7a689eb8649f66e8f0d052be86c,baseline_minimal,9,0,0.002,500000,0,0,0,0,0,0,0,0,0,0,0,0,0,0,1257787392,1516404736,1,,1
measured,2026-07-19T10:50:00.902Z,ea091c96144cb733288085c0aa09e1893c72f7a689eb8649f66e8f0d052be86c,access_only,9,0,5.1630999986082315,193.6820902693267,433332,4.213599998503923,0,0,0,0,0.9570000004023314,407772,0,0,0,25560,16,22.53825868895583,1257787392,1516404736,5,,1
measured,2026-07-19T10:50:02.350Z,ea091c96144cb733288085c0aa09e1893c72f7a689eb8649f66e8f0d052be86c,no_budget,9,0,365.8454000015259,2.733395035159193,1103469,6.2449000012129545,0,121.75200000000001,236.59050000086427,0,1.275900000706315,407772,0,670137,0,25560,125,47.81714721901346,1257787392,1519845376,13,,1
measured,2026-07-19T10:50:03.784Z,ea091c96144cb733288085c0aa09e1893c72f7a689eb8649f66e8f0d052be86c,no_zk,9,0,142.4240999993086,7.021283617062383,685590,5.479299997910857,4.597800001502037,131.234,0,0,1.1320000011473894,407772,252258,0,0,25560,94,53.68374386964063,1257787392,1453023232,7,,1
model_calibrated_from_measured_components,2026-07-19T10:50:05.231Z,ea091c96144cb733288085c0aa09e1893c72f7a689eb8649f66e8f0d052be86c,no_tee,9,0,236.62840000085532,4.226035420923209,1370194,4.561500001698732,4.125699998810887,0.005,221.21590000018477,6.739599999040365,0,376807,221741,283383,488263,0,187,41.20667162718819,1257787392,1493540864,12,,1
measured,2026-07-19T10:50:06.699Z,ea091c96144cb733288085c0aa09e1893c72f7a689eb8649f66e8f0d052be86c,full_trustcircuit,9,0,392.73850000250343,2.546223504936811,1370290,4.633799999952316,2.389700001105666,168.013,211.82350000180304,5.898599999025464,0,376855,221765,283383,488287,0,204,26.312215661722455,1257787392,1534066688,11,,1
measured,2026-07-19T10:50:07.083Z,ea091c96144cb733288085c0aa09e1893c72f7a689eb8649f66e8f0d052be86c,baseline_minimal,10,0,0.002,500000,0,0,0,0,0,0,0,0,0,0,0,0,0,0,1257787392,1534066688,1,,1
measured,2026-07-19T10:50:07.493Z,ea091c96144cb733288085c0aa09e1893c72f7a689eb8649f66e8f0d052be86c,access_only,10,0,5.906200002878904,169.31360257230747,433332,4.59150000102818,0,0,0,0,1.3234000001102686,407772,0,0,0,25560,31,20.26019493088479,1257787392,1540005888,5,,1
measured,2026-07-19T10:50:08.980Z,ea091c96144cb733288085c0aa09e1893c72f7a689eb8649f66e8f0d052be86c,no_budget,10,0,369.959600000754,2.702997840839816,1103493,7.030200000852346,0,120.005,241.61119999922812,0,1.3328000009059906,407772,0,670161,0,25560,109,28.183304209970178,1257787392,1532190720,12,,1
measured,2026-07-19T10:50:10.363Z,ea091c96144cb733288085c0aa09e1893c72f7a689eb8649f66e8f0d052be86c,no_zk,10,0,125.07039999888838,7.995496936196638,685590,5.88599999807775,4.117300001904368,113.709,0,0,1.3766999989748,407772,252258,0,0,25560,188,26.46763008472743,1257787392,1505656832,7,,1
model_calibrated_from_measured_components,2026-07-19T10:50:11.826Z,ea091c96144cb733288085c0aa09e1893c72f7a689eb8649f66e8f0d052be86c,no_tee,10,0,251.96660000190138,3.9687799890638433,1370254,4.34770000167191,2.7574000004678965,0.005,239.11559999920428,5.758200000971556,0,376855,221765,283371,488263,0,250,39.85807134776529,1257787392,1493655552,11,,1
measured,2026-07-19T10:50:13.293Z,ea091c96144cb733288085c0aa09e1893c72f7a689eb8649f66e8f0d052be86c,full_trustcircuit,10,0,384.45500000283124,2.601084652280854,1370206,4.350499998778105,2.7615000009536743,154.54000000000002,216.47410000115633,6.348300000652671,0,376855,221765,283359,488227,0,141,39.26356746767261,1257787392,1502011392,13,,1
measured,2026-07-19T10:50:13.696Z,ea091c96144cb733288085c0aa09e1893c72f7a689eb8649f66e8f0d052be86c,baseline_minimal,11,0,0.002,500000,0,0,0,0,0,0,0,0,0,0,0,0,0,0,1257787392,1502011392,1,,1
measured,2026-07-19T10:50:14.103Z,ea091c96144cb733288085c0aa09e1893c72f7a689eb8649f66e8f0d052be86c,access_only,11,0,5.885799998417497,169.90043838881172,433332,4.927699999883771,0,0,0,0,0.9685999993234873,407772,0,0,0,25560,31,40.40498832514554,1257787392,1502011392,5,,1
measured,2026-07-19T10:50:15.579Z,ea091c96144cb733288085c0aa09e1893c72f7a689eb8649f66e8f0d052be86c,no_budget,11,0,385.20430000552534,2.5960250183750704,1103433,6.907700002193451,0,128.224,248.54109999909997,0,1.5516999997198582,407772,0,670113,0,25548,140,22.106775730692714,1257787392,1467334656,12,,1
measured,2026-07-19T10:50:16.999Z,ea091c96144cb733288085c0aa09e1893c72f7a689eb8649f66e8f0d052be86c,no_zk,11,0,150.78940000016988,6.631765893351081,685590,5.563699999824166,4.284199999645352,139.727,0,0,1.2315999995917082,407772,252258,0,0,25560,219,59.38182260315122,1257787392,3665371136,8,,1
model_calibrated_from_measured_components,2026-07-19T10:50:18.469Z,ea091c96144cb733288085c0aa09e1893c72f7a689eb8649f66e8f0d052be86c,no_tee,11,0,250.20689999619125,3.996692337482389,1370290,5.413800001144409,3.7181000001728535,0.004,235.56869999878109,5.528900001198053,0,376855,221765,283383,488287,0,93,33.786729443097244,1257787392,1509249024,12,,1
measured,2026-07-19T10:50:19.903Z,ea091c96144cb733288085c0aa09e1893c72f7a689eb8649f66e8f0d052be86c,full_trustcircuit,11,0,357.9693999993354,2.793534866393207,1370278,5.913100000470877,2.7188999988138676,126.003,217.25879999995232,6.09429999999702,0,376855,221765,283383,488275,0,110,42.07186949120567,1257787392,1507831808,12,,1
measured,2026-07-19T10:50:20.280Z,ea091c96144cb733288085c0aa09e1893c72f7a689eb8649f66e8f0d052be86c,baseline_minimal,12,0,0.002,500000,0,0,0,0,0,0,0,0,0,0,0,0,0,0,1257787392,1507831808,1,,1
measured,2026-07-19T10:50:20.702Z,ea091c96144cb733288085c0aa09e1893c72f7a689eb8649f66e8f0d052be86c,access_only,12,0,6.085199998691678,164.33313616890172,433332,5.1400000005960464,0,0,0,0,0.9522999990731478,407772,0,0,0,25560,63,19.59055735352983,1257787392,1507831808,5,,1
measured,2026-07-19T10:50:22.149Z,ea091c96144cb733288085c0aa09e1893c72f7a689eb8649f66e8f0d052be86c,no_budget,12,0,373.92229999937115,2.674352398885228,1103493,6.891000000759959,0,131.65,234.1253999993205,0,1.2751000002026558,407772,0,670161,0,25560,125,27.642635996621095,1257787392,1469927424,11,,1
measured,2026-07-19T10:50:23.633Z,ea091c96144cb733288085c0aa09e1893c72f7a689eb8649f66e8f0d052be86c,no_zk,12,0,156.95460000148415,6.371269144010714,685590,6.648299999535084,4.408100001513958,144.166,0,0,1.7587000001221895,407772,252258,0,0,25560,62,37.90917451132717,1257787392,1466523648,9,,1
model_calibrated_from_measured_components,2026-07-19T10:50:25.113Z,ea091c96144cb733288085c0aa09e1893c72f7a689eb8649f66e8f0d052be86c,no_tee,12,0,241.18040000022947,4.146273909484554,1370122,4.768400000408292,3.7884999997913837,0.004,226.5787000004202,6.060699999332428,0,376831,221753,283347,488191,0,125,39.36664923748787,1257787392,1473802240,12,,1
measured,2026-07-19T10:50:26.548Z,ea091c96144cb733288085c0aa09e1893c72f7a689eb8649f66e8f0d052be86c,full_trustcircuit,12,0,351.0332999998182,2.848732584630911,1370278,3.9941999968141317,2.985999997705221,121.906,217.15820000134408,5.005499999970198,0,376855,221765,283383,488275,0,203,23.670771636086695,1257787392,1500078080,11,,1
measured,2026-07-19T10:50:26.943Z,ea091c96144cb733288085c0aa09e1893c72f7a689eb8649f66e8f0d052be86c,baseline_minimal,13,0,0.002,500000,0,0,0,0,0,0,0,0,0,0,0,0,0,0,1257787392,1500078080,1,,1
measured,2026-07-19T10:50:27.353Z,ea091c96144cb733288085c0aa09e1893c72f7a689eb8649f66e8f0d052be86c,access_only,13,0,6.628599999472499,150.86141871278696,433332,5.692600000649691,0,0,0,0,0.9444999992847443,407772,0,0,0,25560,32,20.476697516999657,1257787392,1500078080,5,,1
measured,2026-07-19T10:50:28.806Z,ea091c96144cb733288085c0aa09e1893c72f7a689eb8649f66e8f0d052be86c,no_budget,13,0,389.7473000001758,2.565765048274995,1103469,6.910399999469519,0,141.43599999999998,239.97030000016093,0,1.4518999997526407,407748,0,670173,0,25548,156,100,1257787392,1495465984,11,,1
measured,2026-07-19T10:50:30.179Z,ea091c96144cb733288085c0aa09e1893c72f7a689eb8649f66e8f0d052be86c,no_zk,13,0,138.76140000247955,7.206615096000263,685578,5.7563999984413385,3.555299999192357,128.219,0,0,1.2493000011891127,407772,252258,0,0,25548,78,46.48289430317497,1257787392,1506738176,7,,1
model_calibrated_from_measured_components,2026-07-19T10:50:31.672Z,ea091c96144cb733288085c0aa09e1893c72f7a689eb8649f66e8f0d052be86c,no_tee,13,0,255.40980000542103,3.9152765476452944,1370266,4.324000000953674,2.346000000834465,0.004,243.41009999997914,5.34260000102222,0,376855,221765,283383,488263,0,219,100,1257787392,1483960320,12,,1
measured,2026-07-19T10:50:33.110Z,ea091c96144cb733288085c0aa09e1893c72f7a689eb8649f66e8f0d052be86c,full_trustcircuit,13,0,338.6985999981016,2.952477512471575,1370122,5.145599998533726,2.748200001195073,124.56700000000001,200.4254999998957,5.832299999892712,0,376831,221753,283335,488203,0,125,43.85232208348195,1257787392,1496657920,12,,1
measured,2026-07-19T10:50:33.496Z,ea091c96144cb733288085c0aa09e1893c72f7a689eb8649f66e8f0d052be86c,baseline_minimal,14,0,0.002,500000,0,0,0,0,0,0,0,0,0,0,0,0,0,0,1257787392,1496657920,1,,1
measured,2026-07-19T10:50:33.908Z,ea091c96144cb733288085c0aa09e1893c72f7a689eb8649f66e8f0d052be86c,access_only,14,0,5.732300000265241,174.45004622119023,433332,4.820700000971556,0,0,0,0,0.919199999421835,407772,0,0,0,25560,16,18.381339261569433,1257787392,1496657920,5,,1
measured,2026-07-19T10:50:35.312Z,ea091c96144cb733288085c0aa09e1893c72f7a689eb8649f66e8f0d052be86c,no_budget,14,0,359.4918000012189,2.781704617453331,1103457,4.510700000450015,0,118.12299999999999,235.9501000009477,0,0.9216000009328127,407772,0,670125,0,25560,109,29.433406917173354,1257787392,1497776128,11,,1
measured,2026-07-19T10:50:36.680Z,ea091c96144cb733288085c0aa09e1893c72f7a689eb8649f66e8f0d052be86c,no_zk,14,0,138.2422000015676,7.233681176866836,685518,4.403200000524521,2.9466999992728233,129.969,0,0,0.9368000011891127,407748,252222,0,0,25548,62,37.41881743675514,1257787392,1492135936,7,,1
model_calibrated_from_measured_components,2026-07-19T10:50:38.137Z,ea091c96144cb733288085c0aa09e1893c72f7a689eb8649f66e8f0d052be86c,no_tee,14,0,266.548199999094,3.751666677934419,1370218,4.70240000076592,3.004899999126792,0.006,253.5385999996215,5.313799999654293,0,376855,221765,283359,488239,0,108,29.87295322130807,1257787392,1448128512,11,,1
measured,2026-07-19T10:50:39.564Z,ea091c96144cb733288085c0aa09e1893c72f7a689eb8649f66e8f0d052be86c,full_trustcircuit,14,0,368.36479999615256,2.714700210254738,1370182,5.620299998670816,3.8185000009834766,137.436,215.52109999768436,5.990899998694658,0,376807,221741,283371,488263,0,235,26.87729315016632,1257787392,1520652288,12,,1
measured,2026-07-19T10:50:39.945Z,ea091c96144cb733288085c0aa09e1893c72f7a689eb8649f66e8f0d052be86c,baseline_minimal,15,0,0.002,500000,0,0,0,0,0,0,0,0,0,0,0,0,0,0,1257787392,1520652288,1,,1
measured,2026-07-19T10:50:40.365Z,ea091c96144cb733288085c0aa09e1893c72f7a689eb8649f66e8f0d052be86c,access_only,15,0,6.809600001201034,146.85150373349776,433332,5.590099999681115,0,0,0,0,1.2309000007808208,407772,0,0,0,25560,32,23.996352549881248,1257787392,1527484416,5,,1
measured,2026-07-19T10:50:41.820Z,ea091c96144cb733288085c0aa09e1893c72f7a689eb8649f66e8f0d052be86c,no_budget,15,0,378.44249999815224,2.642409348857178,1103481,6.92960000038147,0,137.164,232.98369999974966,0,1.4179999995976686,407772,0,670149,0,25560,126,39.358737310811655,1257787392,1516417024,11,,1
measured,2026-07-19T10:50:43.365Z,ea091c96144cb733288085c0aa09e1893c72f7a689eb8649f66e8f0d052be86c,no_zk,15,0,141.12539999863506,7.085896656517337,685590,5.6014999989420176,4.813399998471141,129.686,0,0,1.0434999987483025,407772,252258,0,0,25560,79,42.835061320522115,1257787392,1466970112,7,,1
model_calibrated_from_measured_components,2026-07-19T10:50:44.773Z,ea091c96144cb733288085c0aa09e1893c72f7a689eb8649f66e8f0d052be86c,no_tee,15,0,230.3963000022769,4.340347479495623,1370290,5.036099998280406,2.983500001952052,0.004,216.59990000166,5.788899999111891,0,376855,221765,283383,488287,0,110,37.233838107853956,1257787392,1498439680,12,,1
measured,2026-07-19T10:50:46.195Z,ea091c96144cb733288085c0aa09e1893c72f7a689eb8649f66e8f0d052be86c,full_trustcircuit,15,0,362.7928999966532,2.7563935237134602,1370242,3.7515999991446733,2.7282999996095896,135.894,215.17479999922216,5.261600000783801,0,376855,221765,283383,488239,0,93,21.409486396658053,1257787392,1524883456,11,,1
measured,2026-07-19T10:50:46.585Z,ea091c96144cb733288085c0aa09e1893c72f7a689eb8649f66e8f0d052be86c,baseline_minimal,16,0,0.002,500000,0,0,0,0,0,0,0,0,0,0,0,0,0,0,1257787392,1524883456,1,,1
measured,2026-07-19T10:50:46.988Z,ea091c96144cb733288085c0aa09e1893c72f7a689eb8649f66e8f0d052be86c,access_only,16,0,6.445299997925758,155.1518161019382,433332,5.3364000003784895,0,0,0,0,1.1175999995321035,407772,0,0,0,25560,62,39.21985385460155,1257787392,1524883456,5,,1
measured,2026-07-19T10:50:48.430Z,ea091c96144cb733288085c0aa09e1893c72f7a689eb8649f66e8f0d052be86c,no_budget,16,0,386.62719999611375,2.5864708949863116,1103373,5.787100000306964,0,123.285,256.437800001353,0,1.1323000006377697,407712,0,670125,0,25536,94,36.56971368208802,1257787392,1486114816,11,,1
measured,2026-07-19T10:50:49.863Z,ea091c96144cb733288085c0aa09e1893c72f7a689eb8649f66e8f0d052be86c,no_zk,16,0,172.52659999592603,5.796207657390881,685590,6.216999998316169,4.708000000566244,160.306,0,0,1.313799999654293,407772,252258,0,0,25560,78,17.889172991816515,1257787392,1488973824,8,,1
model_calibrated_from_measured_components,2026-07-19T10:50:51.323Z,ea091c96144cb733288085c0aa09e1893c72f7a689eb8649f66e8f0d052be86c,no_tee,16,0,232.31340000356732,4.304530001216651,1370254,6.553300000727177,2.5929000005126,0.003,217.67980000190437,5.5020000003278255,0,376855,221765,283383,488251,0,251,24.861706753774087,1257787392,1534263296,12,,1
measured,2026-07-19T10:50:52.776Z,ea091c96144cb733288085c0aa09e1893c72f7a689eb8649f66e8f0d052be86c,full_trustcircuit,16,0,354.08590000097456,2.8241734562072303,1370266,4.744200000539422,2.524100000038743,128.922,211.68820000067353,6.230000000447035,0,376855,221765,283383,488263,0,203,40.930765614738924,1257787392,1529266176,11,,1
measured,2026-07-19T10:50:53.164Z,ea091c96144cb733288085c0aa09e1893c72f7a689eb8649f66e8f0d052be86c,baseline_minimal,17,0,0.002,500000,0,0,0,0,0,0,0,0,0,0,0,0,16,0.5159373033021953,1257787392,1529266176,1,,1
measured,2026-07-19T10:50:53.562Z,ea091c96144cb733288085c0aa09e1893c72f7a689eb8649f66e8f0d052be86c,access_only,17,0,5.304000001400709,188.53695319304572,433332,4.399600001052022,0,0,0,0,0.912499999627471,407772,0,0,0,25560,31,20.087178348116215,1257787392,1529552896,5,,1
measured,2026-07-19T10:50:55.024Z,ea091c96144cb733288085c0aa09e1893c72f7a689eb8649f66e8f0d052be86c,no_budget,17,0,401.797500001505,2.488815883613647,1103505,5.090199997648597,0,146.91899999999998,248.37210000120103,0,1.4324000012129545,407772,0,670173,0,25560,125,58.10076189639768,1257787392,1461923840,12,,1
measured,2026-07-19T10:50:56.473Z,ea091c96144cb733288085c0aa09e1893c72f7a689eb8649f66e8f0d052be86c,no_zk,17,0,151.6156999998242,6.59562301266399,685578,5.7369000017642975,3.990599999204278,141.05200000000002,0,0,0.8529000002890825,407772,252258,0,0,25548,78,34.50483361426585,1257787392,3656716288,7,,1
model_calibrated_from_measured_components,2026-07-19T10:50:57.959Z,ea091c96144cb733288085c0aa09e1893c72f7a689eb8649f66e8f0d052be86c,no_tee,17,0,282.19969999708235,3.5435898762838476,1370254,5.183699997141957,2.4195000007748604,0.005,269.006400000304,5.602799998596311,0,376855,221765,283383,488251,0,94,43.114203099567774,1257787392,1474957312,11,,1
measured,2026-07-19T10:50:59.423Z,ea091c96144cb733288085c0aa09e1893c72f7a689eb8649f66e8f0d052be86c,full_trustcircuit,17,0,375.4886999985725,2.663195989663076,1370290,4.5087000001221895,3.8672000002115965,137.56900000000002,222.40149999968708,7.164200000464916,0,376855,221765,283383,488287,0,126,43.16298342157432,1257787392,1452781568,12,,1
measured,2026-07-19T10:50:59.805Z,ea091c96144cb733288085c0aa09e1893c72f7a689eb8649f66e8f0d052be86c,baseline_minimal,18,0,0.002,500000,0,0,0,0,0,0,0,0,0,0,0,0,0,0,1257787392,1452781568,1,,1
measured,2026-07-19T10:51:00.212Z,ea091c96144cb733288085c0aa09e1893c72f7a689eb8649f66e8f0d052be86c,access_only,18,0,6.9744000025093555,143.38150946894424,433332,6.043299999088049,0,0,0,0,0.9399000015109777,407772,0,0,0,25560,15,16.80740063489889,1257787392,1452781568,5,,1
measured,2026-07-19T10:51:01.666Z,ea091c96144cb733288085c0aa09e1893c72f7a689eb8649f66e8f0d052be86c,no_budget,18,0,381.47019999824465,2.621436746578374,1103457,6.557200001552701,0,141.615,231.8766999989748,0,1.4412999991327524,407772,0,670125,0,25560,109,54.13948172295239,1257787392,1481003008,11,,1
measured,2026-07-19T10:51:03.124Z,ea091c96144cb733288085c0aa09e1893c72f7a689eb8649f66e8f0d052be86c,no_zk,18,0,158.90549999898673,6.2930483841426295,685590,5.890899999067187,4.004300000146031,148.031,0,0,0.9967999998480082,407772,252258,0,0,25560,156,28.39134631383478,1257787392,1484308480,7,,1
model_calibrated_from_measured_components,2026-07-19T10:51:04.558Z,ea091c96144cb733288085c0aa09e1893c72f7a689eb8649f66e8f0d052be86c,no_tee,18,0,236.5696000021845,4.227085813184644,1370278,4.30460000038147,2.3280000016093254,0.004,223.3183999992907,6.636700000613928,0,376855,221765,283383,488275,0,110,43.32398086124844,1257787392,1486958592,11,,1
measured,2026-07-19T10:51:05.958Z,ea091c96144cb733288085c0aa09e1893c72f7a689eb8649f66e8f0d052be86c,full_trustcircuit,18,0,359.92219999980927,2.778378216182636,1370266,6.053300000727177,2.8987999986857176,142.887,202.39980000071228,5.699899999424815,0,376855,221765,283383,488263,0,108,30.68284675180035,1257787392,1489014784,13,,1
measured,2026-07-19T10:51:06.344Z,ea091c96144cb733288085c0aa09e1893c72f7a689eb8649f66e8f0d052be86c,baseline_minimal,19,0,0.002,500000,0,0,0,0,0,0,0,0,0,0,0,0,0,0,1257787392,1489014784,1,,1
measured,2026-07-19T10:51:06.758Z,ea091c96144cb733288085c0aa09e1893c72f7a689eb8649f66e8f0d052be86c,access_only,19,0,6.436499997973442,155.36394007843612,433332,5.357200000435114,0,0,0,0,1.087500000372529,407772,0,0,0,25560,47,36.707126083381496,1257787392,1489014784,5,,1
measured,2026-07-19T10:51:08.193Z,ea091c96144cb733288085c0aa09e1893c72f7a689eb8649f66e8f0d052be86c,no_budget,19,0,377.9074999992698,2.646150182258707,1103493,7.338399996981025,0,120.179,249.4639000017196,0,0.9449000004678965,407772,0,670161,0,25560,94,37.0200002488253,1257787392,1499377664,11,,1
measured,2026-07-19T10:51:09.612Z,ea091c96144cb733288085c0aa09e1893c72f7a689eb8649f66e8f0d052be86c,no_zk,19,0,170.24789999844134,5.873787576875575,685590,5.1239000000059605,3.525399999693036,159.929,0,0,1.6872000005096197,407772,252258,0,0,25560,47,20.310754546313998,1257787392,1474752512,7,,1
model_calibrated_from_measured_components,2026-07-19T10:51:11.052Z,ea091c96144cb733288085c0aa09e1893c72f7a689eb8649f66e8f0d052be86c,no_tee,19,0,254.6036999964118,3.9276726929502335,1370290,4.838799998164177,3.8399000000208616,0.004,241.16669999994338,4.77309999987483,0,376855,221765,283383,488287,0,79,22.006073679134534,1257787392,1440378880,11,,1
measured,2026-07-19T10:51:12.476Z,ea091c96144cb733288085c0aa09e1893c72f7a689eb8649f66e8f0d052be86c,full_trustcircuit,19,0,372.5982000008821,2.683856229036084,1370278,4.49210000038147,3.23619999922812,140.011,219.06719999946654,5.812400000169873,0,376855,221765,283383,488275,0,234,42.17680516859411,1257787392,1519747072,12,,1
measured,2026-07-19T10:51:12.846Z,ea091c96144cb733288085c0aa09e1893c72f7a689eb8649f66e8f0d052be86c,baseline_minimal,20,0,0.002,500000,0,0,0,0,0,0,0,0,0,0,0,0,0,0,1257787392,1519747072,1,,1
measured,2026-07-19T10:51:13.265Z,ea091c96144cb733288085c0aa09e1893c72f7a689eb8649f66e8f0d052be86c,access_only,20,0,5.991499999538064,166.90311275592066,433332,5.097099997103214,0,0,0,0,0.9035000000149012,407772,0,0,0,25560,32,19.99440156962225,1257787392,1520058368,5,,1
measured,2026-07-19T10:51:14.792Z,ea091c96144cb733288085c0aa09e1893c72f7a689eb8649f66e8f0d052be86c,no_budget,20,0,412.07239999862014,2.4267580163178817,1103457,6.815200001001358,0,144.724,259.30350000038743,0,1.2482999991625547,407772,0,670125,0,25560,250,35.04836674881868,1257787392,1520701440,11,,1
measured,2026-07-19T10:51:16.207Z,ea091c96144cb733288085c0aa09e1893c72f7a689eb8649f66e8f0d052be86c,no_zk,20,0,138.0530000012517,7.243594851187104,685518,5.6757000014185905,3.5017000008374453,127.534,0,0,1.3574999999254942,407748,252222,0,0,25548,47,29.622607969986465,1257787392,1404829696,7,,1
model_calibrated_from_measured_components,2026-07-19T10:51:17.659Z,ea091c96144cb733288085c0aa09e1893c72f7a689eb8649f66e8f0d052be86c,no_tee,20,0,236.7081000033021,4.224612507920304,1370266,4.295100001618266,2.7363000009208918,0.005,223.39759999886155,6.29420000128448,0,376855,221765,283383,488263,0,141,46.562917589563746,1257787392,1502482432,11,,1
measured,2026-07-19T10:51:19.077Z,ea091c96144cb733288085c0aa09e1893c72f7a689eb8649f66e8f0d052be86c,full_trustcircuit,20,0,371.95990000027416,2.688461847632669,1370266,5.060599999502301,2.871400000527501,138.44799999999998,218.5722000002861,7.030799999833107,0,376855,221765,283371,488275,0,126,48.64377027626873,1257787392,1504649216,12,,1
measured,2026-07-19T10:51:19.464Z,ea091c96144cb733288085c0aa09e1893c72f7a689eb8649f66e8f0d052be86c,baseline_minimal,21,0,0.002,500000,0,0,0,0,0,0,0,0,0,0,0,0,0,0,1257787392,1504649216,1,,1
measured,2026-07-19T10:51:19.874Z,ea091c96144cb733288085c0aa09e1893c72f7a689eb8649f66e8f0d052be86c,access_only,21,0,5.59599999897182,178.69907079766526,433332,4.263199999928474,0,0,0,0,1.3442999999970198,407772,0,0,0,25560,31,19.30464663018717,1257787392,1504649216,5,,1
measured,2026-07-19T10:51:21.363Z,ea091c96144cb733288085c0aa09e1893c72f7a689eb8649f66e8f0d052be86c,no_budget,21,0,391.08000000013413,2.5570215812612687,1103445,6.525800000876188,0,154.38600000000002,229.14489999972284,0,1.0410999990999699,407772,0,670125,0,25548,125,35.83052852940177,1257787392,1504948224,11,,1
measured,2026-07-19T10:51:22.851Z,ea091c96144cb733288085c0aa09e1893c72f7a689eb8649f66e8f0d052be86c,no_zk,21,0,138.70370000147818,7.20961300952565,685518,5.104300003498793,4.236599998548627,128.289,0,0,1.0955999996513128,407748,252222,0,0,25548,63,20.177155424349174,1257787392,1493282816,7,,1
model_calibrated_from_measured_components,2026-07-19T10:51:24.285Z,ea091c96144cb733288085c0aa09e1893c72f7a689eb8649f66e8f0d052be86c,no_tee,21,0,234.0901000007242,4.271859425054312,1370194,3.928499998524785,3.5778000000864267,0.005,221.94570000097156,4.653200000524521,0,376831,221753,283359,488251,0,157,19.082876935568507,1257787392,1416679424,11,,1
measured,2026-07-19T10:51:25.751Z,ea091c96144cb733288085c0aa09e1893c72f7a689eb8649f66e8f0d052be86c,full_trustcircuit,21,0,417.1655999987572,2.397129581161484,1370134,4.487600000575185,2.2983999997377396,137.03,267.54229999892414,5.824200000613928,0,376831,221753,283347,488203,0,187,22.45049304010546,1257787392,1505878016,12,,1
measured,2026-07-19T10:51:26.134Z,ea091c96144cb733288085c0aa09e1893c72f7a689eb8649f66e8f0d052be86c,baseline_minimal,22,0,0.002,500000,0,0,0,0,0,0,0,0,0,0,0,0,0,0,1257787392,1505878016,1,,1
measured,2026-07-19T10:51:26.553Z,ea091c96144cb733288085c0aa09e1893c72f7a689eb8649f66e8f0d052be86c,access_only,22,0,6.686899999156594,149.54612752189027,433332,5.632200000807643,0,0,0,0,1.0635999999940395,407772,0,0,0,25560,62,30.46848339483858,1257787392,1506443264,5,,1
measured,2026-07-19T10:51:28.035Z,ea091c96144cb733288085c0aa09e1893c72f7a689eb8649f66e8f0d052be86c,no_budget,22,0,401.94309999978543,2.4879143341446435,1103421,6.105399999767542,0,144.091,250.48359999991953,0,1.278599999845028,407772,0,670089,0,25560,125,41.84830611961908,1257787392,1437753344,11,,1
measured,2026-07-19T10:51:29.421Z,ea091c96144cb733288085c0aa09e1893c72f7a689eb8649f66e8f0d052be86c,no_zk,22,0,129.33230000382662,7.732020539110589,685518,5.265100002288818,3.7476000003516674,118.976,0,0,1.361600000411272,407736,252234,0,0,25548,47,42.38186055912856,1257787392,1486004224,7,,1
model_calibrated_from_measured_components,2026-07-19T10:51:30.916Z,ea091c96144cb733288085c0aa09e1893c72f7a689eb8649f66e8f0d052be86c,no_tee,22,0,250.1315000011772,3.9978971061033644,1370266,5.661299999803305,3.0953000020235777,0.005,234.79840000160038,6.590299999341369,0,376855,221765,283383,488263,0,235,31.397300103032993,1257787392,1541771264,12,,1
measured,2026-07-19T10:51:32.410Z,ea091c96144cb733288085c0aa09e1893c72f7a689eb8649f66e8f0d052be86c,full_trustcircuit,22,0,387.07790000163016,2.5834592984920826,1370242,4.819600000977516,3.0284000020474195,132.285,241.28909999877214,5.672800000756979,0,376855,221765,283383,488239,0,203,55.3873952696745,1257787392,1533673472,12,,1
measured,2026-07-19T10:51:32.793Z,ea091c96144cb733288085c0aa09e1893c72f7a689eb8649f66e8f0d052be86c,baseline_minimal,23,0,0.002,500000,0,0,0,0,0,0,0,0,0,0,0,0,0,0,1257787392,1533673472,1,,1
measured,2026-07-19T10:51:33.210Z,ea091c96144cb733288085c0aa09e1893c72f7a689eb8649f66e8f0d052be86c,access_only,23,0,8.250000001862645,121.21212118475452,433332,6.506699999794364,0,0,0,0,1.7554999999701977,407772,0,0,0,25560,30,19.945111052519398,1257787392,1533673472,5,,1
measured,2026-07-19T10:51:34.715Z,ea091c96144cb733288085c0aa09e1893c72f7a689eb8649f66e8f0d052be86c,no_budget,23,0,423.5544999982566,2.3609712563651577,1103409,6.183999998494983,0,156.514,259.7962000016123,0,1.0765000004321337,407748,0,670113,0,25548,94,38.570262565661864,1257787392,1444196352,12,,1
measured,2026-07-19T10:51:36.144Z,ea091c96144cb733288085c0aa09e1893c72f7a689eb8649f66e8f0d052be86c,no_zk,23,0,143.3690999980122,6.97500367941115,685590,5.705800000578165,4.042700000107288,132.471,0,0,1.1693999990820885,407772,252258,0,0,25560,47,33.38396567817774,1257787392,3617783808,8,,1
model_calibrated_from_measured_components,2026-07-19T10:51:37.613Z,ea091c96144cb733288085c0aa09e1893c72f7a689eb8649f66e8f0d052be86c,no_tee,23,0,251.69649999709426,3.9730389576793663,1370266,4.4186000023037195,3.293400000780821,0.004,237.62819999828935,6.370799999684095,0,376855,221765,283371,488275,0,110,21.747703446741326,1257787392,1482764288,13,,1
measured,2026-07-19T10:51:39.052Z,ea091c96144cb733288085c0aa09e1893c72f7a689eb8649f66e8f0d052be86c,full_trustcircuit,23,0,370.3377000004947,2.7002381880069573,1370194,5.227700000628829,2.582100000232458,137.304,218.76129999943078,6.493199998512864,0,376831,221753,283359,488251,0,141,42.500219366834315,1257787392,1518731264,12,,1
measured,2026-07-19T10:51:39.430Z,ea091c96144cb733288085c0aa09e1893c72f7a689eb8649f66e8f0d052be86c,baseline_minimal,24,0,0.002,500000,0,0,0,0,0,0,0,0,0,0,0,0,0,0,1257787392,1518731264,1,,1
measured,2026-07-19T10:51:39.833Z,ea091c96144cb733288085c0aa09e1893c72f7a689eb8649f66e8f0d052be86c,access_only,24,0,6.38990000076592,156.4969717648376,433332,5.41019999794662,0,0,0,0,0.9889000002294779,407772,0,0,0,25560,32,26.96944361502396,1257787392,1518731264,5,,1
measured,2026-07-19T10:51:41.254Z,ea091c96144cb733288085c0aa09e1893c72f7a689eb8649f66e8f0d052be86c,no_budget,24,0,362.4689999994189,2.758856619467053,1103469,6.309900000691414,0,122.018,233.07659999839962,0,1.084000000730157,407772,0,670137,0,25560,250,42.77983359822834,1257787392,1518776320,11,,1
measured,2026-07-19T10:51:42.676Z,ea091c96144cb733288085c0aa09e1893c72f7a689eb8649f66e8f0d052be86c,no_zk,24,0,152.5558000008166,6.554978571739962,685590,5.481599997729063,3.58530000038445,142.519,0,0,0.9860999993979931,407772,252258,0,0,25560,109,36.7954269118495,1257787392,3613650944,7,,1
model_calibrated_from_measured_components,2026-07-19T10:51:44.128Z,ea091c96144cb733288085c0aa09e1893c72f7a689eb8649f66e8f0d052be86c,no_tee,24,0,254.3689999963343,3.931296659633882,1370266,5.316199999302626,2.8957999981939793,0.005,240.83579999953508,5.3324000015854836,0,376855,221765,283383,488263,0,172,61.90517203039179,1257787392,1491681280,11,,1
measured,2026-07-19T10:51:45.551Z,ea091c96144cb733288085c0aa09e1893c72f7a689eb8649f66e8f0d052be86c,full_trustcircuit,24,0,368.1045000016242,2.716619872877369,1370254,3.909000001847744,2.616899998858571,139.373,216.11789999902248,6.105400001630187,0,376855,221765,283383,488251,0,63,19.79139865859844,1257787392,1525895168,11,,1
measured,2026-07-19T10:51:45.950Z,ea091c96144cb733288085c0aa09e1893c72f7a689eb8649f66e8f0d052be86c,baseline_minimal,25,0,0.002,500000,0,0,0,0,0,0,0,0,0,0,0,0,0,0,1257787392,1525895168,1,,1
measured,2026-07-19T10:51:46.369Z,ea091c96144cb733288085c0aa09e1893c72f7a689eb8649f66e8f0d052be86c,access_only,25,0,6.3297000005841255,157.98537054010723,433332,5.155499998480082,0,0,0,0,1.1833999995142221,407772,0,0,0,25560,47,23.840743835272914,1257787392,1525895168,5,,1
measured,2026-07-19T10:51:47.831Z,ea091c96144cb733288085c0aa09e1893c72f7a689eb8649f66e8f0d052be86c,no_budget,25,0,396.5913999966681,2.5214868502151115,1103469,5.885599998757243,0,128.28900000000002,260.64090000092983,0,1.7948000002652407,407772,0,670137,0,25560,93,25.86506114558778,1257787392,1478332416,11,,1
measured,2026-07-19T10:51:49.304Z,ea091c96144cb733288085c0aa09e1893c72f7a689eb8649f66e8f0d052be86c,no_zk,25,0,144.31540000271798,6.929267423858898,685518,4.722500002011657,3.8190000001341105,134.942,0,0,0.8465999998152256,407748,252222,0,0,25548,78,71.94112460415985,1257787392,1465061376,7,,1
model_calibrated_from_measured_components,2026-07-19T10:51:50.741Z,ea091c96144cb733288085c0aa09e1893c72f7a689eb8649f66e8f0d052be86c,no_tee,25,0,239.6372000028342,4.172974813543862,1370290,5.094800002872944,3.630400000140071,0.004,224.78570000082254,6.145700000226498,0,376855,221765,283383,488287,0,110,26.056375907540147,1257787392,1486524416,12,,1
measured,2026-07-19T10:51:52.213Z,ea091c96144cb733288085c0aa09e1893c72f7a689eb8649f66e8f0d052be86c,full_trustcircuit,25,0,411.7534999989122,2.4286375222132706,1370254,5.100099999457598,2.944099998101592,164.709,233.03099999949336,5.991800000891089,0,376855,221765,283371,488263,0,125,45.088844630206786,1257787392,1451511808,12,,1
measured,2026-07-19T10:51:52.585Z,ea091c96144cb733288085c0aa09e1893c72f7a689eb8649f66e8f0d052be86c,baseline_minimal,26,0,0.002,500000,0,0,0,0,0,0,0,0,0,0,0,0,16,0.5398099005419763,1257787392,1451511808,1,,1
measured,2026-07-19T10:51:52.981Z,ea091c96144cb733288085c0aa09e1893c72f7a689eb8649f66e8f0d052be86c,access_only,26,0,5.2489000000059605,190.51610813672664,433332,4.1368000023067,0,0,0,0,1.1206999998539686,407772,0,0,0,25560,94,100,1257787392,1451827200,5,,1
measured,2026-07-19T10:51:54.464Z,ea091c96144cb733288085c0aa09e1893c72f7a689eb8649f66e8f0d052be86c,no_budget,26,0,390.94370000322164,2.5579130703263906,1103481,8.531400002539158,0,129.257,251.9708000011742,0,1.2085999995470047,407772,0,670149,0,25560,188,17.885248248284793,1257787392,1476198400,11,,1
measured,2026-07-19T10:51:55.903Z,ea091c96144cb733288085c0aa09e1893c72f7a689eb8649f66e8f0d052be86c,no_zk,26,0,127.84690000395477,7.82185567244154,685590,5.501000000163913,4.2748000007122755,116.608,0,0,1.4825000017881393,407772,252258,0,0,25560,47,19.192580914797013,1257787392,1457754112,7,,1
model_calibrated_from_measured_components,2026-07-19T10:51:57.364Z,ea091c96144cb733288085c0aa09e1893c72f7a689eb8649f66e8f0d052be86c,no_tee,26,0,252.75000000120698,3.9564787339079115,1370254,4.992199998348951,2.411100000143051,0.004,239.5093000009656,5.849099999293685,0,376855,221765,283383,488251,0,141,51.97919062845819,1257787392,1464098816,11,,1
measured,2026-07-19T10:51:58.806Z,ea091c96144cb733288085c0aa09e1893c72f7a689eb8649f66e8f0d052be86c,full_trustcircuit,26,0,363.91110000534354,2.747923874774131,1370290,5.80800000205636,2.7417999990284443,124.366,225.3720000013709,5.643500000238419,0,376855,221765,283383,488287,0,156,86.54383027970435,1257787392,1515704320,13,,1
measured,2026-07-19T10:51:59.190Z,ea091c96144cb733288085c0aa09e1893c72f7a689eb8649f66e8f0d052be86c,baseline_minimal,27,0,0.002,500000,0,0,0,0,0,0,0,0,0,0,0,0,0,0,1257787392,1515704320,1,,1
measured,2026-07-19T10:51:59.605Z,ea091c96144cb733288085c0aa09e1893c72f7a689eb8649f66e8f0d052be86c,access_only,27,0,6.205399999395013,161.1499661742182,433332,5.081399999558926,0,0,0,0,1.1348999999463558,407772,0,0,0,25560,15,20.75400690424977,1257787392,1515704320,5,,1
measured,2026-07-19T10:52:01.078Z,ea091c96144cb733288085c0aa09e1893c72f7a689eb8649f66e8f0d052be86c,no_budget,27,0,386.23070000080764,2.5891261362649547,1103493,6.559000000357628,0,135.536,242.92980000004172,0,1.223699999973178,407772,0,670161,0,25560,110,30.76324605712682,1257787392,1508483072,12,,1
measured,2026-07-19T10:52:02.527Z,ea091c96144cb733288085c0aa09e1893c72f7a689eb8649f66e8f0d052be86c,no_zk,27,0,131.5037999983579,7.604342992464759,685506,5.390100002288818,3.903599999845028,121.357,0,0,0.8712000008672476,407748,252222,0,0,25536,79,44.30365726766784,1257787392,1459064832,7,,1
model_calibrated_from_measured_components,2026-07-19T10:52:04.036Z,ea091c96144cb733288085c0aa09e1893c72f7a689eb8649f66e8f0d052be86c,no_tee,27,0,271.94260000371935,3.677246595370946,1370194,5.150699999183416,3.9686000011861324,0.004,255.88050000183284,6.958200000226498,0,376831,221753,283359,488251,0,219,51.781967858328414,1257787392,1499893760,12,,1
measured,2026-07-19T10:52:05.492Z,ea091c96144cb733288085c0aa09e1893c72f7a689eb8649f66e8f0d052be86c,full_trustcircuit,27,0,374.88670000113547,2.667472599046515,1370242,6.183399997651577,2.89780000038445,141.815,218.08980000205338,5.924000000581145,0,376855,221765,283371,488251,0,109,33.39511429349907,1257787392,1490911232,12,,1
measured,2026-07-19T10:52:05.879Z,ea091c96144cb733288085c0aa09e1893c72f7a689eb8649f66e8f0d052be86c,baseline_minimal,28,0,0.002,500000,0,0,0,0,0,0,0,0,0,0,0,0,0,0,1257787392,1490911232,1,,1
measured,2026-07-19T10:52:06.301Z,ea091c96144cb733288085c0aa09e1893c72f7a689eb8649f66e8f0d052be86c,access_only,28,0,6.308000000193715,158.52885224624137,433332,4.899300001561642,0,0,0,0,1.4183999989181757,407772,0,0,0,25560,16,18.41620625620361,1257787392,1500057600,5,,1
measured,2026-07-19T10:52:07.842Z,ea091c96144cb733288085c0aa09e1893c72f7a689eb8649f66e8f0d052be86c,no_budget,28,0,408.14789999859033,2.450092233730601,1103433,6.312899999320507,0,130.169,270.5688000023365,0,1.1160000003874302,407772,0,670101,0,25560,124,57.20485982644393,1257787392,1503961088,11,,1
measured,2026-07-19T10:52:09.264Z,ea091c96144cb733288085c0aa09e1893c72f7a689eb8649f66e8f0d052be86c,no_zk,28,0,148.54939999990165,6.731767344739609,685518,6.554500000551343,4.712799999862909,136,0,0,1.3003000002354383,407748,252222,0,0,25548,94,81.66884450332779,1257787392,1497178112,8,,1
model_calibrated_from_measured_components,2026-07-19T10:52:10.796Z,ea091c96144cb733288085c0aa09e1893c72f7a689eb8649f66e8f0d052be86c,no_tee,28,0,298.09600000576677,3.3546240136756436,1370218,5.9945000018924475,2.6205000020563602,0.004,283.90170000121,5.603499999269843,0,376831,221753,283371,488263,0,110,38.93095595269484,1257787392,1463648256,14,,1
measured,2026-07-19T10:52:12.275Z,ea091c96144cb733288085c0aa09e1893c72f7a689eb8649f66e8f0d052be86c,full_trustcircuit,28,0,411.680499995932,2.4290681730368124,1370266,4.9260999988764524,2.7573999986052513,147.461,251.86790000088513,4.6862999983131886,0,376855,221765,283371,488275,0,93,30.871343669836932,1257787392,1474928640,11,,1
measured,2026-07-19T10:52:12.656Z,ea091c96144cb733288085c0aa09e1893c72f7a689eb8649f66e8f0d052be86c,baseline_minimal,29,0,0.002,500000,0,0,0,0,0,0,0,0,0,0,0,0,16,0.5217874978661631,1257787392,1474928640,1,,1
measured,2026-07-19T10:52:13.061Z,ea091c96144cb733288085c0aa09e1893c72f7a689eb8649f66e8f0d052be86c,access_only,29,0,5.172199998050928,193.34132484761537,433332,4.081699999049306,0,0,0,0,1.0984000004827976,407772,0,0,0,25560,16,17.99694052329696,1257787392,1474928640,5,,1
measured,2026-07-19T10:52:14.535Z,ea091c96144cb733288085c0aa09e1893c72f7a689eb8649f66e8f0d052be86c,no_budget,29,0,379.39070000430945,2.6358052529717813,1103445,7.812000000849366,0,136.936,233.65290000103414,0,1.0099999997764826,407772,0,670125,0,25548,234,26.379925389200547,1257787392,1518333952,11,,1
measured,2026-07-19T10:52:15.986Z,ea091c96144cb733288085c0aa09e1893c72f7a689eb8649f66e8f0d052be86c,no_zk,29,0,151.3776000007689,6.605997188454043,685590,4.71200000308454,3.6127000004053116,141.832,0,0,1.2382999993860722,407772,252258,0,0,25560,94,45.975302459355866,1257787392,1506762752,7,,1
model_calibrated_from_measured_components,2026-07-19T10:52:17.470Z,ea091c96144cb733288085c0aa09e1893c72f7a689eb8649f66e8f0d052be86c,no_tee,29,0,269.3234999974221,3.713006848676672,1370278,4.893900001421571,3.9975000005215406,0.004,255.169600000605,5.278999999165535,0,376855,221765,283383,488275,0,108,45.60795401366822,1257787392,1456254976,13,,1
measured,2026-07-19T10:52:19.010Z,ea091c96144cb733288085c0aa09e1893c72f7a689eb8649f66e8f0d052be86c,full_trustcircuit,29,0,418.5181999987811,2.3893823494483932,1370206,5.433900000527501,2.3583000004291534,132.887,271.2690000012517,6.592399999499321,0,376831,221753,283359,488263,0,124,50.39457883076096,1257787392,1492041728,12,,1
