measurement_type,configuration,run,is_warmup,execution_order,seed,request_id,rows,payload_bytes,payload_sha256,native_process_wall_us,vbs_process_wall_us,vbs_validation_wall_us,native_host_total_us,vbs_host_total_us,native_decrypt_us,vbs_decrypt_us,native_hash_us,vbs_hash_us,native_aggregate_us,vbs_aggregate_us,native_dp_noise_us,vbs_dp_noise_us,native_transcript_us,vbs_transcript_us,vbs_attestation_generation_us,vbs_attestation_validation_host_us,vbs_attestation_validation_enclave_us,native_peak_rss_bytes,vbs_peak_rss_bytes,native_result_fixed,vbs_result_fixed,result_hash_match,result_parity,native_payload_throughput_mib_s,vbs_payload_throughput_mib_s,vbs_slowdown_vs_native,native_ok,vbs_ok
measured_paired,Debug,0,1,native_first,20260719,phase8-paired-126-0-1784453514823701900,126,1024,4ec6617731c01becbdcbdb3e165524ce635ea08830bcea6d15a107486eb7673a,37763,47945,86728,24726,8158,17,8,87,13,8,9,0,0,17,12,1925,21852,898,5353472,9666560,48825396,48825396,1,1,0.025860299764319573,0.020368390864532276,1.2696290019331091,1,1
measured_paired,Debug,1,0,vbs_first,20260720,phase8-paired-126-1-1784453514999778900,126,1024,0d6ab7d4e8163a5f62ca871ae55033e20923a9a93123f21a128bc2e71d144450,18705,88009,72500,6141,14967,15,5,62,8,8,6,0,0,16,12,2063,18835,1170,5353472,9744384,50920634,50920634,1,1,0.05220863405506549,0.011096166301173743,4.705105586741513,1,1
measured_paired,Debug,2,0,native_first,20260721,phase8-paired-126-2-1784453515181738200,126,1024,5a0c4884fbd8418e4362725b219fa43667bb4fdd27879b57bb3dd14a978e72e2,33691,57825,82228,22308,8187,13,8,68,14,8,10,0,0,13,19,2014,20224,960,4972544,9711616,49912698,49912698,1,1,0.02898585675699742,0.01688824038045828,1.7163337389807367,1,1
measured_paired,Debug,3,0,vbs_first,20260722,phase8-paired-126-3-1784453515358235200,126,1024,820f63adfef48263f797fc0093385fd8da5c4cf62a5300ae5cae4cde217b6961,17793,78497,80486,6299,17455,22,3,115,5,10,6,0,0,25,10,2308,19075,965,5361664,9699328,50341269,50341269,1,1,0.054884645647164616,0.012440762067340154,4.411678750070252,1,1
measured_paired,Debug,4,0,native_first,20260723,phase8-paired-126-4-1784453515537843900,126,1024,483a2c66abacaf1e52c4e57f2f8575f3b4786f6d6274d5fedbdfce3f9b5f5f69,36492,78302,62377,24372,8221,13,3,47,5,8,6,0,0,14,10,2093,19446,1021,5152768,9695232,49912698,49912698,1,1,0.02676100241148745,0.012471744016755638,2.1457305710840733,1,1
measured_paired,Debug,5,0,vbs_first,20260724,phase8-paired-126-5-1784453515717093600,126,1024,0f5cc4593bb3be1ec9ae86c14ec0a515084c97da45c988e73146d6d8cab3d910,17275,77730,77566,6030,14737,12,4,46,6,8,6,0,0,12,10,2406,21751,948,5353472,9691136,50373015,50373015,1,1,0.056530390738060786,0.01256352116300013,4.499565846599132,1,1
measured_paired,Debug,6,0,native_first,20260725,phase8-paired-126-6-1784453515892888600,126,1024,136d79ff33402fca572e6ac6866dd44099f77703b5acba611965aa12cba592c2,32994,40306,82852,21283,7799,13,4,49,6,8,6,0,0,18,10,1938,20155,1065,5181440,9707520,49642857,49642857,1,1,0.029598184518397283,0.02422871284672257,1.2216160514032854,1,1
measured_paired,Debug,7,0,vbs_first,20260726,phase8-paired-126-7-1784453516051593400,126,1024,cb1c5eaffe4e05a6b7ae144ecba09ef7829224a2915fab4681771f7bc0f94e08,17115,83636,87679,6064,15941,11,4,47,6,7,6,0,0,11,10,2173,18942,871,5357568,9666560,46960317,46960317,1,1,0.05705886649138184,0.01167634152757186,4.886707566462167,1,1
measured_paired,Debug,8,0,native_first,20260727,phase8-paired-126-8-1784453516242749200,126,1024,3beb5168834c9931ee689991ad6b38d8906529131fefb199e061824d94ee16a4,35877,51141,66444,23319,8153,18,9,71,12,10,8,0,0,16,15,2116,21060,925,5353472,9617408,47793650,47793650,1,1,0.02721973687878028,0.019095490897714163,1.425453633246927,1,1
measured_paired,Debug,9,0,vbs_first,20260728,phase8-paired-126-9-1784453516399739100,126,1024,f57703a081fb36190cde916ad7891b4ba030ad129b0fbc498a5ab975c64a83a6,18336,72390,89634,6318,16133,14,6,54,9,8,6,0,0,14,11,1970,18656,1093,5345280,9662464,49365079,49365079,1,1,0.05325929864746946,0.01349029562094212,3.9479712041884816,1,1
measured_paired,Debug,10,0,native_first,20260729,phase8-paired-126-10-1784453516583327600,126,1024,4cedbc1dcefdf4dc3abc312f2dbf27b3da6230bf6462740abb43fdd7d967930b,36265,42858,73329,24441,8231,18,7,65,10,9,6,0,0,18,13,2091,18617,888,5349376,9719808,54523809,54523809,1,1,0.026928512339721496,0.022786002613281068,1.1818006342203227,1,1
measured_paired,Debug,11,0,vbs_first,20260730,phase8-paired-126-11-1784453516738715400,126,1024,d0871cbc498e203ef2ca48e1808dfbcaf43dbeb8063bc8172ac92b5294aa1e1f,17321,94397,70262,6012,16222,12,4,48,6,7,6,0,0,12,10,1924,19152,1070,5357568,9719808,53126984,53126984,1,1,0.05638026095491023,0.01034527050647796,5.449858553201317,1,1
measured_paired,Debug,12,0,native_first,20260731,phase8-paired-126-12-1784453516922834000,126,1024,2aa09cf87c33b8c2fd13e451033a3a595a4963957cb5331fa9da183c6a6a63b7,33552,49242,90407,22412,8278,13,8,49,12,8,8,0,0,14,15,2111,20519,956,5369856,9646080,46746031,46746031,1,1,0.02910594003338102,0.019831901628690956,1.4676323319027182,1,1
measured_paired,Debug,13,0,vbs_first,20260732,phase8-paired-126-13-1784453517099183200,126,1024,3b99414c3249492e01bdba75e02a37c3196361d51b838909fe8d006882fec589,20079,78468,78600,6387,15663,18,4,76,7,8,7,0,0,17,13,2398,20222,1153,5373952,9670656,50000000,50000000,1,1,0.04863601274963893,0.012445359891930468,3.9079635440011953,1,1
measured_paired,Debug,14,0,native_first,20260733,phase8-paired-126-14-1784453517278680100,126,1024,6769c63cf3df14f5f4f455d213b46813d2773d572d8abe4f65dabfff18cb7960,33486,43790,78639,22136,8330,21,5,99,8,8,6,0,0,17,11,1963,20339,903,5267456,9658368,47642857,47642857,1,1,0.02916330705369408,0.022301039050011417,1.307710685062414,1,1
measured_paired,Debug,15,0,vbs_first,20260734,phase8-paired-126-15-1784453517437909000,126,1024,9bfc87756e0a409beb159fea24b9d3c414ffcfea79aef0cd054e226757537c73,17909,60608,72041,6179,16207,14,5,51,8,8,6,0,0,14,12,1999,19743,889,5148672,9682944,53682539,53682539,1,1,0.054529147356077945,0.016112765641499473,3.3842202244681445,1,1
measured_paired,Debug,16,0,native_first,20260735,phase8-paired-126-16-1784453517590804300,126,1024,738e5fb042914aead6abadecaa0b74caa8bdda8da2fe193e89d776df5c6df8ac,33309,59505,81641,22938,7885,13,5,50,7,8,6,0,0,13,11,1923,19358,1056,5144576,9670656,50277777,50277777,1,1,0.029318277342459998,0.016411436013780353,1.786454111501396,1,1
measured_paired,Debug,17,0,vbs_first,20260736,phase8-paired-126-17-1784453517768119100,126,1024,921c2dacdab15bc297b51aa1f435228a2cab99af33ea5edb3e2e4929e4a176c0,17196,63014,79098,6067,16393,13,6,48,8,8,6,0,0,13,12,2130,20008,919,5345280,9658368,49341269,49341269,1,1,0.0567900965340777,0.015497548163900086,3.6644568504303328,1,1
measured_paired,Debug,18,0,native_first,20260737,phase8-paired-126-18-1784453517930700200,126,1024,620376d7b0cb9f11f324e3c6d76cf51eac45376d21b03847dc7a21e46322a2bd,34663,62754,62914,22931,8012,19,6,91,9,9,6,0,0,19,11,1938,19606,972,5406720,9658368,53476190,53476190,1,1,0.028173051957418573,0.015561757019472862,1.8104030233967054,1,1
measured_paired,Debug,19,0,vbs_first,20260738,phase8-paired-126-19-1784453518094811100,126,1024,c70414dac606e61296c34bf53d48ae8456f5fa35190b99f6bfb3751da6372261,18027,88506,72867,6106,15481,12,6,49,9,8,6,0,0,13,13,1921,19610,915,5107712,9670656,50460317,50460317,1,1,0.05417221390137016,0.01103385646170881,4.90963554667998,1,1
measured_paired,Debug,20,0,native_first,20260739,phase8-paired-126-20-1784453518276844700,126,1024,346e0abe750b6966f723f89da68f7b62b565ecb1744181ee9d1fa18ec905bb86,34160,52578,74864,23111,8043,14,6,52,8,8,6,0,0,20,12,2007,19174,913,5316608,9703424,51468253,51468253,1,1,0.02858789519906323,0.0185735954201377,1.5391686182669788,1,1
measured_paired,Debug,21,0,vbs_first,20260740,phase8-paired-126-21-1784453518440769900,126,1024,43d40ae1e975167e1bbc5677c44d2c1ccfc883a4c6a61f4171c445e114c520ea,18497,69589,68103,6187,15247,15,3,61,6,8,6,0,0,12,10,1953,19284,953,5517312,9687040,49111111,49111111,1,1,0.05279572363085906,0.014033288307060025,3.7621776504297992,1,1
measured_paired,Debug,22,0,native_first,20260741,phase8-paired-126-22-1784453518600273800,126,1024,f4c023d5c656695cddeee11b9c0b22aeadd42faf805112a8ec0066e150c7cf25,35960,50535,70966,24283,7873,22,5,75,8,9,6,0,0,20,11,1943,19945,968,5308416,9670656,51444444,51444444,1,1,0.02715691045606229,0.019324478084495895,1.4053114571746386,1,1
measured_paired,Debug,23,0,vbs_first,20260742,phase8-paired-126-23-1784453518760817300,126,1024,35b48d115ff9a96c4de9acd021239d052ffcdb74c54de441c72aaf1398ff5346,18023,70031,66045,6026,15058,11,4,48,6,7,6,0,0,13,10,1910,19607,1053,5083136,9748480,50769841,50769841,1,1,0.05418423680852244,0.013944717339463952,3.8856461188481384,1,1
measured_paired,Debug,24,0,native_first,20260743,phase8-paired-126-24-1784453518917494500,126,1024,5fc3a83894c40abc79d4d4c731ab37e870dd3f533e00e4207375621d59691834,34202,43491,92327,23502,8207,12,6,48,9,8,6,0,0,13,11,1972,19950,884,5246976,9715712,50793650,50793650,1,1,0.02855278931056663,0.02245435837299671,1.271592304543594,1,1
measured_paired,Debug,25,0,vbs_first,20260744,phase8-paired-126-25-1784453519089832100,126,1024,4224de05f175113162d9241d6239ff8bb1f2ccf9a2f8d00589ef3fa8786a6c6d,18851,78698,82326,6461,15001,17,7,84,9,8,6,0,0,18,12,1943,20330,988,5349376,9658368,55952380,55952380,1,1,0.05180428094000318,0.012408987521919235,4.174738740650364,1,1
measured_paired,Debug,26,0,native_first,20260745,phase8-paired-126-26-1784453519273118400,126,1024,d85d42fc4297a5d82ecf49a8a475cba56247d956a2a2b5d7adb41480431aa511,38360,43129,67547,25275,8104,15,5,58,8,10,6,0,0,16,11,2059,18657,873,5238784,9703424,50476190,50476190,1,1,0.025457833680917624,0.022642827331957615,1.1243222106360793,1,1
measured_paired,Debug,27,0,vbs_first,20260746,phase8-paired-126-27-1784453519424734300,126,1024,da1692d89664921c02febb7c3ca28de5d2a13decc963f864a27d015294b1c226,16602,92028,76638,6071,16094,13,4,49,8,8,11,0,0,14,11,1894,21248,927,4993024,9654272,49277777,49277777,1,1,0.05882197927960487,0.010611580171252228,5.54318756776292,1,1
measured_paired,Debug,28,0,native_first,20260747,phase8-paired-126-28-1784453519612702300,126,1024,c266f40b905d1f4207cd5598e98cd79d5c574425208d9db40b9aa37646125070,36000,55908,78290,23855,7818,18,3,91,6,9,6,0,0,18,10,1889,19723,1023,5242880,9662464,47674603,47674603,1,1,0.027126736111111112,0.017467312370322674,1.553,1,1
measured_paired,Debug,29,0,vbs_first,20260748,phase8-paired-126-29-1784453519786157300,126,1024,08aeb5a4c1e1021364181ce4660ab03c778af4c2fca898ec9125fc79a557796f,19627,83237,67838,6366,16516,18,5,101,8,11,6,0,0,17,12,1941,18694,917,5169152,9703424,45396825,45396825,1,1,0.049756075813929795,0.011732312553311627,4.240943598104652,1,1
measured_paired,Debug,30,0,native_first,20260749,phase8-paired-126-30-1784453519960092200,126,1024,fe8d467346d433b8a04c22aba5bd9b3ac8aa4f679e065f7db8b7924f7bc5c2b2,32612,61038,73553,22006,7941,13,5,47,8,8,6,0,0,13,12,1908,20815,1046,5332992,9658368,51365079,51365079,1,1,0.0299448822519318,0.01599925456273141,1.8716423402428555,1,1
measured_paired,Debug,0,1,native_first,20260719,phase8-paired-510-0-1784453520129320500,510,4096,cb85842551727df18073c8d423a3e2365986813ce16b2193d846be3e07a93685,33233,56665,62119,22829,8462,27,29,83,8,28,23,0,0,18,11,1962,18451,914,5496832,9719808,48564705,48564705,1,1,0.1175412993109259,0.06893585105444278,1.7050822977161255,1,1
measured_paired,Debug,1,0,vbs_first,20260720,phase8-paired-510-1-1784453520285037200,510,4096,cbb7cfb4d8cb261a8c4609a180e0759adfc4b2ea4213e0a50509b2f56faae619,19232,65165,79070,6128,16378,20,142,52,11,27,23,0,0,13,12,1919,20452,1054,5120000,9715712,49956862,49956862,1,1,0.20311200083194678,0.05994398833729763,3.3883631447587352,1,1
measured_paired,Debug,2,0,native_first,20260721,phase8-paired-510-2-1784453520452843800,510,4096,6415d788f940600a731d15e6ee8d912ba3eb167c37d1af89f5e9681a9c665668,35247,54126,105198,23136,8526,30,64,76,11,27,23,0,0,20,12,1979,20628,948,5283840,9736192,50003921,50003921,1,1,0.11082503475473089,0.07216956730591582,1.5356200527704484,1,1
measured_paired,Debug,3,0,vbs_first,20260722,phase8-paired-510-3-1784453520650201800,510,4096,c45e0b0b6cb4c5e6398425619bb95a7ba627565c25656b9a508ab515f5e2f47b,19801,77577,75972,6355,15103,20,28,52,8,27,22,0,0,14,11,1867,19438,1093,5124096,9797632,52352941,52352941,1,1,0.19727539013181153,0.0503531974683218,3.917832432705419,1,1
measured_paired,Debug,4,0,native_first,20260723,phase8-paired-510-4-1784453520827440200,510,4096,bc313e1343141ba9738f75dda9c5cb66887a274338ade20c950375cacf5e81c0,33118,69661,74581,21979,9842,25,30,73,10,27,29,0,0,19,14,3026,20436,881,5218304,9736192,50243137,50243137,1,1,0.1179494534694124,0.05607513529808645,2.1034180808019807,1,1
measured_paired,Debug,5,0,vbs_first,20260724,phase8-paired-510-5-1784453521007752200,510,4096,18ca4e4f916cde559ee402e165c999d1ed878a4590feb607c0b073a4a9067db8,17482,85793,65605,5987,16876,16,51,44,8,26,37,0,0,11,14,1919,20736,890,5283840,9699328,51525490,51525490,1,1,0.2234441139457728,0.04553110393621858,4.907504862143919,1,1
measured_paired,Debug,6,0,native_first,20260725,phase8-paired-510-6-1784453521179742000,510,4096,baab0e0e258e35905c8e59af5e5a51d0871b00c57ffa7f6030d69ac4be328b0c,33927,58858,69242,22680,8506,29,32,66,11,33,23,0,0,17,11,1934,18895,902,5308416,9723904,51976470,51976470,1,1,0.11513691160432694,0.06636735872778551,1.7348424558611135,1,1
measured_paired,Debug,7,0,vbs_first,20260726,phase8-paired-510-7-1784453521344818900,510,4096,43c9d5274b793f6ba3dcabad76268923ec6047d7c87c1413a0bbc84444c6e964,17668,80528,70220,6314,16212,41,67,46,27,26,23,0,0,14,14,2000,19884,988,5320704,9797632,50235294,50235294,1,1,0.22109180439212137,0.04850797238227697,4.55784469096672,1,1
measured_paired,Debug,8,0,native_first,20260727,phase8-paired-510-8-1784453521515949900,510,4096,3656c52c2683bed33442617913bf652817e6b88cdc5d8578765d574bb9fd9e69,35388,62313,80297,23690,8927,20,34,51,12,27,23,0,0,14,12,2189,21242,970,5455872,9768960,48876470,48876470,1,1,0.11038346332089972,0.06268756118305971,1.7608511359782977,1,1
measured_paired,Debug,9,0,vbs_first,20260728,phase8-paired-510-9-1784453521696804600,510,4096,1584ccdf092c0eb58540f9530d2ba7d4d1922df3365e561d4af20aee242a0ee0,17815,75287,83279,6036,16448,18,47,78,11,27,23,0,0,12,12,1939,18646,970,5066752,9736192,52507843,52507843,1,1,0.21926747123210777,0.05188478754632273,4.226045467302835,1,1
measured_paired,Debug,10,0,native_first,20260729,phase8-paired-510-10-1784453521875739500,510,4096,e4520c3e7792021195c3fefd585763e69cfa20ee35c26e8dbb138a4a2c3e1622,33187,58797,71922,22811,8892,23,144,75,8,62,23,0,0,16,11,1873,19800,1038,5242880,9699328,50576470,50576470,1,1,0.1177042215325278,0.0664362127319421,1.7716877090426975,1,1
measured_paired,Debug,11,0,vbs_first,20260730,phase8-paired-510-11-1784453522043828500,510,4096,5413bc1cb98c118694b78553aca9cfbafe5dfa3d53e1f9cdacaa5562dac89d4c,18802,71085,65632,6068,16262,18,50,74,13,27,23,0,0,14,13,2557,18927,987,5398528,9711616,49033333,49033333,1,1,0.20775715349430912,0.05495181824576212,3.7807148175725986,1,1
measured_paired,Debug,12,0,native_first,20260731,phase8-paired-510-12-1784453522202538000,510,4096,87712ada6f7ccad7c3c12157bd2775fc92411935a65f19b42634978c815bc247,30917,58975,82154,20853,8493,19,30,51,8,46,23,0,0,18,11,1925,18517,921,5382144,9740288,48201960,48201960,1,1,0.12634634667011677,0.0662356930902925,1.9075266034867548,1,1
measured_paired,Debug,13,0,vbs_first,20260732,phase8-paired-510-13-1784453522378024400,510,4096,57d534afb275fc74e5ef4d6d5dbf61486283c2f858b4c3e91b78abdfbe685984,16740,88795,73364,6109,16446,18,24,83,8,27,23,0,0,13,11,1969,18638,1076,5345280,9740288,48005882,48005882,1,1,0.23334826762246116,0.043991778816374796,5.304360812425329,1,1
measured_paired,Debug,14,0,native_first,20260733,phase8-paired-510-14-1784453522558796400,510,4096,cdb903f1703c658edb6d880e613d2e449218d28d2e95a7da25222373a2963122,34057,66259,77964,22012,8999,27,30,62,11,27,23,0,0,18,11,2017,19581,904,5120000,9748480,49313725,49313725,1,1,0.11469741903279797,0.05895425527098205,1.9455324896497048,1,1
measured_paired,Debug,15,0,vbs_first,20260734,phase8-paired-510-15-1784453522739954400,510,4096,9b91d5f44446e2e07e2048f0c7e2075a2202d708a7b3d3236d99c240e7101beb,17162,65203,67623,6339,17272,13,33,53,13,27,23,0,0,13,14,1976,18812,877,5361664,9781248,50900000,50900000,1,1,0.22761041836615778,0.05990905326442035,3.799265819834518,1,1
measured_paired,Debug,16,0,native_first,20260735,phase8-paired-510-16-1784453522892941700,510,4096,cd1e79094c30743255dc982d6adf5da46d1f9740149b5acc37576f41a23a7f26,33604,63257,74092,22552,8818,19,117,50,8,27,23,0,0,13,11,1873,19755,883,5353472,9732096,49490196,49490196,1,1,0.11624360195214854,0.061752059060657324,1.8824247113438877,1,1
measured_paired,Debug,17,0,vbs_first,20260736,phase8-paired-510-17-1784453523065896000,510,4096,92e67ba41f1853c32e254dcb49531325101978b1137bc98290ccfc2332a722a9,17752,82068,78591,6248,16762,19,136,52,12,60,23,0,0,31,11,1971,20759,917,5361664,9711616,49796078,49796078,1,1,0.22004562866155924,0.04759772383876785,4.6230283911671926,1,1
measured_paired,Debug,18,0,native_first,20260737,phase8-paired-510-18-1784453523248085900,510,4096,7decda09d9f8a8ab37216b22becfcf949b36860ba6488037e6f7ec8ce2c3f1ca,32520,49900,66349,22739,8724,27,28,71,13,27,37,0,0,19,15,2060,20260,943,5312512,9744384,51158823,51158823,1,1,0.12011838868388684,0.0782815631262525,1.534440344403444,1,1
measured_paired,Debug,19,0,vbs_first,20260738,phase8-paired-510-19-1784453523399547400,510,4096,26ef868dd49f520cbdd5d6c247541742c8e4f4d4568e362eeb0c74ea7dd5e00e,17359,75296,65917,6150,16721,21,28,58,8,27,23,0,0,13,11,1928,20134,1004,5361664,9736192,49437254,49437254,1,1,0.22502736332738063,0.0518785858478538,4.337577049369203,1,1
measured_paired,Debug,20,0,native_first,20260739,phase8-paired-510-20-1784453523561873900,510,4096,dfd0e35915adb575946f89e203019f7dbf5b8ec3fb7880faf96369350515472d,31853,71482,92445,20915,8525,19,102,54,12,26,23,0,0,13,11,1989,20656,985,5267456,9740288,50458823,50458823,1,1,0.12263366087966597,0.054646624325004896,2.244121432832072,1,1
measured_paired,Debug,21,0,vbs_first,20260740,phase8-paired-510-21-1784453523760271000,510,4096,4885c6359093f974a0fe51f12604fcb09f19c18271d8a449dbd19b05393698ae,16867,81834,81513,6209,17280,21,131,99,10,34,23,0,0,15,11,2210,20102,1095,5378048,9789440,51068627,51068627,1,1,0.23159127289974507,0.04773382701566586,4.851722297978301,1,1
measured_paired,Debug,22,0,native_first,20260741,phase8-paired-510-22-1784453523944017000,510,4096,46573cbc83668c57bcbb197787c51efe38d7ad80fb4d00c892570692d022da90,33381,57038,71643,22027,8313,16,28,81,8,26,23,0,0,13,11,1908,22524,1167,5173248,9678848,49933333,49933333,1,1,0.11702016116952757,0.06848504505768084,1.7086965639136036,1,1
measured_paired,Debug,23,0,vbs_first,20260742,phase8-paired-510-23-1784453524108025400,510,4096,1a04886921e092400b84a88d97e0a7b354c122d07d9d006d85483d0175999b59,18247,75128,78961,6127,15111,19,23,68,8,32,23,0,0,14,11,2122,20691,959,5021696,9736192,50254901,50254901,1,1,0.21407628651285143,0.05199459588968161,4.1172795528032005,1,1
measured_paired,Debug,24,0,native_first,20260743,phase8-paired-510-24-1784453524283376200,510,4096,f10987bd2e22246ddc04c4b35ff9285a6dcf82f2237bc6e2fe3cc722aee8e4d6,34145,68742,84923,21827,8543,29,28,70,24,28,23,0,0,15,11,1957,19443,887,5136384,9764864,48692156,48692156,1,1,0.11440181578562014,0.05682479415786564,2.013237662908186,1,1
measured_paired,Debug,25,0,vbs_first,20260744,phase8-paired-510-25-1784453524474746900,510,4096,17f117d1993170f2f7b248c19da7ada717578cbd6a2cafd2737bbf6a8651e77d,19216,73054,65234,6306,15764,22,26,58,8,27,23,0,0,15,11,1920,19916,1092,5144576,9764864,51939215,51939215,1,1,0.20328111990008327,0.053470720289101215,3.8017277268942546,1,1
measured_paired,Debug,26,0,native_first,20260745,phase8-paired-510-26-1784453524634568500,510,4096,aad0d696ebb210e41bff8b7e570e253c280f28dea242363fae7aaca84e9c0985,33388,48557,72732,22631,8257,17,25,39,8,26,23,0,0,12,11,1911,19407,1011,5341184,9703424,50611764,50611764,1,1,0.11699562717143884,0.08044669151718599,1.4543249071522704,1,1
measured_paired,Debug,27,0,vbs_first,20260746,phase8-paired-510-27-1784453524792689600,510,4096,deee8ea8877b5a21cab2bde6f0600be4a1e9aba5e2a47ecd39d7025ba3707899,19067,73667,70143,6143,15297,19,22,93,44,27,23,0,0,14,12,1873,20790,891,5447680,9814016,49001960,49001960,1,1,0.2048696701106624,0.053025778163899716,3.863586300938795,1,1
measured_paired,Debug,28,0,native_first,20260747,phase8-paired-510-28-1784453524958713300,510,4096,c7d0159ff31aa71aef790054f82742240c6fdaca059b124e47b27653dde7dae2,31707,49322,87720,22203,8196,20,30,55,8,27,23,0,0,14,11,1969,20720,1202,5201920,9678848,48296078,48296078,1,1,0.12319834736808907,0.07919893759377154,1.5555555555555556,1,1
measured_paired,Debug,29,0,vbs_first,20260748,phase8-paired-510-29-1784453525129424300,510,4096,abe6da47e11939db534d984142eff5b34f5a8aa4b3ac9e840b4da6fa58631352,17824,83449,81940,6198,16718,19,33,50,14,27,32,0,0,13,19,1957,20298,960,4947968,9715712,49221568,49221568,1,1,0.21915675493716338,0.04681002768157797,4.681833482944345,1,1
measured_paired,Debug,30,0,native_first,20260749,phase8-paired-510-30-1784453525316905300,510,4096,24ba1641768fde1e631ed64ac9f515ad69b500e232d2dc4fd9be1a0571c4bd9d,36368,52724,78750,23599,8556,15,29,51,8,26,22,0,0,13,10,2193,20054,960,5402624,9719808,50739215,50739215,1,1,0.1074089859216894,0.07408865033002049,1.449736031676199,1,1
measured_paired,Debug,0,1,native_first,20260719,phase8-paired-2046-0-1784453525489104500,2046,16384,014fbd2209b12d5688413206dd4f8d37a1c04fc33e361ee1e8cc06e5f5323753,35521,56211,82970,23940,10468,25,118,90,44,106,91,0,0,14,12,2112,20075,1128,5115904,9748480,49780547,49780547,1,1,0.4398806339911602,0.27797050399388024,1.5824723403057346,1,1
measured_paired,Debug,1,0,vbs_first,20260720,phase8-paired-2046-1-1784453525666827500,2046,16384,a69c6ae7fdbcb56fb10080e8a5f08b3b5604e8c99d6769c3a9aa979a27b36da4,17699,82446,71361,6145,17418,25,121,55,47,102,90,0,0,14,13,1889,20143,1023,5496832,9715712,49533724,49533724,1,1,0.8828182383185491,0.18951798753123256,4.65822927849031,1,1
measured_paired,Debug,2,0,native_first,20260721,phase8-paired-2046-2-1784453525842628600,2046,16384,08dbe7f34fb142083537d27d5d4bbe29f004fc51e09598a51b1c95123d403751,37066,52974,74389,23792,9470,25,117,93,36,106,91,0,0,13,11,1902,19041,1035,5373952,9752576,50336265,50336265,1,1,0.42154535153509953,0.2949560161588704,1.4291803809421033,1,1
measured_paired,Debug,3,0,vbs_first,20260722,phase8-paired-2046-3-1784453526009992000,2046,16384,e1391a8f7c86e76c33af6741bd6220a6b82be401bd83f674dabce2aeddfa6259,16518,70243,79746,6309,20141,28,129,54,40,104,90,0,0,13,12,1910,20455,966,5185536,9736192,51562072,51562072,1,1,0.9459377648625741,0.2224420938741227,4.252512410703475,1,1
measured_paired,Debug,4,0,native_first,20260723,phase8-paired-2046-4-1784453526180137100,2046,16384,53c251626e50d5456307281bc6c1e831a2b4182bbb4f857ab4d43e6b60531861,34858,75928,75311,23497,10857,28,451,66,143,116,89,0,0,18,11,1883,23052,1343,5341184,9695232,49634897,49634897,1,1,0.44824717424981353,0.2057870614266147,2.1782087325721498,1,1
measured_paired,Debug,5,0,vbs_first,20260724,phase8-paired-2046-5-1784453526371921100,2046,16384,325dcc8c4068f0ccabfc1a6d4af08219194e6cc94025e1dd17d9f89974aed8ca,20835,104715,90156,6839,23751,45,168,102,39,176,100,0,0,38,13,2104,20778,1056,5316608,9756672,49987781,49987781,1,1,0.7499400047996161,0.14921453468939502,5.025917926565874,1,1
measured_paired,Debug,6,0,native_first,20260725,phase8-paired-2046-6-1784453526591634100,2046,16384,a472aa527d91027099020bb1fadb9d850cd7312bc4821983d0edc5cd3c4698e4,36524,62436,82533,24418,9885,28,158,46,49,104,106,0,0,12,13,1846,19171,1142,5369856,9703424,50887096,50887096,1,1,0.42780089803964516,0.2502562624127106,1.7094513196802104,1,1
measured_paired,Debug,7,0,vbs_first,20260726,phase8-paired-2046-7-1784453526776901600,2046,16384,a75f88a66d74ceafe1ef8e21b5e379843120ab576980fb52474522b6c7150bda,19294,75313,73575,6507,16963,49,97,83,34,132,89,0,0,18,11,1849,20668,1065,5038080,9818112,50351906,50351906,1,1,0.8098372551052141,0.20746750229044122,3.9034414843992953,1,1
measured_paired,Debug,8,0,native_first,20260727,phase8-paired-2046-8-1784453526949126900,2046,16384,8ae89ef0eb817e20cf9a3195a126fa7e43aa5f1e1111418a690f64b6e79f1a81,33847,66067,77125,22421,10058,23,148,83,62,119,90,0,0,14,12,1984,19735,895,5181440,9826304,49779569,49779569,1,1,0.461636186368068,0.23650233853512342,1.9519307471858658,1,1
measured_paired,Debug,9,0,vbs_first,20260728,phase8-paired-2046-9-1784453527130131900,2046,16384,aeaf36893b6f5e7ece30e263bd43681b3a079684477cee66d1869ada98569b14,19119,70535,80635,6269,16335,21,90,44,32,124,90,0,0,13,11,1927,20314,1069,5206016,9760768,50611925,50611925,1,1,0.8172498561640253,0.2215212305947402,3.68926199068989,1,1
measured_paired,Debug,10,0,native_first,20260729,phase8-paired-2046-10-1784453527303227700,2046,16384,c64664875dce01ab1e0454bb009b1a69712229b7af737fcfd081ae6e371996e0,35321,62862,85660,24069,11746,30,506,71,133,129,89,0,0,19,11,1922,19661,899,5033984,9695232,50283479,50283479,1,1,0.44237139378839785,0.24856033851929624,1.779734435604881,1,1
measured_paired,Debug,11,0,vbs_first,20260730,phase8-paired-2046-11-1784453527491123700,2046,16384,fbcba9490ae80ce5159434044d92e68aec662dbb54b0a3be4a37ee127743bfdf,15728,82555,64984,6144,20544,23,149,54,44,102,89,0,0,13,11,2208,18614,922,5304320,9719808,48960410,48960410,1,1,0.9934511698880977,0.1892677608866816,5.248919125127162,1,1
measured_paired,Debug,12,0,native_first,20260731,phase8-paired-2046-12-1784453527658099700,2046,16384,7529f47b10c04f347f4246cf21a37fc54cf828c939ef0c1e44e648a57817137e,37074,50935,67134,24126,10011,25,132,56,46,113,90,0,0,14,12,1930,20241,910,5287936,9740288,49286412,49286412,1,1,0.42145438852025674,0.30676352213605573,1.3738738738738738,1,1
measured_paired,Debug,13,0,vbs_first,20260732,phase8-paired-2046-13-1784453527816646800,2046,16384,c9a3046ec6251146634bef67aee2133be64c9b85429eb2c035af7d11f2ce4042,19057,82530,79794,6335,18762,38,137,67,43,127,89,0,0,17,12,1978,20257,941,5513216,9801728,49160801,49160801,1,1,0.8199086949677283,0.18932509390524657,4.330692134123944,1,1
measured_paired,Debug,14,0,native_first,20260733,phase8-paired-2046-14-1784453528000874200,2046,16384,7a767606ffed38db228417e586a8e7f0d06a9390b3b8390226be7ce19b3c3288,35904,46255,71647,23173,10240,37,103,75,35,103,91,0,0,22,11,1881,19332,971,5365760,9723904,49314271,49314271,1,1,0.4351882798573975,0.3378013187763485,1.288296568627451,1,1
measured_paired,Debug,15,0,vbs_first,20260734,phase8-paired-2046-15-1784453528159189000,2046,16384,f70cfcdc96ffddac13ce6dba20c9f083a731036fd2be295eb7566a69b710becf,17853,91160,72459,6270,17810,27,157,65,54,104,89,0,0,15,12,1880,19524,1003,5185536,9711616,49970674,49970674,1,1,0.8752030471069288,0.17140193067134707,5.106144625553128,1,1
measured_paired,Debug,16,0,native_first,20260735,phase8-paired-2046-16-1784453528344372500,2046,16384,4369b2a8a4afd7849621d4bcac51850e38a1250ff9a11d9dd79b329e4bb20897,34943,45263,89183,23432,10208,22,223,59,144,173,90,0,0,21,11,1862,19906,882,5251072,9744384,50682306,50682306,1,1,0.4471567982142346,0.345204692574509,1.2953381220845377,1,1
measured_paired,Debug,17,0,vbs_first,20260736,phase8-paired-2046-17-1784453528517312400,2046,16384,5321dd8686e2307c337a4d803003d306a8acb49564f9f9ca9f96167399226605,17041,75307,62826,6247,17890,24,124,140,33,110,93,0,0,17,11,1859,19314,1064,4980736,9768960,49860215,49860215,1,1,0.9169062848424387,0.20748403202889507,4.41916554192829,1,1
measured_paired,Debug,18,0,native_first,20260737,phase8-paired-2046-18-1784453528675692400,2046,16384,ad8e67214f0e5e27a69cccf7591fada1ec38cf9d62f5ccc1125ee9062d9f63bb,33905,54586,79708,22840,11129,24,135,58,46,104,89,0,0,14,11,2058,19442,984,5169152,9740288,51381231,51381231,1,1,0.46084648281964313,0.2862455574689481,1.6099690311163546,1,1
measured_paired,Debug,19,0,vbs_first,20260738,phase8-paired-2046-19-1784453528847833100,2046,16384,3683308734e46b03314f271f3220ef5bded5d9342f893489a04d1e93ad251a52,18710,79471,79796,6467,17359,32,163,79,46,103,89,0,0,15,12,1904,19653,904,5414912,9711616,48608504,48608504,1,1,0.8351149118118653,0.1966126008229417,4.247514698022448,1,1
measured_paired,Debug,20,0,native_first,20260739,phase8-paired-2046-20-1784453529028735900,2046,16384,cf6d376ef6fb536c6d0c3d2adc3c95bb6433f683c3b082785747fbda32dd5fb4,35046,49995,71038,23618,10872,45,149,81,72,103,89,0,0,19,12,1966,18531,899,5414912,9768960,50603616,50603616,1,1,0.445842606859556,0.31253125312531255,1.426553672316384,1,1
measured_paired,Debug,21,0,vbs_first,20260740,phase8-paired-2046-21-1784453529189111100,2046,16384,27560a134c733770b6e6fcb9a786cd1f5b8e8fefe78a7f0bc3f0a4e608f128cd,19241,71053,74146,6396,17586,26,125,61,51,105,112,0,0,15,14,2105,21009,917,5316608,9641984,50489736,50489736,1,1,0.8120679798347279,0.21990626715268882,3.692791434956603,1,1
measured_paired,Debug,22,0,native_first,20260741,phase8-paired-2046-22-1784453529357645600,2046,16384,1a41a89302aaa298d7d160d18820086929ac9ef551bc5761297cf2b79467d6f5,45121,61960,87011,28978,11687,27,366,87,43,158,92,0,0,24,12,2181,22291,911,5529600,9822208,50875855,50875855,1,1,0.34629108397420266,0.2521788250484183,1.3731965160346624,1,1
measured_paired,Debug,23,0,vbs_first,20260742,phase8-paired-2046-23-1784453529558717700,2046,16384,9df172adbc5668def4845d799d9a1fe0fd60eb8e59a92adc52f638ee1a931266,18481,86400,78178,6270,19949,25,149,57,37,145,90,0,0,16,11,2262,18833,907,5332992,9760768,51085532,51085532,1,1,0.8454629078513067,0.18084490740740738,4.675071695254585,1,1
measured_paired,Debug,24,0,native_first,20260743,phase8-paired-2046-24-1784453529746943400,2046,16384,318eba36c9fad036a45895be7eb801c72170f201bcd01602fb05accd6dbe0d02,37270,55991,81322,25438,10068,28,183,56,49,121,90,0,0,14,13,2062,19054,882,5369856,9781248,49849951,49849951,1,1,0.4192379930238798,0.2790627065064028,1.5023074859136034,1,1
measured_paired,Debug,25,0,vbs_first,20260744,phase8-paired-2046-25-1784453529924807500,2046,16384,35e69c582014ac4f802b3b2d9d71be8c33e79c5bf2bd237348e95bace5ef0bb2,17927,80080,79342,6390,19551,41,110,95,45,102,192,0,0,13,32,2337,19402,925,5214208,9748480,51853372,51853372,1,1,0.8715903385954148,0.19511738261738262,4.467005076142132,1,1
measured_paired,Debug,26,0,native_first,20260745,phase8-paired-2046-26-1784453530105959300,2046,16384,a723481239aefbde786d225afd31977381ef95c82f1243db90ab3c77e6b258ef,40472,52998,82453,30593,10931,136,129,177,139,137,89,0,0,30,11,1878,18661,920,5550080,9740288,49744868,49744868,1,1,0.38606938130065227,0.2948224461300426,1.309497924491006,1,1
measured_paired,Debug,27,0,vbs_first,20260746,phase8-paired-2046-27-1784453530285844900,2046,16384,d9829d883306c949477bae95a2a1e6e4f6730260b48a09f7221bc621254d3186,17161,68022,60565,6300,16652,27,97,76,33,129,91,0,0,16,11,1857,18778,1223,5459968,9670656,49593352,49593352,1,1,0.9104947264145447,0.22970509541030842,3.96375502593089,1,1
measured_paired,Debug,28,0,native_first,20260747,phase8-paired-2046-28-1784453530435732300,2046,16384,4fae147e435dcaed799f32539a5f3589eb7bebc559be834de2fd6e91b9259048,36386,46614,65504,23586,9420,30,132,77,43,108,91,0,0,16,11,1859,19019,873,5517312,9715712,51291788,51291788,1,1,0.4294234046061672,0.3351997254043849,1.2810971252679602,1,1
measured_paired,Debug,29,0,vbs_first,20260748,phase8-paired-2046-29-1784453530587811700,2046,16384,aecf6b5c177fadf741e746f0bde0bcee47f4585e7e877edbe06d366ba4228383,17551,73059,70358,6204,21403,21,119,56,44,122,89,0,0,13,11,1832,19339,1067,5406720,9773056,49611436,49611436,1,1,0.8902626630961199,0.21386824347445216,4.162668793800923,1,1
measured_paired,Debug,30,0,native_first,20260749,phase8-paired-2046-30-1784453530752046200,2046,16384,92c333c2fd91c146ebd17a75c01501cc36e4968a428e1cef928ebbdc641e28b2,37340,69134,65478,24384,11280,71,498,138,141,128,90,0,0,49,12,2068,19742,1041,5230592,9719808,50632453,50632453,1,1,0.4184520621317622,0.22601035669858535,1.8514729512587038,1,1
measured_paired,Debug,0,1,native_first,20260719,phase8-paired-8190-0-1784453530930668500,8190,65536,daaa46d3f746356234edcdc4d380eb87fadb8bc95e4f0d6d1f9c147b176d7187,41015,136072,93581,27329,41282,58,22147,111,81,598,621,0,0,39,29,3067,21094,1052,5308416,10153984,50379975,50379975,1,1,1.5238327441180055,0.4593156564171909,3.3176155065220043,1,1
measured_paired,Debug,1,0,vbs_first,20260720,phase8-paired-8190-1-1784453531207647800,8190,65536,29a9de4a6ed070bd34ca81187f7c074fc64871cf4ba4f945ec39eee7f2ba586d,17912,73158,82740,6602,24232,45,185,75,36,411,386,0,0,14,16,2123,18627,983,5230592,10108928,49822710,49822710,1,1,3.489280928986154,0.8543153175319173,4.084301027244305,1,1
measured_paired,Debug,2,0,native_first,20260721,phase8-paired-8190-2-1784453531388014100,8190,65536,abd015e77a1d2bcc8c5d0efb3b042e6f850fffea3d3c9414de7dddc0f58c78ca,36821,62522,73181,24769,14441,45,236,80,36,423,359,0,0,14,11,1872,20383,921,5382144,10096640,50064346,50064346,1,1,1.6974009396811602,0.9996481238604012,1.697998424811928,1,1
measured_paired,Debug,3,0,vbs_first,20260722,phase8-paired-8190-3-1784453531566541900,8190,65536,1bc10f13784789c2886410df9c5053fd98c2fc2587a469a244b24ecd77ccf1cc,17996,81563,74859,6696,22873,44,226,99,35,409,356,0,0,14,11,1845,18966,907,5443584,10100736,50344200,50344200,1,1,3.47299399866637,0.7662788274094872,4.532284952211603,1,1
measured_paired,Debug,4,0,native_first,20260723,phase8-paired-8190-4-1784453531746919100,8190,65536,59004e43e9c1b39d885a871f7dad11bc0eb9279df9fc78152aebfb180d9fcc03,35130,58633,79245,23429,16225,45,248,87,35,411,377,0,0,17,13,1918,20926,929,5296128,10158080,50037851,50037851,1,1,1.7791061770566468,1.0659526205379224,1.6690293196697978,1,1
measured_paired,Debug,5,0,vbs_first,20260724,phase8-paired-8190-5-1784453531925978400,8190,65536,c4d220fb53d89cc9066b50e12317d3f79526c78a76b710880557c4b41b701df1,18487,83935,69941,6804,22405,49,295,93,66,608,361,0,0,57,13,1917,18982,1075,5259264,10149888,49798168,49798168,1,1,3.380754043381836,0.7446238160481325,4.54021745010007,1,1
measured_paired,Debug,6,0,native_first,20260725,phase8-paired-8190-6-1784453532105757100,8190,65536,13358d82d6115ae77abffcc9129c92f62298afcfb5e01631ba77f592eaa9931c,35392,67324,72437,23699,13389,58,292,83,41,411,486,0,0,14,19,1906,18900,1099,5324800,10170368,50396336,50396336,1,1,1.7659358047016276,0.9283465034757293,1.9022377938517179,1,1
measured_paired,Debug,7,0,vbs_first,20260726,phase8-paired-8190-7-1784453532287864900,8190,65536,6a752699de2b6a08be0748d7720ca632e36fe6c1337710e34148124a193a9891,18348,75629,87663,6708,20460,45,176,82,35,443,375,0,0,15,18,1884,20248,902,5271552,10039296,49991330,49991330,1,1,3.406365816437759,0.826402570442555,4.12192064530194,1,1
measured_paired,Debug,8,0,native_first,20260727,phase8-paired-8190-8-1784453532475766700,8190,65536,8d817507b55205dbb943d4038650482bb99ca17b29d82150cf1536a7bbbebc6f,37068,58564,73623,24773,16575,142,278,214,37,434,366,0,0,24,12,1871,20004,971,5390336,10182656,50037973,50037973,1,1,1.6860904284018563,1.067208524007923,1.5799071975828207,1,1
measured_paired,Debug,9,0,vbs_first,20260728,phase8-paired-8190-9-1784453532651959300,8190,65536,fdccdf0e400a3168f965c80d586e0fb27441f021764a1fb081ad401e69392b12,19123,83014,90868,7127,25495,88,293,105,38,445,356,0,0,17,12,2164,20782,967,5328896,9994240,50163003,50163003,1,1,3.2683156408513305,0.7528850555328016,4.341055273754118,1,1
measured_paired,Debug,10,0,native_first,20260729,phase8-paired-8190-10-1784453532852614900,8190,65536,d100ac27fd2fb735667057d258c10d2430bdb7103dddd8ec2b8c0d58da8eb07f,37910,60120,76688,25978,14305,177,266,130,39,408,364,0,0,20,11,2009,19859,885,5287936,10113024,50152991,50152991,1,1,1.6486415193880244,1.0395874916833001,1.5858612503297282,1,1
measured_paired,Debug,11,0,vbs_first,20260730,phase8-paired-8190-11-1784453533033275500,8190,65536,36a17dcdb358eac5b35581e10bcf72eed1f2892ce4a66b6b6c49ce3c1152155b,20218,74894,71687,7101,21420,103,356,103,47,478,575,0,0,30,25,2067,20379,935,5296128,10100736,49817094,49817094,1,1,3.091304777920665,0.8345127780596576,3.704322880601444,1,1
measured_paired,Debug,12,0,native_first,20260731,phase8-paired-8190-12-1784453533207142400,8190,65536,fad8f00575bce68573b25241e9626e2f26eebc9991e7436ca653062935d310a9,33636,60476,70763,22676,17050,51,242,83,37,417,363,0,0,17,12,2038,19136,1135,5173248,10100736,49921855,49921855,1,1,1.8581281959804972,1.033467821945896,1.7979545724818646,1,1
measured_paired,Debug,13,0,vbs_first,20260732,phase8-paired-8190-13-1784453533379626000,8190,65536,dceaf201b49ed745943c58eaa84a9e295f18612cc83878c0a32d98b3fe013e06,17864,68442,83486,6742,21531,46,247,88,36,442,388,0,0,15,14,1882,20481,1000,5619712,10186752,49976068,49976068,1,1,3.498656515897895,0.9131819642909325,3.83128078817734,1,1
measured_paired,Debug,14,0,native_first,20260733,phase8-paired-8190-14-1784453533554878800,8190,65536,02515c28ce90de1db8969379afca433350e6abc471843a271a4e884a253024fd,36168,65757,88578,24659,14384,45,268,79,37,450,362,0,0,16,11,2123,21272,1001,5242880,10051584,49213186,49213186,1,1,1.728046892280469,0.9504691515732165,1.8180988719309887,1,1
measured_paired,Debug,15,0,vbs_first,20260734,phase8-paired-8190-15-1784453533753700600,8190,65536,f47d4913b91b1ef7a7809677ca24755caec032557c28991fcc1ca3ffb18750eb,18651,66623,79966,6588,22692,45,1421,85,38,432,354,0,0,15,11,1896,19341,896,5259264,10117120,50391208,50391208,1,1,3.3510267545976085,0.9381144649745583,3.5720872875449037,1,1
measured_paired,Debug,16,0,native_first,20260735,phase8-paired-8190-16-1784453533924512800,8190,65536,e90c30dc652b2ceff51208d97d71249eb3518204f36846c3432e6d7795bd3970,35986,80112,85736,23574,17685,43,257,78,40,403,360,0,0,17,11,1908,19505,999,5484544,10027008,49976434,49976434,1,1,1.736786528094259,0.780157779109247,2.2261990774189964,1,1
measured_paired,Debug,17,0,vbs_first,20260736,phase8-paired-8190-17-1784453534132122500,8190,65536,6505b549e8d679ffb39e5b8380ec60870240c7ba33f2dbd8463befdb22d7e015,20772,75457,63376,6703,22949,108,327,105,35,422,431,0,0,16,16,2010,19045,1227,5439488,10162176,50484737,50484737,1,1,3.0088580781821683,0.8282863087586307,3.63263046408627,1,1
measured_paired,Debug,18,0,native_first,20260737,phase8-paired-8190-18-1784453534300179300,8190,65536,30ec6d713bf6abf34d68225f105600a5317bd9f7917b0a5db654ced0497c586c,34433,59230,74474,22936,13945,62,210,98,35,412,359,0,0,17,11,1914,20213,997,5398528,10088448,50893406,50893406,1,1,1.8151192170301746,1.0552085092014183,1.7201521795951558,1,1
measured_paired,Debug,19,0,vbs_first,20260738,phase8-paired-8190-19-1784453534476121300,8190,65536,2cf499bf8889b4cd9be92351d29cce731bcacdb276a4d7d77de304fe563d70bf,17898,87123,82271,6622,23044,45,233,80,35,413,402,0,0,14,13,1882,20096,1012,5537792,10129408,49677899,49677899,1,1,3.4920102804782656,0.7173765825327411,4.867750586657727,1,1
measured_paired,Debug,20,0,native_first,20260739,phase8-paired-8190-20-1784453534670798900,8190,65536,c9c60f860495a860b9824291f25dda1f084805c49fd1a1b8f0320641b1468595,35424,70303,78196,24706,18478,54,222,79,35,466,355,0,0,15,10,2254,20472,962,5402624,10084352,50068131,50068131,1,1,1.7643405600722675,0.8890090038831913,1.9846149503161699,1,1
measured_paired,Debug,21,0,vbs_first,20260740,phase8-paired-8190-21-1784453534861061200,8190,65536,9ca43fe28e86f62a0323d4fdca4171e745a3effdfd5507e4a171c5d57daf48dd,20069,89054,70408,6754,23267,49,262,84,36,417,358,0,0,16,11,1910,18803,904,5373952,10072064,49882051,49882051,1,1,3.114255817429867,0.7018213668111484,4.43739100104639,1,1
measured_paired,Debug,22,0,native_first,20260741,phase8-paired-8190-22-1784453535046840400,8190,65536,08fef4d9b08d1d2246ee87846999d5d8673019223e88571002a9614fa7c570f8,35438,78815,69222,23715,13990,92,323,100,36,454,358,0,0,20,11,1864,20187,916,5357568,10244096,50034065,50034065,1,1,1.763643546475535,0.7929962570576667,2.2240250578475083,1,1
measured_paired,Debug,23,0,vbs_first,20260742,phase8-paired-8190-23-1784453535237101900,8190,65536,bd46f46f474dbd0bdd44a211785fcabb41a6887fbe11626080159ef25278a79d,18053,76295,93307,6636,25528,41,1711,74,36,427,397,0,0,13,14,1879,20270,1074,5300224,10108928,49991697,49991697,1,1,3.4620284717221517,0.8191886755357494,4.2261673960006645,1,1
measured_paired,Debug,24,0,native_first,20260743,phase8-paired-8190-24-1784453535431339300,8190,65536,5e05dc52c356b1f422c668a78327bd1fe500be4f15de33b3adae1f2bdf6e0831,35924,50083,73580,24192,15203,45,265,81,39,551,359,0,0,16,12,1902,19198,1007,5107712,10199040,49620024,49620024,1,1,1.739783988419998,1.2479284387916059,1.39413762387262,1,1
measured_paired,Debug,25,0,vbs_first,20260744,phase8-paired-8190-25-1784453535596991700,8190,65536,354bfd67008cf34daff5239c50f05f4247eefba2397b5049ed05ae9a8044877b,18176,72712,72317,7024,21074,128,266,116,35,428,357,0,0,20,10,1882,20528,1121,5357568,10137600,50750427,50750427,1,1,3.438600352112676,0.8595555066563979,4.00044014084507,1,1
measured_paired,Debug,26,0,native_first,20260745,phase8-paired-8190-26-1784453535766045100,8190,65536,20499bcf57f3482df593086a68392080bf6eadbd34fad9a031929dab3ba745b2,35000,62453,72185,23945,15520,47,408,78,36,406,354,0,0,13,11,1874,19128,887,5472256,10084352,49885347,49885347,1,1,1.7857142857142856,1.000752565929579,1.7843714285714285,1,1
measured_paired,Debug,27,0,vbs_first,20260746,phase8-paired-8190-27-1784453535941591200,8190,65536,8cf90a455d3c14475f0adf165c9e850deb01de67887f4fabf559a082a1ba5b13,18422,101932,70001,6680,21680,49,246,80,36,449,383,0,0,16,13,1861,18808,913,5525504,10059776,49659951,49659951,1,1,3.392682662034524,0.6131538672840717,5.533166865704049,1,1
measured_paired,Debug,28,0,native_first,20260747,phase8-paired-8190-28-1784453536138286200,8190,65536,6b856d7a402ce0081144817432b9606d092bf73084ecd8f8fb78e99c3afb206b,34153,61283,71139,22735,14342,57,412,97,43,539,406,0,0,19,32,1878,18600,890,5361664,10059776,49851892,49851892,1,1,1.8300002928000467,1.0198586883801382,1.7943665270986444,1,1
measured_paired,Debug,29,0,vbs_first,20260748,phase8-paired-8190-29-1784453536311088900,8190,65536,092992eb91f07cc648a7b3ea2a3f3afade62035b32de3156e191f7025a5ed10f,18713,92931,76825,6860,21114,44,395,80,38,423,356,0,0,13,15,1862,19757,898,5251072,10047488,50100976,50100976,1,1,3.339924116924063,0.6725419935220756,4.966119809757922,1,1
measured_paired,Debug,30,0,native_first,20260749,phase8-paired-8190-30-1784453536505650100,8190,65536,ebc3013ce4e37c8455754ffdfd12db9c7e1a5f634fa25a2b418ee4cf28e0f420,37298,70801,75615,24776,16927,153,203,127,50,507,359,0,0,19,12,1996,21090,1027,5414912,10121216,50308669,50308669,1,1,1.6756930666523675,0.8827558932783435,1.8982519169928682,1,1
measured_paired,Debug,0,1,native_first,20260719,phase8-paired-32766-0-1784453536705855500,32766,262144,f13ee30ca6e958775811df51f4d6c54f6489b13787d00b6dba15321ea0bdb77b,37453,100581,75275,25651,37829,184,7379,188,182,1667,1553,0,0,18,19,1864,19166,917,5640192,12173312,49906000,49906000,1,1,6.675032707660267,2.4855589027748777,2.6855258590767095,1,1
measured_paired,Debug,1,0,vbs_first,20260720,phase8-paired-32766-1-1784453536935897500,32766,262144,a960caf5007e066b5d6699de5e4313e62c24f4501194497dd0790be0a37483e6,18502,107490,79989,8109,48723,86,4999,187,129,1652,1467,0,0,15,15,1881,19637,990,5873664,11939840,49933894,49933894,1,1,13.51205275105394,2.3257977486277794,5.809642200843152,1,1
measured_paired,Debug,2,0,native_first,20260721,phase8-paired-32766-2-1784453537157991600,32766,262144,de465ab0c8872c3bee1d6db12ebbdece617568289e34713240289c2534eebf61,38370,78915,71612,26604,31742,95,1192,154,124,2122,1443,0,0,40,12,1936,19066,1169,5726208,12111872,49748184,49748184,1,1,6.515506906437321,3.167965532535006,2.0566849100860045,1,1
measured_paired,Debug,3,0,vbs_first,20260722,phase8-paired-32766-3-1784453537364234000,32766,262144,580310ab06454de68f7219d9f520ea287cd71dae28460c50d0fc56a4dd56ed3e,18815,114965,85947,8100,51850,90,1017,167,128,1709,1589,0,0,15,24,1938,19573,893,5529600,11915264,49940090,49940090,1,1,13.287270794578795,2.1745748706127954,6.110284347595004,1,1
measured_paired,Debug,4,0,native_first,20260723,phase8-paired-32766-4-1784453537602521900,32766,262144,018eec9b14ebd3c6773ecfa9ad64e49c7cf0407caf27cf0111bd218d24d17cd7,37205,91470,78940,25960,41831,168,1116,230,125,1661,1553,0,0,24,21,1898,19405,1007,5701632,12226560,50214215,50214215,1,1,6.71952694530305,2.733136547501913,2.4585405187474803,1,1
measured_paired,Debug,5,0,vbs_first,20260724,phase8-paired-32766-5-1784453537826757300,32766,262144,f58408a820bd94caefa70b531139afc7bbf42e394fcf26352206ca736867a59d,21163,95570,70557,8175,36371,92,992,167,128,1687,1507,0,0,15,17,2104,19394,1134,5636096,12017664,49906244,49906244,1,1,11.813069980626565,2.6158836454954484,4.515900392193923,1,1
measured_paired,Debug,6,0,native_first,20260725,phase8-paired-32766-6-1784453538030477300,32766,262144,32d25bbbda3e095e715ea395d584defddec7c0ec8f8441d61e103b7eeb8e65b9,54143,77176,69036,41954,39041,92,2953,193,127,1631,1475,0,0,16,14,1857,19875,913,5574656,12226560,50084142,50084142,1,1,4.617402064902204,3.2393490204208564,1.4254104870435698,1,1
measured_paired,Debug,7,0,vbs_first,20260726,phase8-paired-32766-7-1784453538247655100,32766,262144,0f175ef36056fe8b098b287bb27e925069154fc79ce28c0f69363ebf526825a5,21039,119785,93471,8409,55633,179,4648,221,124,1692,1440,0,0,18,15,1896,18871,1389,5525504,11956224,50139718,50139718,1,1,11.882694044393746,2.0870726718704344,5.693474024430819,1,1
measured_paired,Debug,8,0,native_first,20260727,phase8-paired-32766-8-1784453538499048700,32766,262144,250ee40f370c603ea74629d16100bd075e670858829ba124fe84667eda8a5296,37699,100065,65990,25107,47801,96,6584,172,158,1662,1427,0,0,15,17,2397,20244,900,5566464,11980800,49951504,49951504,1,1,6.6314756359585125,2.4983760555638836,2.6543144380487544,1,1
measured_paired,Debug,9,0,vbs_first,20260728,phase8-paired-32766-9-1784453538719856600,32766,262144,5806c2bef1b69a2a78a8306c74f881152d216d03d6915dc29fc6a47bda90ac45,19772,116775,72253,8478,53566,156,4492,223,125,1654,1519,0,0,15,18,1913,19151,889,5898240,12181504,50126228,50126228,1,1,12.64414323285454,2.140869192892314,5.906079304066356,1,1
measured_paired,Debug,10,0,native_first,20260729,phase8-paired-32766-10-1784453538945868400,32766,262144,af3f4b63652d8d4d1c6421df8a142cb9df408a0c5fcc6677a7c2a83f9d237c6c,39317,109914,79586,26697,53890,136,6469,216,133,1666,1465,0,0,15,18,1942,20261,1107,5488640,12091392,49829396,49829396,1,1,6.358572627616553,2.2745055224994086,2.795584607167383,1,1
measured_paired,Debug,11,0,vbs_first,20260730,phase8-paired-32766-11-1784453539191594900,32766,262144,b424d19997320483a7fe8b0a352375beef1fe488a28f3c2c9dc0dce693c98b50,20289,102194,74390,8598,37959,124,1038,223,127,1842,1643,0,0,30,20,2305,19540,931,5513216,12005376,50043398,50043398,1,1,12.321947853516683,2.4463275730473413,5.036916555769136,1,1
measured_paired,Debug,12,0,native_first,20260731,phase8-paired-32766-12-1784453539405643600,32766,262144,f3f34f25874299f91f13e44f0e7664840d263ab88d3f62a8bf0c7dbccfb1af4b,38761,87597,79908,25622,37740,138,1206,198,124,1978,1461,0,0,19,14,1880,18856,1026,5849088,12222464,49881035,49881035,1,1,6.44978199736849,2.8539790175462634,2.2599262144939503,1,1
measured_paired,Debug,13,0,vbs_first,20260732,phase8-paired-32766-13-1784453539627577200,32766,262144,da161c1262cda50bf7655b9199df68d1e04d5172e0eb1e1d6d485d77c7bf92c7,18871,119818,73269,8127,47461,89,1159,165,126,1667,1452,0,0,15,15,1902,20096,1042,5918720,12017664,49789324,49789324,1,1,13.247840601981878,2.086497855080205,6.349319060993058,1,1
measured_paired,Debug,14,0,native_first,20260733,phase8-paired-32766-14-1784453539857997000,32766,262144,f9712b90ad38d7c556d9b765c8232465a5c9190a156b07446c3246e81a1d7999,39295,84264,97408,26592,31912,125,5704,229,134,2657,1456,0,0,50,16,1911,20456,1141,5738496,11927552,49985106,49985106,1,1,6.36213258684311,2.966866040064559,2.1443949611909914,1,1
measured_paired,Debug,15,0,vbs_first,20260734,phase8-paired-32766-15-1784453540095777100,32766,262144,f1e3545e1b4806bbd6c1e8a5159798a9928173b56e4c7510ae6a6d59cd2c6da9,18932,96659,84675,8138,49383,84,1148,154,124,1668,1490,0,0,14,16,1889,19452,1015,5812224,11976704,50218946,50218946,1,1,13.205155292626241,2.5864120257813554,5.1055884217198395,1,1
measured_paired,Debug,16,0,native_first,20260735,phase8-paired-32766-16-1784453540313504700,32766,262144,47e174ddda07a4c463f5f327e455955d08380c85a4bc1d2b48e7c75fc301c065,35651,86414,87060,25074,28487,91,857,169,138,1665,1470,0,0,15,16,1923,19365,1156,5603328,12230656,50126991,50126991,1,1,7.0124260189055,2.8930497373110837,2.4238871279908,1,1
measured_paired,Debug,17,0,vbs_first,20260736,phase8-paired-32766-17-1784453540540300800,32766,262144,3adbd65e906c6284ea29ffcd4227a6a4075d47ba57720a1dc239fa2be6959ce9,20966,116344,86043,8183,40236,107,1110,169,127,1740,1446,0,0,19,13,1955,19492,900,5554176,12038144,49964444,49964444,1,1,11.924067537918535,2.1488001100185654,5.549174854526376,1,1
measured_paired,Debug,18,0,native_first,20260737,phase8-paired-32766-18-1784453540779751200,32766,262144,38c754c718bc7642af09cfde031375b55409270fcd20ce3f6ee06f621bccb69b,35338,109259,80818,25451,51892,107,6401,200,131,1812,1466,0,0,15,18,2033,18758,1086,5533696,12169216,50266099,50266099,1,1,7.074537325258928,2.2881410227075114,3.0918274944818607,1,1
measured_paired,Debug,19,0,vbs_first,20260738,phase8-paired-32766-19-1784453541022377500,32766,262144,9c5383b2a4f0ece50b90981a9f04c59bd137b251df7f8be215f240fd9952c746,19731,103360,90925,8457,49401,153,1599,187,158,1677,1475,0,0,16,29,2206,20164,892,5885952,11968512,50135170,50135170,1,1,12.670417110131266,2.418730650154799,5.2384572500126705,1,1
measured_paired,Debug,20,0,native_first,20260739,phase8-paired-32766-20-1784453541253328000,32766,262144,dea9ada0b6acbfac851bd4cf905b13dda91127a2dfae84895469ea4944726082,37201,90965,80740,27203,38152,101,5787,197,132,1635,1970,0,0,15,29,2053,19859,975,5918720,11923456,50220045,50220045,1,1,6.720249455659794,2.74830978947947,2.4452299669363726,1,1
measured_paired,Debug,21,0,vbs_first,20260740,phase8-paired-32766-21-1784453541479038300,32766,262144,a2d57d1dff609903b96bbdeb02ef10694f242076570ed418488762cbac1d0171,21541,119194,70714,8215,40364,132,1416,185,162,1673,1455,0,0,17,17,1942,20080,896,5689344,12034048,49760605,49760605,1,1,11.605775033656746,2.0974210111247213,5.53335499744673,1,1
measured_paired,Debug,22,0,native_first,20260741,phase8-paired-32766-22-1784453541708286200,32766,262144,b45ae6bd5091cf5b013a1cec2d21ea02f68db5929e15686a61b680eef331e8cf,39406,87863,81521,25842,36514,166,1637,202,132,1815,1461,0,0,24,15,1901,20141,983,5648384,12177408,50192028,50192028,1,1,6.344211541389637,2.845338766033484,2.2296858346444703,1,1
measured_paired,Debug,23,0,vbs_first,20260742,phase8-paired-32766-23-1784453541935888900,32766,262144,cb805cf7dcf7bac4ffa144993f788a36108436ae99ffbcb8daf165ddbe0adb43,21234,102448,88673,8326,46875,103,5707,168,127,1846,1472,0,0,18,18,1914,20292,1026,5832704,11976704,50080388,50080388,1,1,11.773570688518415,2.440262377010776,4.824715079589338,1,1
measured_paired,Debug,24,0,native_first,20260743,phase8-paired-32766-24-1784453542165724200,32766,262144,b8f191355081432f90849dc2c46cf81548647285f3f69647d107776141937183,38896,92607,80873,26787,39642,201,3128,219,143,1725,1447,0,0,24,14,1878,19009,994,5980160,12083200,49920527,49920527,1,1,6.427396133278486,2.6995799453605023,2.380887494858083,1,1
measured_paired,Debug,25,0,vbs_first,20260744,phase8-paired-32766-25-1784453542396002400,32766,262144,eba6436f46b4f34e04f23b680a0fc0757bbe696a2999cff9a284ddf640a6f382,21411,103617,87859,8404,41564,135,683,182,125,1672,1504,0,0,17,22,2212,19646,872,5558272,11984896,49961850,49961850,1,1,11.676241184437906,2.412731501587577,4.83942833123161,1,1
measured_paired,Debug,26,0,native_first,20260745,phase8-paired-32766-26-1784453542626934600,32766,262144,fcc9cab663da24e4e46f3b0cb9bd234b9ec9c23d32ed16e436af3a100e685f50,39091,83051,82258,28782,32336,94,4657,174,129,1733,1594,0,0,34,18,2052,19308,1081,5877760,12062720,49848593,49848593,1,1,6.395333964339618,3.010198552696536,2.1245555242894785,1,1
measured_paired,Debug,27,0,vbs_first,20260746,phase8-paired-32766-27-1784453542847236900,32766,262144,769d6c902923df9293de852a3f100d7a7948ac22becca686eed048902884870a,19211,94413,69571,8123,35500,94,1140,168,129,1698,1464,0,0,20,16,1916,20301,1416,5566464,11931648,49883690,49883690,1,1,13.013377752329395,2.647940431932043,4.9145281349227,1,1
measured_paired,Debug,28,0,native_first,20260747,phase8-paired-32766-28-1784453543048229200,32766,262144,f1f48847f635291c1d471a5aa2aa785f616ec5a270d453301ea64e8a0836f405,37364,81318,65781,26027,38291,150,2196,227,133,1809,1444,0,0,55,15,1925,20277,1129,5566464,12021760,49767716,49767716,1,1,6.690932448346001,3.074350082392582,2.176372979338401,1,1
measured_paired,Debug,29,0,vbs_first,20260748,phase8-paired-32766-29-1784453543249250100,32766,262144,80ff57402a5784129c19ef625b36971f221710aa462a7e638a06e23ef3a4c4a3,19172,106283,63062,8128,36966,90,1458,170,123,1667,1680,0,0,17,18,2079,18602,992,5857280,11968512,49991820,49991820,1,1,13.039849780930522,2.3522106075289555,5.543657417066555,1,1
measured_paired,Debug,30,0,native_first,20260749,phase8-paired-32766-30-1784453543454377100,32766,262144,3bbb8b51b3fb9314d9ee2a554fd0d2ebe7d11c1d4b7160c14a59610f0902d40d,39249,100164,81182,27264,43619,94,3945,167,127,1681,1467,0,0,21,18,1915,19929,968,5545984,12247040,49825886,49825886,1,1,6.369589034115519,2.495906712990695,2.5520140640525875,1,1
measured_paired,Debug,0,1,native_first,20260719,phase8-paired-99998-0-1784453543721461800,99998,800000,5f6b634c2cd6b689033e81ab666b0addbe93c087730b5b70feb9182238f17064,44267,170461,69984,32308,106182,257,12061,409,465,5270,4866,0,0,42,35,2013,18320,954,6660096,17907712,49976579,49976579,1,1,17.234948226105224,4.475741976903808,3.850746605823751,1,1
measured_paired,Debug,1,0,vbs_first,20260720,phase8-paired-99998-1-1784453544054155700,99998,800000,ccdc3d1bb00e11f5116d1b000f0ac0544c634de1d5c1021e0660b3c1ddc78faf,23550,154232,85966,13392,111897,345,11012,485,370,5332,5300,0,0,27,35,2377,19585,924,6672384,17887232,50053741,50053741,1,1,32.39657975053078,4.946700121408009,6.5491295116772825,1,1
measured_paired,Debug,2,0,native_first,20260721,phase8-paired-99998-2-1784453544364285500,99998,800000,4ad1717a99091b5ad40e3995e9b90eedbad7beffbc429307e40c9dcdf9c5c0cb,38557,168317,67965,27946,116122,257,11216,419,379,5151,5083,0,0,20,29,1897,20020,1047,6651904,17842176,49831296,49831296,1,1,19.787313668724227,4.532753394636312,4.36540705967788,1,1
measured_paired,Debug,3,0,vbs_first,20260722,phase8-paired-99998-3-1784453544682779700,99998,800000,aa49ffe775ae512a18bbc28ad16eb05ddfc987823b05f8ca3550b9eb23bb840a,24894,147098,81649,12828,91833,249,8707,454,381,5405,5107,0,0,38,28,1898,19745,977,6787072,17846272,49959069,49959069,1,1,30.647523625170724,5.186606569259949,5.908974049971881,1,1
measured_paired,Debug,4,0,native_first,20260723,phase8-paired-99998-4-1784453544983749500,99998,800000,bd955134c7674b57a1f4c9bb9d892afa3b44f7a96958322ac49bfe3dcf887e1e,41021,144235,80858,28457,95987,227,12722,409,422,5265,5171,0,0,38,29,2029,21642,1074,6733824,17891328,50241434,50241434,1,1,18.598753153872405,5.289558381287482,3.5161258867409377,1,1
measured_paired,Debug,5,0,vbs_first,20260724,phase8-paired-99998-5-1784453545293934100,99998,800000,c094e002c19adcf5fca242d6d762a6a772b98997359b2708d8eb03453c0e7c89,25902,197467,85930,12363,128333,274,10322,408,391,5105,5031,0,0,24,32,2139,19801,879,6934528,17809408,50193283,50193283,1,1,29.454847236699866,3.863630141365393,7.623619797699019,1,1
measured_paired,Debug,6,0,native_first,20260725,phase8-paired-99998-6-1784453545648543800,99998,800000,759bd884cf37cffdad137db2ad3216736306bdcbea3f3f52ffc3f1a4bd101a0e,42751,133757,64515,30805,95234,359,4130,659,373,5619,4563,0,0,41,24,2002,18824,910,6619136,17903616,50118432,50118432,1,1,17.846119462117848,5.70392168727618,3.1287455264204347,1,1
measured_paired,Debug,7,0,vbs_first,20260726,phase8-paired-99998-7-1784453545933602100,99998,800000,d5b66050154ac66b29a64a7c512f69fabf12a45ce8cc81a29ebf4101791de703,24618,144666,69843,12517,94641,235,2819,414,376,5139,4882,0,0,38,22,1905,18125,923,6754304,17801216,50079861,50079861,1,1,30.99112247644,5.273799324824078,5.876431879112844,1,1
measured_paired,Debug,8,0,native_first,20260727,phase8-paired-99998-8-1784453546224309000,99998,800000,1d9b4ae343befed6f034a31e833c86ec50e22ac8ebcd9173392b050b57efd18c,38788,149459,69770,27978,90214,260,10098,402,402,5063,5156,0,0,31,28,1972,19612,873,6615040,17854464,50041650,50041650,1,1,19.669471308781066,5.104673877953151,3.8532278024131172,1,1
measured_paired,Debug,9,0,vbs_first,20260728,phase8-paired-99998-9-1784453546524848200,99998,800000,b9d68235ddcad6a510cdc2d3bb4b1bbceafd5a917b4a5cda3e0bd45f57549238,23227,191311,79701,12748,132554,221,14002,433,399,5145,4904,0,0,29,44,2225,20033,925,6926336,17899520,50067681,50067681,1,1,32.84709403388298,3.9879539238465114,8.23657812029104,1,1
measured_paired,Debug,10,0,native_first,20260729,phase8-paired-99998-10-1784453546863884300,99998,800000,57e17d12e6b0c99c4e502cff046ff8d7a369045cad3a7c6b7fa23577be9e734d,40952,150194,78836,30212,116283,223,12703,443,440,5764,4424,0,0,41,18,1999,21004,914,6889472,17879040,49926388,49926388,1,1,18.630090181798202,5.079693284185787,3.66756202383278,1,1
measured_paired,Debug,11,0,vbs_first,20260730,phase8-paired-99998-11-1784453547177079100,99998,800000,e5154513ca7193d8cfb3dc8d35026d016ffc4312e836487e16b2ec8fe2b38441,25891,171953,71052,12658,118647,226,16057,481,420,5332,4404,0,0,39,19,1865,18649,884,6766592,17952768,50100032,50100032,1,1,29.46736136591866,4.436906905520694,6.641419798385539,1,1
measured_paired,Debug,12,0,native_first,20260731,phase8-paired-99998-12-1784453547491556800,99998,800000,1c3a0dc86095605abd7dace89db14a37c23b109524f5fef4a3d8515939d0b2b8,40605,190253,74941,29733,134910,243,14139,412,384,5787,4869,0,0,39,34,1970,19023,885,6647808,17772544,50046980,50046980,1,1,18.789298192956533,4.010130999905389,4.6854574559783275,1,1
measured_paired,Debug,13,0,vbs_first,20260732,phase8-paired-99998-13-1784453547843810900,99998,800000,c22c667ab1c453d182bb81804ba66eb272ee217b4eb7ce2d6b0da00757a581de,24066,187582,72390,12880,133745,266,17504,537,372,5367,4954,0,0,49,30,2079,21103,959,6844416,17862656,49806616,49806616,1,1,31.701963480636582,4.067231680678317,7.79448184160226,1,1
measured_paired,Debug,14,0,native_first,20260733,phase8-paired-99998-14-1784453548170949000,99998,800000,5aa54f1bf988ef51af228dd8c33dff74c916ecce85ec12493c395d74fbf0b006,43205,147761,75025,31096,106837,314,13150,460,369,5720,4398,0,0,51,36,2014,18562,981,6803456,17805312,50065031,50065031,1,1,17.658591670524245,5.163334392194151,3.4199976854530725,1,1
measured_paired,Debug,15,0,vbs_first,20260734,phase8-paired-99998-15-1784453548481683400,99998,800000,9000256d7f16b5a7721f4fe66c29cabc0e2c849c205d88c6efe09a97616b4229,25097,177337,79978,13308,115553,371,11933,447,385,5598,4515,0,0,42,19,2268,18687,1104,6639616,17879040,50057751,50057751,1,1,30.39962757002829,4.302201193913284,7.066063672948958,1,1
measured_paired,Debug,16,0,native_first,20260735,phase8-paired-99998-16-1784453548810184300,99998,800000,cef6796eda31ab9ef37b557eb20542cf650fb4d28ddc95ebeec207f3bf6226f5,39250,177989,72875,28911,125153,272,14582,473,392,5358,4410,0,0,41,32,1925,19821,881,6823936,17915904,50010560,50010560,1,1,19.437947850318473,4.286441595407581,4.534751592356688,1,1
measured_paired,Debug,17,0,vbs_first,20260736,phase8-paired-99998-17-1784453549146645300,99998,800000,3a0c9fe4faa04f4e5b3cd6b7a344e14bcd6c635701bb3ea9b6265ca1b225aa28,23163,167804,75645,12671,104319,396,14950,447,368,5074,4465,0,0,27,20,1868,18901,906,7110656,17940480,50130792,50130792,1,1,32.93785144950999,4.546610647690162,7.244484738591719,1,1
measured_paired,Debug,18,0,native_first,20260737,phase8-paired-99998-18-1784453549455776500,99998,800000,dd6b7aa940ff852daa874f87352fc4c6a1b90232f2e8a0ee251c74f9fd72870c,39902,169677,78512,28797,116064,336,12849,457,373,5135,4465,0,0,36,27,1934,20083,898,6795264,17813504,50065001,50065001,1,1,19.12033113941657,4.4964223384725095,4.252343240940304,1,1
measured_paired,Debug,19,0,vbs_first,20260738,phase8-paired-99998-19-1784453549790927400,99998,800000,867cba1f9b21eba05f3eebf10d798f92228dfb6d19236ff1c57b8fee1c892c9e,25367,181510,62893,12861,123692,288,14238,499,398,5330,4568,0,0,42,24,1919,19310,902,6627328,17850368,50077451,50077451,1,1,30.076061541569754,4.203291571401024,7.1553593251074235,1,1
measured_paired,Debug,20,0,native_first,20260739,phase8-paired-99998-20-1784453550106907100,99998,800000,175f5fb561ab5cd8dd389feccef7e0e2a4d0e1de1414562fb3f6f17b763ff837,41329,140910,99520,29625,88417,232,10274,445,390,5205,4539,0,0,37,22,1956,21501,1210,6787072,17895424,50059601,50059601,1,1,18.460147913692566,5.414374090731672,3.4094703476977424,1,1
measured_paired,Debug,21,0,vbs_first,20260740,phase8-paired-99998-21-1784453550435931400,99998,800000,46088c0bead31527312b89b26329b380ddb200ff13a7546094eeafa8a4c008be,24292,127048,76186,12540,80414,255,2401,439,391,5224,4549,0,0,31,16,1911,20392,891,6750208,17862656,49907428,49907428,1,1,31.407025075127613,6.005127614169448,5.230034579285362,1,1
measured_paired,Debug,22,0,native_first,20260741,phase8-paired-99998-22-1784453550713301600,99998,800000,cb05d82eb8282615eef2b193aaae7f6f98c82ba9743fd28095b37fc1e25d8d92,44708,134389,71260,32657,88377,265,7406,414,382,5693,4600,0,0,42,41,1960,19165,1163,6615040,17940480,50220634,50220634,1,1,17.064942585778834,5.677097479146358,3.0059273508096984,1,1
measured_paired,Debug,23,0,vbs_first,20260742,phase8-paired-99998-23-1784453551005978200,99998,800000,800ade585c658552602082e2dc9a338992a2b12d832074f560a70e61a75d1a88,23368,157639,92523,12407,114725,293,15156,420,412,5099,4547,0,0,19,23,1907,18666,893,6729728,17883136,50092511,50092511,1,1,32.6488981994608,4.83978871424584,6.74593461143444,1,1
measured_paired,Debug,24,0,native_first,20260743,phase8-paired-99998-24-1784453551323526500,99998,800000,ae2d19f924a600f7ad7ff46661c2132189a9b3a7a600ff6a89efd0ed0064abbc,41054,138407,85075,30321,78722,237,2542,414,379,5271,4557,0,0,47,19,1901,19165,965,6623232,17829888,49954689,49954689,1,1,18.58380311601793,5.5122895021566825,3.371340186096361,1,1
measured_paired,Debug,25,0,vbs_first,20260744,phase8-paired-99998-25-1784453551633060800,99998,800000,19a860d6ada93be5d47f06098eca4d544f77b31db2db40e55e38e584dfd840af,26034,172945,71697,13003,111497,351,16804,455,393,5272,4468,0,0,55,23,2217,19064,955,6782976,17854464,49853707,49853707,1,1,29.30550253994776,4.41145712871144,6.643043712068833,1,1
measured_paired,Debug,26,0,native_first,20260745,phase8-paired-99998-26-1784453551949922500,99998,800000,73e7c0930d920d762b409212faeae01f460f0f0a2ec9dbe9fc5de1e53a6a59fc,41982,123573,63619,29842,75413,336,2578,486,384,5073,4992,0,0,22,30,1892,17937,878,6717440,17891328,49903558,49903558,1,1,18.173013508765663,6.1739979860082705,2.9434757753322853,1,1
measured_paired,Debug,27,0,vbs_first,20260746,phase8-paired-99998-27-1784453552223712900,99998,800000,1bf9965cbbc4b47b7968574c0cc0273636b4187a50714191b01073406fc8c7c4,25065,154399,85695,12775,102202,366,15390,480,429,5053,4745,0,0,27,28,1875,20687,960,6770688,17924096,50105282,50105282,1,1,30.438438185717136,4.941349705147053,6.159944145222422,1,1
measured_paired,Debug,28,0,native_first,20260747,phase8-paired-99998-28-1784453552535669900,99998,800000,6125110ada9ca53e14018747a5566087948df9c7657085fd5cb13ad1795ab462,41434,131518,87747,29399,89995,421,2926,473,396,5041,4930,0,0,27,21,1897,19750,1161,6819840,17833984,49961179,49961179,1,1,18.413367116981224,5.801026879400538,3.1741564898392625,1,1
measured_paired,Debug,29,0,vbs_first,20260748,phase8-paired-99998-29-1784453552842169000,99998,800000,3c60134e4c9622a6012bdcb5160150c085a4ed75ad75ab5ae17ac3bcb877ba18,25349,191446,86306,12599,133400,332,13863,457,368,5159,4441,0,0,25,31,1911,21442,981,6979584,17850368,50070541,50070541,1,1,30.097418167383328,3.9851417795357436,7.552408379028758,1,1
measured_paired,Debug,30,0,native_first,20260749,phase8-paired-99998-30-1784453553190670800,99998,800000,2688fca39eef0694631ffdf49cbb2a36627875fe26883f68f488fcef96e51bdd,41719,171439,80910,29071,134555,269,19133,552,376,5631,4632,0,0,49,41,2010,18490,874,6823936,17891328,49844186,49844186,1,1,18.287577677437138,4.450209422155985,4.1093746254704095,1,1
