measurement_type,timestamp_utc,config_hash,concurrency,run,is_warmup,capacity,accepted,reverted,settlement_batch_latency_ms,settlement_mean_latency_ms,throughput_req_s,total_gas,budget_total_fixed,budget_used_fixed,budget_reserved_fixed,budget_remaining_fixed,budget_invariant_violations,process_cpu_time_ms,normalized_peak_cpu_percent,peak_working_set_bytes,peak_private_bytes,resource_sample_count,failure_status
measured_local_hardhat,2026-07-19T10:44:46.520Z,ea091c96144cb733288085c0aa09e1893c72f7a689eb8649f66e8f0d052be86c,1,0,0,1,1,0,4.1815000008791685,4.1815000008791685,239.14863082380677,179664,1000000,1000000,0,0,0,16,0.5056626633372356,1257787392,1512194048,2,
measured_local_hardhat,2026-07-19T10:44:46.923Z,ea091c96144cb733288085c0aa09e1893c72f7a689eb8649f66e8f0d052be86c,1,1,0,1,1,0,3.4485000018030405,3.4485000018030405,289.9811510735544,179640,1000000,1000000,0,0,0,0,0,1257787392,1511538688,1,
measured_local_hardhat,2026-07-19T10:44:47.315Z,ea091c96144cb733288085c0aa09e1893c72f7a689eb8649f66e8f0d052be86c,1,2,0,1,1,0,3.1223999988287687,3.1223999988287687,320.26646181626506,179688,1000000,1000000,0,0,0,16,0.5083431824842267,1257787392,1511628800,1,
measured_local_hardhat,2026-07-19T10:44:47.706Z,ea091c96144cb733288085c0aa09e1893c72f7a689eb8649f66e8f0d052be86c,1,3,0,1,1,0,3.253200000151992,3.253200000151992,307.38964710232364,179688,1000000,1000000,0,0,0,15,0.476424483800899,1257787392,1511759872,1,
measured_local_hardhat,2026-07-19T10:44:48.095Z,ea091c96144cb733288085c0aa09e1893c72f7a689eb8649f66e8f0d052be86c,1,4,0,1,1,0,3.3739999998360872,3.3739999998360872,296.3841138258984,179688,1000000,1000000,0,0,0,47,1.5299447292872284,1257787392,1511763968,1,
measured_local_hardhat,2026-07-19T10:44:48.482Z,ea091c96144cb733288085c0aa09e1893c72f7a689eb8649f66e8f0d052be86c,1,5,0,1,1,0,2.6851000003516674,2.6851000003516674,372.4256079360285,179688,1000000,1000000,0,0,0,32,1.0464503618839807,1257787392,1511763968,1,
measured_local_hardhat,2026-07-19T10:44:49.062Z,ea091c96144cb733288085c0aa09e1893c72f7a689eb8649f66e8f0d052be86c,1,6,0,1,1,0,2.809000000357628,2.809000000357628,355.998575960372,179688,1000000,1000000,0,0,0,0,0,1257787392,1511763968,1,
measured_local_hardhat,2026-07-19T10:44:49.525Z,ea091c96144cb733288085c0aa09e1893c72f7a689eb8649f66e8f0d052be86c,1,7,0,1,1,0,3.4457999989390373,3.4457999989390373,290.20836969873477,179688,1000000,1000000,0,0,0,0,0,1257787392,1511305216,1,
measured_local_hardhat,2026-07-19T10:44:49.978Z,ea091c96144cb733288085c0aa09e1893c72f7a689eb8649f66e8f0d052be86c,1,8,0,1,1,0,3.17850000038743,3.17850000038743,314.6138115079783,179688,1000000,1000000,0,0,0,16,0.4705964292109951,1257787392,1474748416,1,
measured_local_hardhat,2026-07-19T10:44:50.436Z,ea091c96144cb733288085c0aa09e1893c72f7a689eb8649f66e8f0d052be86c,1,9,0,1,1,0,2.9845000002533197,2.9845000002533197,335.0644998877941,179688,1000000,1000000,0,0,0,0,0,1257787392,1475350528,1,
measured_local_hardhat,2026-07-19T10:44:50.837Z,ea091c96144cb733288085c0aa09e1893c72f7a689eb8649f66e8f0d052be86c,1,10,0,1,1,0,3.001299999654293,3.001299999654293,333.1889514927484,179664,1000000,1000000,0,0,0,16,0.5147904442512197,1257787392,1484062720,1,
measured_local_hardhat,2026-07-19T10:44:51.225Z,ea091c96144cb733288085c0aa09e1893c72f7a689eb8649f66e8f0d052be86c,1,11,0,1,1,0,2.783099999651313,2.783099999651313,359.3115590978719,179688,1000000,1000000,0,0,0,0,0,1257787392,1484914688,1,
measured_local_hardhat,2026-07-19T10:44:51.604Z,ea091c96144cb733288085c0aa09e1893c72f7a689eb8649f66e8f0d052be86c,1,12,0,1,1,0,2.740999998524785,2.740999998524785,364.83035408179614,179688,1000000,1000000,0,0,0,15,0.5063801194379925,1257787392,1485180928,1,
measured_local_hardhat,2026-07-19T10:44:51.987Z,ea091c96144cb733288085c0aa09e1893c72f7a689eb8649f66e8f0d052be86c,1,13,0,1,1,0,2.5310999993234873,2.5310999993234873,395.0851409534511,179688,1000000,1000000,0,0,0,0,0,1257787392,1485316096,1,
measured_local_hardhat,2026-07-19T10:44:52.368Z,ea091c96144cb733288085c0aa09e1893c72f7a689eb8649f66e8f0d052be86c,1,14,0,1,1,0,2.717000000178814,2.717000000178814,368.0529996077243,179688,1000000,1000000,0,0,0,32,1.0579939376920682,1257787392,1485848576,1,
measured_local_hardhat,2026-07-19T10:44:52.748Z,ea091c96144cb733288085c0aa09e1893c72f7a689eb8649f66e8f0d052be86c,1,15,0,1,1,0,2.5436000004410744,2.5436000004410744,393.1435759657943,179688,1000000,1000000,0,0,0,0,0,1257787392,1486110720,1,
measured_local_hardhat,2026-07-19T10:44:53.124Z,ea091c96144cb733288085c0aa09e1893c72f7a689eb8649f66e8f0d052be86c,1,16,0,1,1,0,2.446399999782443,2.446399999782443,408.7638980088822,179664,1000000,1000000,0,0,0,0,0,1257787392,1486110720,1,
measured_local_hardhat,2026-07-19T10:44:53.514Z,ea091c96144cb733288085c0aa09e1893c72f7a689eb8649f66e8f0d052be86c,1,17,0,1,1,0,2.383500000461936,2.383500000461936,419.55108026272046,179688,1000000,1000000,0,0,0,16,0.5199867299391113,1257787392,1485656064,1,
measured_local_hardhat,2026-07-19T10:44:53.898Z,ea091c96144cb733288085c0aa09e1893c72f7a689eb8649f66e8f0d052be86c,1,18,0,1,1,0,2.5712000001221895,2.5712000001221895,388.9234598446164,179688,1000000,1000000,0,0,0,0,0,1257787392,1486049280,1,
measured_local_hardhat,2026-07-19T10:44:54.289Z,ea091c96144cb733288085c0aa09e1893c72f7a689eb8649f66e8f0d052be86c,1,19,0,1,1,0,2.546500001102686,2.546500001102686,392.6958568886628,179664,1000000,1000000,0,0,0,0,0,1257787392,1486446592,1,
measured_local_hardhat,2026-07-19T10:44:54.720Z,ea091c96144cb733288085c0aa09e1893c72f7a689eb8649f66e8f0d052be86c,1,20,0,1,1,0,3.2061000000685453,3.2061000000685453,311.90543026687266,179688,1000000,1000000,0,0,0,0,0,1257787392,1486979072,1,
measured_local_hardhat,2026-07-19T10:44:55.117Z,ea091c96144cb733288085c0aa09e1893c72f7a689eb8649f66e8f0d052be86c,1,21,0,1,1,0,2.9542000014334917,2.9542000014334917,338.50111688943247,179688,1000000,1000000,0,0,0,0,0,1257787392,1487110144,1,
measured_local_hardhat,2026-07-19T10:44:55.520Z,ea091c96144cb733288085c0aa09e1893c72f7a689eb8649f66e8f0d052be86c,1,22,0,1,1,0,2.7680000010877848,2.7680000010877848,361.2716761586034,179688,1000000,1000000,0,0,0,15,0.4653982021466006,1257787392,1487110144,1,
measured_local_hardhat,2026-07-19T10:44:55.912Z,ea091c96144cb733288085c0aa09e1893c72f7a689eb8649f66e8f0d052be86c,1,23,0,1,1,0,3.0560999996960163,3.0560999996960163,327.2144236443401,179688,1000000,1000000,0,0,0,0,0,1257787392,1487904768,1,
measured_local_hardhat,2026-07-19T10:44:56.305Z,ea091c96144cb733288085c0aa09e1893c72f7a689eb8649f66e8f0d052be86c,1,24,0,1,1,0,2.5314000006765127,2.5314000006765127,395.03831861134216,179664,1000000,1000000,0,0,0,0,0,1257787392,1488035840,1,
measured_local_hardhat,2026-07-19T10:44:56.683Z,ea091c96144cb733288085c0aa09e1893c72f7a689eb8649f66e8f0d052be86c,1,25,0,1,1,0,2.7638999987393618,2.7638999987393618,361.8075908882769,179664,1000000,1000000,0,0,0,16,0.5427190441239101,1257787392,1488191488,1,
measured_local_hardhat,2026-07-19T10:44:57.067Z,ea091c96144cb733288085c0aa09e1893c72f7a689eb8649f66e8f0d052be86c,1,26,0,1,1,0,2.527200000360608,2.527200000360608,395.69484008282257,179688,1000000,1000000,0,0,0,0,0,1257787392,1488990208,1,
measured_local_hardhat,2026-07-19T10:44:57.447Z,ea091c96144cb733288085c0aa09e1893c72f7a689eb8649f66e8f0d052be86c,1,27,0,1,1,0,2.5743000004440546,2.5743000004440546,388.4551139445693,179664,1000000,1000000,0,0,0,31,1.0319348552148726,1257787392,1489448960,1,
measured_local_hardhat,2026-07-19T10:44:57.826Z,ea091c96144cb733288085c0aa09e1893c72f7a689eb8649f66e8f0d052be86c,1,28,0,1,1,0,2.769999999552965,2.769999999552965,361.01083038317125,179664,1000000,1000000,0,0,0,0,0,1257787392,1489514496,1,
measured_local_hardhat,2026-07-19T10:44:58.205Z,ea091c96144cb733288085c0aa09e1893c72f7a689eb8649f66e8f0d052be86c,1,29,0,1,1,0,2.5172000005841255,2.5172000005841255,397.2668042936383,179664,1000000,1000000,0,0,0,0,0,1257787392,1489584128,1,
measured_local_hardhat,2026-07-19T10:44:58.594Z,ea091c96144cb733288085c0aa09e1893c72f7a689eb8649f66e8f0d052be86c,2,0,0,1,1,1,4.000900000333786,4.000900000333786,249.94376263255074,179688,1000000,1000000,0,0,0,0,0,1257787392,1494282240,1,
measured_local_hardhat,2026-07-19T10:44:58.982Z,ea091c96144cb733288085c0aa09e1893c72f7a689eb8649f66e8f0d052be86c,2,1,0,1,1,1,3.4221999999135733,3.4221999999135733,292.2096896806892,179688,1000000,1000000,0,0,0,0,0,1257787392,1494892544,1,
measured_local_hardhat,2026-07-19T10:44:59.373Z,ea091c96144cb733288085c0aa09e1893c72f7a689eb8649f66e8f0d052be86c,2,2,0,1,1,1,3.72719999961555,3.72719999961555,268.29791803583043,179688,1000000,1000000,0,0,0,0,0,1257787392,1495613440,1,
measured_local_hardhat,2026-07-19T10:44:59.749Z,ea091c96144cb733288085c0aa09e1893c72f7a689eb8649f66e8f0d052be86c,2,3,0,1,1,1,3.4420999996364117,3.4420999996364117,290.5203219272043,179688,1000000,1000000,0,0,0,0,0,1257787392,1496137728,1,
measured_local_hardhat,2026-07-19T10:45:00.147Z,ea091c96144cb733288085c0aa09e1893c72f7a689eb8649f66e8f0d052be86c,2,4,0,1,1,1,3.4096000008285046,3.4096000008285046,293.28953535810894,179688,1000000,1000000,0,0,0,0,0,1257787392,1495285760,1,
measured_local_hardhat,2026-07-19T10:45:00.543Z,ea091c96144cb733288085c0aa09e1893c72f7a689eb8649f66e8f0d052be86c,2,5,0,1,1,1,3.292400000616908,3.292400000616908,303.7298019112582,179688,1000000,1000000,0,0,0,0,0,1257787392,1512611840,1,
measured_local_hardhat,2026-07-19T10:45:00.929Z,ea091c96144cb733288085c0aa09e1893c72f7a689eb8649f66e8f0d052be86c,2,6,0,1,1,1,3.0304000005126,3.0304000005126,329.98944028209064,179688,1000000,1000000,0,0,0,0,0,1257787392,1513267200,1,
measured_local_hardhat,2026-07-19T10:45:01.308Z,ea091c96144cb733288085c0aa09e1893c72f7a689eb8649f66e8f0d052be86c,2,7,0,1,1,1,3.418700000271201,3.418700000271201,292.50884836945954,179688,1000000,1000000,0,0,0,15,0.5037800971709928,1257787392,1513529344,1,
measured_local_hardhat,2026-07-19T10:45:01.697Z,ea091c96144cb733288085c0aa09e1893c72f7a689eb8649f66e8f0d052be86c,2,8,0,1,1,1,3.3006999995559454,3.3006999995559454,302.9660375479545,179688,1000000,1000000,0,0,0,0,0,1257787392,1513807872,1,
measured_local_hardhat,2026-07-19T10:45:02.145Z,ea091c96144cb733288085c0aa09e1893c72f7a689eb8649f66e8f0d052be86c,2,9,0,1,1,1,3.7907999996095896,3.7907999996095896,263.79656012002454,179688,1000000,1000000,0,0,0,0,0,1257787392,1477226496,2,
measured_local_hardhat,2026-07-19T10:45:02.544Z,ea091c96144cb733288085c0aa09e1893c72f7a689eb8649f66e8f0d052be86c,2,10,0,1,1,1,4.083800001069903,4.083800001069903,244.86997397962995,179688,1000000,1000000,0,0,0,15,0.4629618198450418,1257787392,1478156288,2,
measured_local_hardhat,2026-07-19T10:45:02.941Z,ea091c96144cb733288085c0aa09e1893c72f7a689eb8649f66e8f0d052be86c,2,11,0,1,1,1,3.324899999424815,3.324899999424815,300.7609251926353,179688,1000000,1000000,0,0,0,0,0,1257787392,1478221824,1,
measured_local_hardhat,2026-07-19T10:45:03.326Z,ea091c96144cb733288085c0aa09e1893c72f7a689eb8649f66e8f0d052be86c,2,12,0,1,1,1,3.1341000013053417,3.1341000013053417,319.0708655063666,179688,1000000,1000000,0,0,0,16,0.5103298414862073,1257787392,1478483968,1,
measured_local_hardhat,2026-07-19T10:45:03.773Z,ea091c96144cb733288085c0aa09e1893c72f7a689eb8649f66e8f0d052be86c,2,13,0,1,1,1,3.87639999948442,3.87639999948442,257.9713136242402,179688,1000000,1000000,0,0,0,0,0,1257787392,1477570560,1,
measured_local_hardhat,2026-07-19T10:45:04.178Z,ea091c96144cb733288085c0aa09e1893c72f7a689eb8649f66e8f0d052be86c,2,14,0,1,1,1,4.060300000011921,4.060300000011921,246.287220155423,179664,1000000,1000000,0,0,0,63,1.9566782733799324,1257787392,1478283264,2,
measured_local_hardhat,2026-07-19T10:45:04.573Z,ea091c96144cb733288085c0aa09e1893c72f7a689eb8649f66e8f0d052be86c,2,15,0,1,1,1,4.070500001311302,4.070500001311302,245.6700650234252,179688,1000000,1000000,0,0,0,0,0,1257787392,1478950912,2,
measured_local_hardhat,2026-07-19T10:45:04.978Z,ea091c96144cb733288085c0aa09e1893c72f7a689eb8649f66e8f0d052be86c,2,16,0,1,1,1,3.862499998882413,3.862499998882413,258.8996764503153,179664,1000000,1000000,0,0,0,0,0,1257787392,1479081984,1,
measured_local_hardhat,2026-07-19T10:45:05.392Z,ea091c96144cb733288085c0aa09e1893c72f7a689eb8649f66e8f0d052be86c,2,17,0,1,1,1,4.081199999898672,4.081199999898672,245.02597275919533,179688,1000000,1000000,0,0,0,0,0,1257787392,1479606272,1,
measured_local_hardhat,2026-07-19T10:45:05.791Z,ea091c96144cb733288085c0aa09e1893c72f7a689eb8649f66e8f0d052be86c,2,18,0,1,1,1,3.485199999064207,3.485199999064207,286.92757955598097,179688,1000000,1000000,0,0,0,32,1.0420015181934779,1257787392,1480146944,1,
measured_local_hardhat,2026-07-19T10:45:06.185Z,ea091c96144cb733288085c0aa09e1893c72f7a689eb8649f66e8f0d052be86c,2,19,0,1,1,1,3.5075000002980232,3.5075000002980232,285.1033499401376,179688,1000000,1000000,0,0,0,0,0,1257787392,1480278016,1,
measured_local_hardhat,2026-07-19T10:45:06.573Z,ea091c96144cb733288085c0aa09e1893c72f7a689eb8649f66e8f0d052be86c,2,20,0,1,1,1,3.749599998816848,3.749599998816848,266.69511422966207,179688,1000000,1000000,0,0,0,0,0,1257787392,1481400320,1,
measured_local_hardhat,2026-07-19T10:45:06.961Z,ea091c96144cb733288085c0aa09e1893c72f7a689eb8649f66e8f0d052be86c,2,21,0,1,1,1,3.753200000151992,3.753200000151992,266.43930511550235,179688,1000000,1000000,0,0,0,0,0,1257787392,1481138176,1,
measured_local_hardhat,2026-07-19T10:45:07.349Z,ea091c96144cb733288085c0aa09e1893c72f7a689eb8649f66e8f0d052be86c,2,22,0,1,1,1,3.61570000089705,3.61570000089705,276.5716181519212,179688,1000000,1000000,0,0,0,0,0,1257787392,1481728000,1,
measured_local_hardhat,2026-07-19T10:45:07.742Z,ea091c96144cb733288085c0aa09e1893c72f7a689eb8649f66e8f0d052be86c,2,23,0,1,1,1,3.721899999305606,3.721899999305606,268.67997533156984,179688,1000000,1000000,0,0,0,0,0,1257787392,1481539584,1,
measured_local_hardhat,2026-07-19T10:45:08.133Z,ea091c96144cb733288085c0aa09e1893c72f7a689eb8649f66e8f0d052be86c,2,24,0,1,1,1,3.510800000280142,3.510800000280142,284.8353651362099,179688,1000000,1000000,0,0,0,0,0,1257787392,1481801728,1,
measured_local_hardhat,2026-07-19T10:45:08.579Z,ea091c96144cb733288085c0aa09e1893c72f7a689eb8649f66e8f0d052be86c,2,25,0,1,1,1,4.511899998411536,4.511899998411536,221.63611789978967,179688,1000000,1000000,0,0,0,0,0,1257787392,1483001856,2,
measured_local_hardhat,2026-07-19T10:45:08.974Z,ea091c96144cb733288085c0aa09e1893c72f7a689eb8649f66e8f0d052be86c,2,26,0,1,1,1,3.4871999993920326,3.4871999993920326,286.76301909105945,179688,1000000,1000000,0,0,0,16,0.5138001584555676,1257787392,1482739712,1,
measured_local_hardhat,2026-07-19T10:45:09.380Z,ea091c96144cb733288085c0aa09e1893c72f7a689eb8649f66e8f0d052be86c,2,27,0,1,1,1,3.921399999409914,3.921399999409914,255.0109655098889,179688,1000000,1000000,0,0,0,0,0,1257787392,1483067392,2,
measured_local_hardhat,2026-07-19T10:45:09.800Z,ea091c96144cb733288085c0aa09e1893c72f7a689eb8649f66e8f0d052be86c,2,28,0,1,1,1,3.927199998870492,3.927199998870492,254.63434515370022,179664,1000000,1000000,0,0,0,0,0,1257787392,1482838016,1,
measured_local_hardhat,2026-07-19T10:45:10.228Z,ea091c96144cb733288085c0aa09e1893c72f7a689eb8649f66e8f0d052be86c,2,29,0,1,1,1,4.531400000676513,4.531400000676513,220.6823497927143,179688,1000000,1000000,0,0,0,0,0,1257787392,1483165696,2,
measured_local_hardhat,2026-07-19T10:45:10.638Z,ea091c96144cb733288085c0aa09e1893c72f7a689eb8649f66e8f0d052be86c,4,0,0,2,2,2,7.612800000235438,3.806400000117719,262.71542664172796,329976,2000000,2000000,0,0,0,0,0,1257787392,1493327872,2,
measured_local_hardhat,2026-07-19T10:45:11.029Z,ea091c96144cb733288085c0aa09e1893c72f7a689eb8649f66e8f0d052be86c,4,1,0,2,2,2,7.47859999909997,3.739299999549985,267.4297328698814,329976,2000000,2000000,0,0,0,0,0,1257787392,1494315008,2,
measured_local_hardhat,2026-07-19T10:45:11.431Z,ea091c96144cb733288085c0aa09e1893c72f7a689eb8649f66e8f0d052be86c,4,2,0,2,2,2,6.9211999997496605,3.4605999998748302,288.9672311264434,329928,2000000,2000000,0,0,0,16,0.5096985438946167,1257787392,1494708224,2,
measured_local_hardhat,2026-07-19T10:45:11.823Z,ea091c96144cb733288085c0aa09e1893c72f7a689eb8649f66e8f0d052be86c,4,3,0,2,2,2,5.612799998372793,2.8063999991863966,356.3283923495973,329976,2000000,2000000,0,0,0,0,0,1257787392,1495642112,2,
measured_local_hardhat,2026-07-19T10:45:12.219Z,ea091c96144cb733288085c0aa09e1893c72f7a689eb8649f66e8f0d052be86c,4,4,0,2,2,2,5.360700000077486,2.680350000038743,373.08560448655794,329976,2000000,2000000,0,0,0,31,0.9760164424140636,1257787392,1496428544,2,
measured_local_hardhat,2026-07-19T10:45:12.625Z,ea091c96144cb733288085c0aa09e1893c72f7a689eb8649f66e8f0d052be86c,4,5,0,2,2,2,6.226699998602271,3.1133499993011355,321.19742406875986,329976,2000000,2000000,0,0,0,16,0.5024012266591642,1257787392,1495846912,2,
measured_local_hardhat,2026-07-19T10:45:13.018Z,ea091c96144cb733288085c0aa09e1893c72f7a689eb8649f66e8f0d052be86c,4,6,0,2,2,2,5.589900000020862,2.794950000010431,357.7881536328979,329976,2000000,2000000,0,0,0,16,0.5109556556918519,1257787392,1496240128,2,
measured_local_hardhat,2026-07-19T10:45:13.407Z,ea091c96144cb733288085c0aa09e1893c72f7a689eb8649f66e8f0d052be86c,4,7,0,2,2,2,5.3108000010252,2.6554000005126,376.59109731376043,329976,2000000,2000000,0,0,0,31,1.0080136434345541,1257787392,1496698880,2,
measured_local_hardhat,2026-07-19T10:45:13.827Z,ea091c96144cb733288085c0aa09e1893c72f7a689eb8649f66e8f0d052be86c,4,8,0,2,2,2,6.205700000748038,3.102850000374019,322.2843514444654,329976,2000000,2000000,0,0,0,0,0,1257787392,1496702976,2,
measured_local_hardhat,2026-07-19T10:45:14.229Z,ea091c96144cb733288085c0aa09e1893c72f7a689eb8649f66e8f0d052be86c,4,9,0,2,2,2,5.473199998959899,2.7365999994799495,365.4169407988143,329952,2000000,2000000,0,0,0,0,0,1257787392,1496842240,2,
measured_local_hardhat,2026-07-19T10:45:14.621Z,ea091c96144cb733288085c0aa09e1893c72f7a689eb8649f66e8f0d052be86c,4,10,0,2,2,2,5.803999999538064,2.901999999769032,344.5899380012368,329976,2000000,2000000,0,0,0,16,0.5410031713590727,1257787392,1497579520,2,
measured_local_hardhat,2026-07-19T10:45:15.040Z,ea091c96144cb733288085c0aa09e1893c72f7a689eb8649f66e8f0d052be86c,4,11,0,2,2,2,6.4452999997884035,3.2226499998942018,310.3036321142009,329928,2000000,2000000,0,0,0,0,0,1257787392,1497055232,2,
measured_local_hardhat,2026-07-19T10:45:15.476Z,ea091c96144cb733288085c0aa09e1893c72f7a689eb8649f66e8f0d052be86c,4,12,0,2,2,2,7.588499998673797,3.7942499993368983,263.5566976806391,329976,2000000,2000000,0,0,0,0,0,1257787392,1498775552,2,
measured_local_hardhat,2026-07-19T10:45:15.870Z,ea091c96144cb733288085c0aa09e1893c72f7a689eb8649f66e8f0d052be86c,4,13,0,2,2,2,5.5943999998271465,2.7971999999135733,357.5003575114034,329976,2000000,2000000,0,0,0,31,55.40125276348042,1257787392,1498513408,2,
measured_local_hardhat,2026-07-19T10:45:16.265Z,ea091c96144cb733288085c0aa09e1893c72f7a689eb8649f66e8f0d052be86c,4,14,0,2,2,2,5.974899999797344,2.987449999898672,334.7336357207377,329976,2000000,2000000,0,0,0,15,0.474878063977568,1257787392,1425227776,2,
measured_local_hardhat,2026-07-19T10:45:16.658Z,ea091c96144cb733288085c0aa09e1893c72f7a689eb8649f66e8f0d052be86c,4,15,0,2,2,2,5.775100000202656,2.887550000101328,346.31434952292034,329976,2000000,2000000,0,0,0,32,1.0240765517770865,1257787392,1425104896,2,
measured_local_hardhat,2026-07-19T10:45:17.052Z,ea091c96144cb733288085c0aa09e1893c72f7a689eb8649f66e8f0d052be86c,4,16,0,2,2,2,5.669900000095367,2.8349500000476837,352.73990722347133,329976,2000000,2000000,0,0,0,0,0,1257787392,1424519168,2,
measured_local_hardhat,2026-07-19T10:45:17.445Z,ea091c96144cb733288085c0aa09e1893c72f7a689eb8649f66e8f0d052be86c,4,17,0,2,2,2,5.667199999094009,2.8335999995470047,352.9079616600316,329976,2000000,2000000,0,0,0,0,0,1257787392,1424977920,2,
measured_local_hardhat,2026-07-19T10:45:17.830Z,ea091c96144cb733288085c0aa09e1893c72f7a689eb8649f66e8f0d052be86c,4,18,0,2,2,2,5.588600000366569,2.7943000001832843,357.8713810021858,329952,2000000,2000000,0,0,0,16,0.5287416002788026,1257787392,1426354176,2,
measured_local_hardhat,2026-07-19T10:45:18.227Z,ea091c96144cb733288085c0aa09e1893c72f7a689eb8649f66e8f0d052be86c,4,19,0,2,2,2,6.105599999427795,3.0527999997138977,327.5681342026068,329976,2000000,2000000,0,0,0,15,0.4802926326928286,1257787392,1426169856,2,
measured_local_hardhat,2026-07-19T10:45:18.623Z,ea091c96144cb733288085c0aa09e1893c72f7a689eb8649f66e8f0d052be86c,4,20,0,2,2,2,5.402599999681115,2.7012999998405576,370.1921297371726,329928,2000000,2000000,0,0,0,0,0,1257787392,1427283968,2,
measured_local_hardhat,2026-07-19T10:45:19.006Z,ea091c96144cb733288085c0aa09e1893c72f7a689eb8649f66e8f0d052be86c,4,21,0,2,2,2,5.320400001481175,2.6602000007405877,375.911585490416,329904,2000000,2000000,0,0,0,0,0,1257787392,1427283968,2,
measured_local_hardhat,2026-07-19T10:45:19.402Z,ea091c96144cb733288085c0aa09e1893c72f7a689eb8649f66e8f0d052be86c,4,22,0,2,2,2,6.3230000007897615,3.1615000003948808,316.3055511229154,329976,2000000,2000000,0,0,0,0,0,1257787392,1426907136,2,
measured_local_hardhat,2026-07-19T10:45:19.808Z,ea091c96144cb733288085c0aa09e1893c72f7a689eb8649f66e8f0d052be86c,4,23,0,2,2,2,6.330900000408292,3.165450000204146,315.9108499377681,329928,2000000,2000000,0,0,0,0,0,1257787392,1428021248,2,
measured_local_hardhat,2026-07-19T10:45:20.198Z,ea091c96144cb733288085c0aa09e1893c72f7a689eb8649f66e8f0d052be86c,4,24,0,2,2,2,5.0230000000447035,2.5115000000223517,398.16842524033456,329976,2000000,2000000,0,0,0,0,0,1257787392,1427959808,2,
measured_local_hardhat,2026-07-19T10:45:20.589Z,ea091c96144cb733288085c0aa09e1893c72f7a689eb8649f66e8f0d052be86c,4,25,0,2,2,2,5.450500000268221,2.7252500001341105,366.9388129348829,329976,2000000,2000000,0,0,0,0,0,1257787392,1428422656,2,
measured_local_hardhat,2026-07-19T10:45:20.979Z,ea091c96144cb733288085c0aa09e1893c72f7a689eb8649f66e8f0d052be86c,4,26,0,2,2,2,5.98280000127852,2.99140000063926,334.2916359518288,329976,2000000,2000000,0,0,0,0,0,1257787392,1429032960,2,
measured_local_hardhat,2026-07-19T10:45:21.377Z,ea091c96144cb733288085c0aa09e1893c72f7a689eb8649f66e8f0d052be86c,4,27,0,2,2,2,5.735699998214841,2.8678499991074204,348.6932720718435,329976,2000000,2000000,0,0,0,47,79.8960286525938,1257787392,1428766720,2,
measured_local_hardhat,2026-07-19T10:45:21.769Z,ea091c96144cb733288085c0aa09e1893c72f7a689eb8649f66e8f0d052be86c,4,28,0,2,2,2,5.300900001078844,2.650450000539422,377.29442162518785,329976,2000000,2000000,0,0,0,16,0.522762380977857,1257787392,1429360640,2,
measured_local_hardhat,2026-07-19T10:45:22.156Z,ea091c96144cb733288085c0aa09e1893c72f7a689eb8649f66e8f0d052be86c,4,29,0,2,2,2,5.266799999400973,2.6333999997004867,379.73722188567496,329952,2000000,2000000,0,0,0,16,0.5366062018800362,1257787392,1429823488,2,
measured_local_hardhat,2026-07-19T10:45:22.561Z,ea091c96144cb733288085c0aa09e1893c72f7a689eb8649f66e8f0d052be86c,8,0,0,4,4,4,10.625300001353025,2.6563250003382564,376.4599587296961,630552,4000000,4000000,0,0,0,31,0.9903819219391725,1257787392,1446801408,3,
measured_local_hardhat,2026-07-19T10:45:22.961Z,ea091c96144cb733288085c0aa09e1893c72f7a689eb8649f66e8f0d052be86c,8,1,0,4,4,4,10.223400000482798,2.5558500001206994,391.25926793543255,630552,4000000,4000000,0,0,0,31,1.006523310048676,1257787392,1454530560,3,
measured_local_hardhat,2026-07-19T10:45:23.352Z,ea091c96144cb733288085c0aa09e1893c72f7a689eb8649f66e8f0d052be86c,8,2,0,4,4,4,11.004999998956919,2.7512499997392297,363.4711495119609,630552,4000000,4000000,0,0,0,0,0,1257787392,1455513600,3,
measured_local_hardhat,2026-07-19T10:45:23.766Z,ea091c96144cb733288085c0aa09e1893c72f7a689eb8649f66e8f0d052be86c,8,3,0,4,4,4,12.441999999806285,3.1104999999515712,321.49172159317453,630504,4000000,4000000,0,0,0,16,0.4985812869480784,1257787392,1456836608,3,
measured_local_hardhat,2026-07-19T10:45:24.165Z,ea091c96144cb733288085c0aa09e1893c72f7a689eb8649f66e8f0d052be86c,8,4,0,4,4,4,10.11909999884665,2.5297749997116625,395.2920714743317,630456,4000000,4000000,0,0,0,31,1.00967042794461,1257787392,1459331072,3,
measured_local_hardhat,2026-07-19T10:45:24.564Z,ea091c96144cb733288085c0aa09e1893c72f7a689eb8649f66e8f0d052be86c,8,5,0,4,4,4,12.153500000014901,3.0383750000037253,329.1232978150406,630552,4000000,4000000,0,0,0,15,26.23772075581627,1257787392,1460793344,3,
measured_local_hardhat,2026-07-19T10:45:24.957Z,ea091c96144cb733288085c0aa09e1893c72f7a689eb8649f66e8f0d052be86c,8,6,0,4,4,4,9.902499999850988,2.475624999962747,403.9383994001708,630456,4000000,4000000,0,0,0,16,0.5176771206363803,1257787392,1461321728,3,
measured_local_hardhat,2026-07-19T10:45:25.356Z,ea091c96144cb733288085c0aa09e1893c72f7a689eb8649f66e8f0d052be86c,8,7,0,4,4,4,11.932199999690056,2.983049999922514,335.2273679710281,630552,4000000,4000000,0,0,0,15,37.169931019371724,1257787392,1460932608,3,
measured_local_hardhat,2026-07-19T10:45:25.761Z,ea091c96144cb733288085c0aa09e1893c72f7a689eb8649f66e8f0d052be86c,8,8,0,4,4,4,12.966600000858307,3.2416500002145767,308.4848765085084,630528,4000000,4000000,0,0,0,0,0,1257787392,1461059584,3,
measured_local_hardhat,2026-07-19T10:45:26.152Z,ea091c96144cb733288085c0aa09e1893c72f7a689eb8649f66e8f0d052be86c,8,9,0,4,4,4,9.515899999067187,2.378974999766797,420.3490999686952,630552,4000000,4000000,0,0,0,15,0.47852336112613564,1257787392,1463566336,3,
measured_local_hardhat,2026-07-19T10:45:26.544Z,ea091c96144cb733288085c0aa09e1893c72f7a689eb8649f66e8f0d052be86c,8,10,0,4,4,4,11.408800000324845,2.8522000000812113,350.60654932035857,630552,4000000,4000000,0,0,0,16,40.729879443956996,1257787392,1461927936,3,
measured_local_hardhat,2026-07-19T10:45:26.945Z,ea091c96144cb733288085c0aa09e1893c72f7a689eb8649f66e8f0d052be86c,8,11,0,4,4,4,9.86490000039339,2.4662250000983477,405.47800787037767,630552,4000000,4000000,0,0,0,15,18.161213458558564,1257787392,1462079488,3,
measured_local_hardhat,2026-07-19T10:45:27.342Z,ea091c96144cb733288085c0aa09e1893c72f7a689eb8649f66e8f0d052be86c,8,12,0,4,4,4,10.253599999472499,2.5633999998681247,390.10688930773404,630528,4000000,4000000,0,0,0,0,0,1257787392,1459585024,3,
measured_local_hardhat,2026-07-19T10:45:27.743Z,ea091c96144cb733288085c0aa09e1893c72f7a689eb8649f66e8f0d052be86c,8,13,0,4,4,4,11.06279999949038,2.765699999872595,361.57211557510436,630528,4000000,4000000,0,0,0,15,0.48030321349540733,1257787392,1459585024,3,
measured_local_hardhat,2026-07-19T10:45:28.141Z,ea091c96144cb733288085c0aa09e1893c72f7a689eb8649f66e8f0d052be86c,8,14,0,4,4,4,10.81000000052154,2.702500000130385,370.0277520635537,630552,4000000,4000000,0,0,0,16,20.571052410425782,1257787392,1435058176,3,
measured_local_hardhat,2026-07-19T10:45:28.545Z,ea091c96144cb733288085c0aa09e1893c72f7a689eb8649f66e8f0d052be86c,8,15,0,4,4,4,11.662299999967217,2.9155749999918044,342.9855174374904,630552,4000000,4000000,0,0,0,0,0,1257787392,1435598848,3,
measured_local_hardhat,2026-07-19T10:45:28.952Z,ea091c96144cb733288085c0aa09e1893c72f7a689eb8649f66e8f0d052be86c,8,16,0,4,4,4,9.785299999639392,2.446324999909848,408.77642996611326,630552,4000000,4000000,0,0,0,0,0,1257787392,1435860992,3,
measured_local_hardhat,2026-07-19T10:45:29.348Z,ea091c96144cb733288085c0aa09e1893c72f7a689eb8649f66e8f0d052be86c,8,17,0,4,4,4,10.210400000214577,2.552600000053644,391.75742379494807,630552,4000000,4000000,0,0,0,16,0.5164963778125243,1257787392,1436520448,3,
measured_local_hardhat,2026-07-19T10:45:29.748Z,ea091c96144cb733288085c0aa09e1893c72f7a689eb8649f66e8f0d052be86c,8,18,0,4,4,4,10.44929999858141,2.6123249996453524,382.8007618254847,630528,4000000,4000000,0,0,0,0,0,1257787392,1436327936,3,
measured_local_hardhat,2026-07-19T10:45:30.142Z,ea091c96144cb733288085c0aa09e1893c72f7a689eb8649f66e8f0d052be86c,8,19,0,4,4,4,10.162900000810623,2.540725000202656,393.58844421188326,630552,4000000,4000000,0,0,0,15,19.66109514683066,1257787392,1437257728,3,
measured_local_hardhat,2026-07-19T10:45:30.552Z,ea091c96144cb733288085c0aa09e1893c72f7a689eb8649f66e8f0d052be86c,8,20,0,4,4,4,10.449300000444055,2.6123250001110137,382.8007617572484,630552,4000000,4000000,0,0,0,32,19.144251937208633,1257787392,1437188096,3,
measured_local_hardhat,2026-07-19T10:45:30.952Z,ea091c96144cb733288085c0aa09e1893c72f7a689eb8649f66e8f0d052be86c,8,21,0,4,4,4,9.956000000238419,2.4890000000596046,401.76777821456517,630504,4000000,4000000,0,0,0,0,0,1257787392,1435365376,3,
measured_local_hardhat,2026-07-19T10:45:31.345Z,ea091c96144cb733288085c0aa09e1893c72f7a689eb8649f66e8f0d052be86c,8,22,0,4,4,4,10.822800001129508,2.705700000282377,369.59012451330017,630528,4000000,4000000,0,0,0,16,0.5174877213104198,1257787392,1437007872,3,
measured_local_hardhat,2026-07-19T10:45:31.754Z,ea091c96144cb733288085c0aa09e1893c72f7a689eb8649f66e8f0d052be86c,8,23,0,4,4,4,9.938200000673532,2.484550000168383,402.4873719314274,630528,4000000,4000000,0,0,0,31,19.677292410219405,1257787392,1438793728,3,
measured_local_hardhat,2026-07-19T10:45:32.157Z,ea091c96144cb733288085c0aa09e1893c72f7a689eb8649f66e8f0d052be86c,8,24,0,4,4,4,11.170400001108646,2.7926000002771616,358.0892358020309,630552,4000000,4000000,0,0,0,31,18.605620381580447,1257787392,1439506432,3,
measured_local_hardhat,2026-07-19T10:45:32.555Z,ea091c96144cb733288085c0aa09e1893c72f7a689eb8649f66e8f0d052be86c,8,25,0,4,4,4,10.548200000077486,2.6370500000193715,379.21161904122187,630528,4000000,4000000,0,0,0,63,2.0368247570260465,1257787392,1440890880,3,
measured_local_hardhat,2026-07-19T10:45:32.964Z,ea091c96144cb733288085c0aa09e1893c72f7a689eb8649f66e8f0d052be86c,8,26,0,4,4,4,12.721999999135733,3.180499999783933,314.41597235275424,630552,4000000,4000000,0,0,0,47,1.4607066189941504,1257787392,1439903744,3,
measured_local_hardhat,2026-07-19T10:45:33.368Z,ea091c96144cb733288085c0aa09e1893c72f7a689eb8649f66e8f0d052be86c,8,27,0,4,4,4,10.623700000345707,2.6559250000864267,376.51665614332444,630528,4000000,4000000,0,0,0,16,0.5099985210045216,1257787392,1439776768,3,
measured_local_hardhat,2026-07-19T10:45:33.768Z,ea091c96144cb733288085c0aa09e1893c72f7a689eb8649f66e8f0d052be86c,8,28,0,4,4,4,9.995500000193715,2.4988750000484288,400.18008102871084,630360,4000000,4000000,0,0,0,32,37.91325447352842,1257787392,1440497664,3,
measured_local_hardhat,2026-07-19T10:45:34.167Z,ea091c96144cb733288085c0aa09e1893c72f7a689eb8649f66e8f0d052be86c,8,29,0,4,4,4,11.892099998891354,2.9730249997228384,336.35775013436665,630528,4000000,4000000,0,0,0,15,0.4780685114276834,1257787392,1443143680,3,
measured_local_hardhat,2026-07-19T10:45:34.589Z,ea091c96144cb733288085c0aa09e1893c72f7a689eb8649f66e8f0d052be86c,16,0,0,8,8,8,23.005000000819564,2.8756250001024455,347.7504890117364,1231656,8000000,8000000,0,0,0,16,20.16007096188728,1257787392,1483620352,5,
measured_local_hardhat,2026-07-19T10:45:34.989Z,ea091c96144cb733288085c0aa09e1893c72f7a689eb8649f66e8f0d052be86c,16,1,0,8,8,8,19.56110000051558,2.4451375000644475,408.9749553853894,1231512,8000000,8000000,0,0,0,16,20.30539310793791,1257787392,1491206144,4,
measured_local_hardhat,2026-07-19T10:45:35.401Z,ea091c96144cb733288085c0aa09e1893c72f7a689eb8649f66e8f0d052be86c,16,2,0,8,8,8,19.96710000000894,2.4958875000011176,400.6590841933189,1231704,8000000,8000000,0,0,0,16,21.885669255829303,1257787392,1499787264,5,
measured_local_hardhat,2026-07-19T10:45:35.813Z,ea091c96144cb733288085c0aa09e1893c72f7a689eb8649f66e8f0d052be86c,16,3,0,8,8,8,21.51050000078976,2.68881250009872,371.9113920971748,1231704,8000000,8000000,0,0,0,93,20.29303137420469,1257787392,1499676672,5,
measured_local_hardhat,2026-07-19T10:45:36.226Z,ea091c96144cb733288085c0aa09e1893c72f7a689eb8649f66e8f0d052be86c,16,4,0,8,8,8,22.274100000038743,2.784262500004843,359.1615373903361,1231632,8000000,8000000,0,0,0,16,20.058168687520023,1257787392,1504137216,5,
measured_local_hardhat,2026-07-19T10:45:36.633Z,ea091c96144cb733288085c0aa09e1893c72f7a689eb8649f66e8f0d052be86c,16,5,0,8,8,8,21.699999999254942,2.7124999999068677,368.66359448270396,1231632,8000000,8000000,0,0,0,47,53.7777126781201,1257787392,1503559680,5,
measured_local_hardhat,2026-07-19T10:45:37.047Z,ea091c96144cb733288085c0aa09e1893c72f7a689eb8649f66e8f0d052be86c,16,6,0,8,8,8,20.869800001382828,2.6087250001728535,383.3290208564491,1231656,8000000,8000000,0,0,0,31,18.322356209019233,1257787392,1506779136,5,
measured_local_hardhat,2026-07-19T10:45:37.462Z,ea091c96144cb733288085c0aa09e1893c72f7a689eb8649f66e8f0d052be86c,16,7,0,8,8,8,22.289499999955297,2.786187499994412,358.9133897133648,1231656,8000000,8000000,0,0,0,63,49.802076908327116,1257787392,1509072896,5,
measured_local_hardhat,2026-07-19T10:45:37.871Z,ea091c96144cb733288085c0aa09e1893c72f7a689eb8649f66e8f0d052be86c,16,8,0,8,8,8,20.876800000667572,2.6096000000834465,383.2004904843743,1231656,8000000,8000000,0,0,0,31,81.16180423185044,1257787392,1509089280,5,
measured_local_hardhat,2026-07-19T10:45:38.279Z,ea091c96144cb733288085c0aa09e1893c72f7a689eb8649f66e8f0d052be86c,16,9,0,8,8,8,21.206799998879433,2.650849999859929,377.2374898816757,1231632,8000000,8000000,0,0,0,16,19.976427810575558,1257787392,1512058880,5,
measured_local_hardhat,2026-07-19T10:45:38.686Z,ea091c96144cb733288085c0aa09e1893c72f7a689eb8649f66e8f0d052be86c,16,10,0,8,8,8,20.269299998879433,2.533662499859929,394.6855589705748,1231680,8000000,8000000,0,0,0,77,20.557858035601807,1257787392,1512583168,5,
measured_local_hardhat,2026-07-19T10:45:39.090Z,ea091c96144cb733288085c0aa09e1893c72f7a689eb8649f66e8f0d052be86c,16,11,0,8,8,8,20.23109999857843,2.5288874998223037,395.4307971668438,1231656,8000000,8000000,0,0,0,16,20.170643640861517,1257787392,1512132608,5,
measured_local_hardhat,2026-07-19T10:45:39.500Z,ea091c96144cb733288085c0aa09e1893c72f7a689eb8649f66e8f0d052be86c,16,12,0,8,8,8,21.210900001227856,2.651362500153482,377.1645710241855,1231704,8000000,8000000,0,0,0,31,18.730800928953624,1257787392,1508843520,5,
measured_local_hardhat,2026-07-19T10:45:39.907Z,ea091c96144cb733288085c0aa09e1893c72f7a689eb8649f66e8f0d052be86c,16,13,0,8,8,8,20.610700000077486,2.5763375000096858,388.147903757268,1231704,8000000,8000000,0,0,0,31,18.758910480444634,1257787392,1511530496,5,
measured_local_hardhat,2026-07-19T10:45:40.329Z,ea091c96144cb733288085c0aa09e1893c72f7a689eb8649f66e8f0d052be86c,16,14,0,8,8,8,26.86820000037551,3.3585250000469387,297.74975621322574,1231680,8000000,8000000,0,0,0,47,38.81184019680119,1257787392,1512796160,6,
measured_local_hardhat,2026-07-19T10:45:40.765Z,ea091c96144cb733288085c0aa09e1893c72f7a689eb8649f66e8f0d052be86c,16,15,0,8,8,8,21.400900000706315,2.6751125000882894,373.8160544526617,1231464,8000000,8000000,0,0,0,31,19.82828703054535,1257787392,1514618880,5,
measured_local_hardhat,2026-07-19T10:45:41.188Z,ea091c96144cb733288085c0aa09e1893c72f7a689eb8649f66e8f0d052be86c,16,16,0,8,8,8,21.261299999430776,2.657662499928847,376.2705008731443,1231704,8000000,8000000,0,0,0,93,19.070382427568017,1257787392,1514745856,5,
measured_local_hardhat,2026-07-19T10:45:41.614Z,ea091c96144cb733288085c0aa09e1893c72f7a689eb8649f66e8f0d052be86c,16,17,0,8,8,8,22.668200001120567,2.833525000140071,352.91730263560993,1231704,8000000,8000000,0,0,0,125,19.242215884881443,1257787392,1515606016,5,
measured_local_hardhat,2026-07-19T10:45:42.022Z,ea091c96144cb733288085c0aa09e1893c72f7a689eb8649f66e8f0d052be86c,16,18,0,8,8,8,20.7804000005126,2.597550000064075,384.97815248034976,1231632,8000000,8000000,0,0,0,110,100,1257787392,1516130304,5,
measured_local_hardhat,2026-07-19T10:45:42.429Z,ea091c96144cb733288085c0aa09e1893c72f7a689eb8649f66e8f0d052be86c,16,19,0,8,8,8,20.555699998512864,2.569462499814108,389.18645439361217,1231656,8000000,8000000,0,0,0,31,38.72366790727716,1257787392,1509502976,5,
measured_local_hardhat,2026-07-19T10:45:42.838Z,ea091c96144cb733288085c0aa09e1893c72f7a689eb8649f66e8f0d052be86c,16,20,0,8,8,8,20.74670000001788,2.593337500002235,385.6034935673194,1231656,8000000,8000000,0,0,0,15,18.398225921660888,1257787392,1510875136,5,
measured_local_hardhat,2026-07-19T10:45:43.245Z,ea091c96144cb733288085c0aa09e1893c72f7a689eb8649f66e8f0d052be86c,16,21,0,8,8,8,22.129399999976158,2.7661749999970198,361.51002738477405,1231680,8000000,8000000,0,0,0,32,33.722263426561824,1257787392,1508589568,5,
measured_local_hardhat,2026-07-19T10:45:43.647Z,ea091c96144cb733288085c0aa09e1893c72f7a689eb8649f66e8f0d052be86c,16,22,0,8,8,8,21.46950000151992,2.68368750018999,372.6216260012411,1231680,8000000,8000000,0,0,0,15,19.176877292053067,1257787392,1510686720,5,
measured_local_hardhat,2026-07-19T10:45:44.059Z,ea091c96144cb733288085c0aa09e1893c72f7a689eb8649f66e8f0d052be86c,16,23,0,8,8,8,20.243699999526143,2.530462499940768,395.184674747564,1231656,8000000,8000000,0,0,0,16,18.418580667469964,1257787392,1511227392,5,
measured_local_hardhat,2026-07-19T10:45:44.478Z,ea091c96144cb733288085c0aa09e1893c72f7a689eb8649f66e8f0d052be86c,16,24,0,8,8,8,23.317999999970198,2.9147499999962747,343.0825971356988,1231704,8000000,8000000,0,0,0,15,18.586439334740554,1257787392,1510060032,5,
measured_local_hardhat,2026-07-19T10:45:44.891Z,ea091c96144cb733288085c0aa09e1893c72f7a689eb8649f66e8f0d052be86c,16,25,0,8,8,8,22.338100001215935,2.792262500151992,358.1325179654731,1231632,8000000,8000000,0,0,0,47,42.61144955507425,1257787392,1509994496,5,
measured_local_hardhat,2026-07-19T10:45:45.300Z,ea091c96144cb733288085c0aa09e1893c72f7a689eb8649f66e8f0d052be86c,16,26,0,8,8,8,21.726500000804663,2.715812500100583,368.213932281026,1231464,8000000,8000000,0,0,0,47,41.397582382057195,1257787392,1512484864,5,
measured_local_hardhat,2026-07-19T10:45:45.726Z,ea091c96144cb733288085c0aa09e1893c72f7a689eb8649f66e8f0d052be86c,16,27,0,8,8,8,24.167899999767542,3.0209874999709427,331.0175894503431,1231464,8000000,8000000,0,0,0,31,19.81021810819733,1257787392,1515581440,5,
measured_local_hardhat,2026-07-19T10:45:46.129Z,ea091c96144cb733288085c0aa09e1893c72f7a689eb8649f66e8f0d052be86c,16,28,0,8,8,8,20.01740000024438,2.5021750000305474,399.65230249194866,1231656,8000000,8000000,0,0,0,15,17.90899365870522,1257787392,1519722496,5,
measured_local_hardhat,2026-07-19T10:45:46.537Z,ea091c96144cb733288085c0aa09e1893c72f7a689eb8649f66e8f0d052be86c,16,29,0,8,8,8,20.22470000013709,2.5280875000171363,395.5559291334741,1231704,8000000,8000000,0,0,0,15,19.126407698222717,1257787392,1521500160,5,
measured_local_hardhat,2026-07-19T10:45:46.959Z,ea091c96144cb733288085c0aa09e1893c72f7a689eb8649f66e8f0d052be86c,32,0,0,16,16,16,42.32619999907911,2.6453874999424443,378.01645317434856,2433984,16000000,16000000,0,0,0,48,22.35486107058521,1257787392,1560657920,9,
measured_local_hardhat,2026-07-19T10:45:47.386Z,ea091c96144cb733288085c0aa09e1893c72f7a689eb8649f66e8f0d052be86c,32,1,0,16,16,16,41.34150000102818,2.5838437500642613,387.0203064620798,2433984,16000000,16000000,0,0,0,47,53.367488520982064,1257787392,1570152448,9,
measured_local_hardhat,2026-07-19T10:45:47.800Z,ea091c96144cb733288085c0aa09e1893c72f7a689eb8649f66e8f0d052be86c,32,2,0,16,16,16,41.05489999987185,2.5659312499919906,389.72205510304354,2433984,16000000,16000000,0,0,0,32,21.363869431592917,1257787392,1589305344,9,
measured_local_hardhat,2026-07-19T10:45:48.224Z,ea091c96144cb733288085c0aa09e1893c72f7a689eb8649f66e8f0d052be86c,32,3,0,16,16,16,45.32319999858737,2.8326999999117106,353.0200868539443,2433984,16000000,16000000,0,0,0,94,20.759378050600542,1257787392,1595736064,9,
measured_local_hardhat,2026-07-19T10:45:48.635Z,ea091c96144cb733288085c0aa09e1893c72f7a689eb8649f66e8f0d052be86c,32,4,0,16,16,16,40.21680000051856,2.51355000003241,397.84368721016324,2433960,16000000,16000000,0,0,0,63,39.45395723351084,1257787392,1596002304,8,
measured_local_hardhat,2026-07-19T10:45:49.049Z,ea091c96144cb733288085c0aa09e1893c72f7a689eb8649f66e8f0d052be86c,32,5,0,16,16,16,40.38910000026226,2.5243187500163913,396.14648506394315,2433984,16000000,16000000,0,0,0,31,19.656560571298783,1257787392,1594441728,8,
measured_local_hardhat,2026-07-19T10:45:49.465Z,ea091c96144cb733288085c0aa09e1893c72f7a689eb8649f66e8f0d052be86c,32,6,0,16,16,16,42.407299999147654,2.6504562499467283,377.2935320174023,2433936,16000000,16000000,0,0,0,140,40.40485666846608,1257787392,1601294336,9,
measured_local_hardhat,2026-07-19T10:45:49.900Z,ea091c96144cb733288085c0aa09e1893c72f7a689eb8649f66e8f0d052be86c,32,7,0,16,16,16,42.94239999912679,2.6838999999454245,372.5921234100877,2433960,16000000,16000000,0,0,0,48,25.581990278941213,1257787392,1602113536,9,
measured_local_hardhat,2026-07-19T10:45:50.350Z,ea091c96144cb733288085c0aa09e1893c72f7a689eb8649f66e8f0d052be86c,32,8,0,16,16,16,44.23589999973774,2.7647437499836087,361.69717356479373,2433936,16000000,16000000,0,0,0,47,21.784119381711967,1257787392,1601581056,9,
measured_local_hardhat,2026-07-19T10:45:50.783Z,ea091c96144cb733288085c0aa09e1893c72f7a689eb8649f66e8f0d052be86c,32,9,0,16,16,16,44.001199999824166,2.7500749999890104,363.6264465529108,2433912,16000000,16000000,0,0,0,126,92.19720494974439,1257787392,1601986560,9,
measured_local_hardhat,2026-07-19T10:45:51.206Z,ea091c96144cb733288085c0aa09e1893c72f7a689eb8649f66e8f0d052be86c,32,10,0,16,16,16,41.39230000041425,2.5870187500258908,386.5453236432832,2433960,16000000,16000000,0,0,0,63,20.433183492538536,1257787392,1600831488,8,
measured_local_hardhat,2026-07-19T10:45:51.636Z,ea091c96144cb733288085c0aa09e1893c72f7a689eb8649f66e8f0d052be86c,32,11,0,16,16,16,45.21710000000894,2.826068750000559,353.8484334465686,2433936,16000000,16000000,0,0,0,62,20.94372421734041,1257787392,1601159168,9,
measured_local_hardhat,2026-07-19T10:45:52.063Z,ea091c96144cb733288085c0aa09e1893c72f7a689eb8649f66e8f0d052be86c,32,12,0,16,16,16,42.573799999430776,2.6608624999644235,375.8179913518155,2433984,16000000,16000000,0,0,0,94,64.1546554816906,1257787392,1601216512,9,
measured_local_hardhat,2026-07-19T10:45:52.484Z,ea091c96144cb733288085c0aa09e1893c72f7a689eb8649f66e8f0d052be86c,32,13,0,16,16,16,40.14970000088215,2.5093562500551343,398.5085816244818,2433840,16000000,16000000,0,0,0,141,38.19636752983986,1257787392,1608392704,8,
measured_local_hardhat,2026-07-19T10:45:52.910Z,ea091c96144cb733288085c0aa09e1893c72f7a689eb8649f66e8f0d052be86c,32,14,0,16,16,16,41.844799999147654,2.6152999999467283,382.3653118267003,2434008,16000000,16000000,0,0,0,78,20.42149975402228,1257787392,1608261632,9,
measured_local_hardhat,2026-07-19T10:45:53.342Z,ea091c96144cb733288085c0aa09e1893c72f7a689eb8649f66e8f0d052be86c,32,15,0,16,16,16,42.30499999970198,2.6440624999813735,378.20588583176254,2433984,16000000,16000000,0,0,0,62,38.81987577338409,1257787392,1606979584,8,
measured_local_hardhat,2026-07-19T10:45:53.773Z,ea091c96144cb733288085c0aa09e1893c72f7a689eb8649f66e8f0d052be86c,32,16,0,16,16,16,42.042799999937415,2.6276749999960884,380.56456753650605,2433456,16000000,16000000,0,0,0,47,20.84549320474477,1257787392,1606160384,8,
measured_local_hardhat,2026-07-19T10:45:54.204Z,ea091c96144cb733288085c0aa09e1893c72f7a689eb8649f66e8f0d052be86c,32,17,0,16,16,16,41.608599999919534,2.600537499994971,384.53588921595394,2433552,16000000,16000000,0,0,0,62,35.07360781722515,1257787392,1611218944,9,
measured_local_hardhat,2026-07-19T10:45:54.661Z,ea091c96144cb733288085c0aa09e1893c72f7a689eb8649f66e8f0d052be86c,32,18,0,16,16,16,47.126899998635054,2.945431249914691,339.5088580081315,2433912,16000000,16000000,0,0,0,156,49.98638669345449,1257787392,1570885632,10,
measured_local_hardhat,2026-07-19T10:45:55.084Z,ea091c96144cb733288085c0aa09e1893c72f7a689eb8649f66e8f0d052be86c,32,19,0,16,16,16,38.47069999948144,2.40441874996759,415.9009324035089,2433984,16000000,16000000,0,0,0,46,38.65028226836114,1257787392,1575157760,8,
measured_local_hardhat,2026-07-19T10:45:55.514Z,ea091c96144cb733288085c0aa09e1893c72f7a689eb8649f66e8f0d052be86c,32,20,0,16,16,16,41.188699999824166,2.5742937499890104,388.4560571241215,2433960,16000000,16000000,0,0,0,31,19.96565906524154,1257787392,1575550976,9,
measured_local_hardhat,2026-07-19T10:45:55.946Z,ea091c96144cb733288085c0aa09e1893c72f7a689eb8649f66e8f0d052be86c,32,21,0,16,16,16,40.883799999952316,2.5552374999970198,391.3530542664493,2433960,16000000,16000000,0,0,0,78,40.91696233280322,1257787392,1572687872,8,
measured_local_hardhat,2026-07-19T10:45:56.384Z,ea091c96144cb733288085c0aa09e1893c72f7a689eb8649f66e8f0d052be86c,32,22,0,16,16,16,41.010700000450015,2.563168750028126,390.14208486625273,2433960,16000000,16000000,0,0,0,63,19.596699914624025,1257787392,1578938368,8,
measured_local_hardhat,2026-07-19T10:45:56.810Z,ea091c96144cb733288085c0aa09e1893c72f7a689eb8649f66e8f0d052be86c,32,23,0,16,16,16,43.045299999415874,2.690331249963492,371.701440115811,2433936,16000000,16000000,0,0,0,47,18.80087988010394,1257787392,1579278336,9,
measured_local_hardhat,2026-07-19T10:45:57.240Z,ea091c96144cb733288085c0aa09e1893c72f7a689eb8649f66e8f0d052be86c,32,24,0,16,16,16,44.1175999995321,2.7573499999707565,362.66705351537007,2433528,16000000,16000000,0,0,0,78,36.20669678911732,1257787392,1579343872,9,
measured_local_hardhat,2026-07-19T10:45:57.667Z,ea091c96144cb733288085c0aa09e1893c72f7a689eb8649f66e8f0d052be86c,32,25,0,16,16,16,41.40950000099838,2.5880937500623986,386.38476677125396,2433936,16000000,16000000,0,0,0,47,19.82199845350941,1257787392,1578778624,9,
measured_local_hardhat,2026-07-19T10:45:58.097Z,ea091c96144cb733288085c0aa09e1893c72f7a689eb8649f66e8f0d052be86c,32,26,0,16,16,16,41.79120000079274,2.6119500000495464,382.85572081434594,2433960,16000000,16000000,0,0,0,63,23.546586913682894,1257787392,1582989312,8,
measured_local_hardhat,2026-07-19T10:45:58.519Z,ea091c96144cb733288085c0aa09e1893c72f7a689eb8649f66e8f0d052be86c,32,27,0,16,16,16,39.368000000715256,2.4605000000447035,406.42145904565393,2433984,16000000,16000000,0,0,0,46,21.794564440315455,1257787392,1583251456,8,
measured_local_hardhat,2026-07-19T10:45:58.958Z,ea091c96144cb733288085c0aa09e1893c72f7a689eb8649f66e8f0d052be86c,32,28,0,16,16,16,40.70420000143349,2.5440125000895932,393.07982958605066,2433576,16000000,16000000,0,0,0,47,25.38650960230197,1257787392,1540386816,8,
measured_local_hardhat,2026-07-19T10:45:59.420Z,ea091c96144cb733288085c0aa09e1893c72f7a689eb8649f66e8f0d052be86c,32,29,0,16,16,16,46.57300000078976,2.91081250004936,343.5466901365315,2433960,16000000,16000000,0,0,0,62,37.249586658776145,1257787392,1539850240,10,
