measurement_type,timestamp_utc,config_hash,scheme,curve,circuit,n_rules,run,is_warmup,constraints,witness_size_bytes,public_inputs,proof_size_bytes,prove_time_ms,verify_time_ms,process_startup_ms,process_cpu_time_ms,normalized_peak_cpu_percent,peak_working_set_bytes,peak_private_bytes,resource_sample_count,throughput_proofs_s,verified,failure_status
locally_measured,2026-07-19T10:54:01.503Z,048d2f8811e5c5e9eca57526f68f0ab67be1b8cd5db0c79a5fe66b2fd7bbc2ee,groth16,bn128,compliance_1,1,0,1,2928,94092,11,889,447.4587,13.6177,0,2375,100,426168320,2253352960,34,2.1688379626456697,1,
locally_measured,2026-07-19T10:54:02.007Z,048d2f8811e5c5e9eca57526f68f0ab67be1b8cd5db0c79a5fe66b2fd7bbc2ee,groth16,bn128,compliance_1,1,1,1,2928,94092,11,893,110.6602,12.3638,0,1141,100,575262720,717778944,20,8.128495252958773,1,
locally_measured,2026-07-19T10:54:02.536Z,048d2f8811e5c5e9eca57526f68f0ab67be1b8cd5db0c79a5fe66b2fd7bbc2ee,groth16,bn128,compliance_1,1,0,0,2928,94092,11,889,124.9376,15.9486,0,828,100,647065600,717778944,23,7.097927263280576,1,
locally_measured,2026-07-19T10:54:03.043Z,048d2f8811e5c5e9eca57526f68f0ab67be1b8cd5db0c79a5fe66b2fd7bbc2ee,groth16,bn128,compliance_1,1,1,0,2928,94092,11,890,113.8176,12.7819,0,984,100,647065600,764862464,20,7.898925351205968,1,
locally_measured,2026-07-19T10:54:03.563Z,048d2f8811e5c5e9eca57526f68f0ab67be1b8cd5db0c79a5fe66b2fd7bbc2ee,groth16,bn128,compliance_1,1,2,0,2928,94092,11,892,126.8039,11.8356,0,907,100,691089408,764862464,21,7.212951575849596,1,
locally_measured,2026-07-19T10:54:04.063Z,048d2f8811e5c5e9eca57526f68f0ab67be1b8cd5db0c79a5fe66b2fd7bbc2ee,groth16,bn128,compliance_1,1,3,0,2928,94092,11,892,109.3718,11.2642,0,953,100,691089408,763338752,20,8.289399515899069,1,
locally_measured,2026-07-19T10:54:04.621Z,048d2f8811e5c5e9eca57526f68f0ab67be1b8cd5db0c79a5fe66b2fd7bbc2ee,groth16,bn128,compliance_1,1,4,0,2928,94092,11,891,153.5121,13.0633,0,1296,100,691089408,763338752,24,6.003287400180339,1,
locally_measured,2026-07-19T10:54:05.142Z,048d2f8811e5c5e9eca57526f68f0ab67be1b8cd5db0c79a5fe66b2fd7bbc2ee,groth16,bn128,compliance_1,1,5,0,2928,94092,11,893,114.4474,11.1077,0,844,100,691089408,783613952,21,7.964630668128973,1,
locally_measured,2026-07-19T10:54:05.668Z,048d2f8811e5c5e9eca57526f68f0ab67be1b8cd5db0c79a5fe66b2fd7bbc2ee,groth16,bn128,compliance_1,1,6,0,2928,94092,11,891,122.9773,10.6961,0,1031,100,767496192,815464448,23,7.480919913759956,1,
locally_measured,2026-07-19T10:54:06.190Z,048d2f8811e5c5e9eca57526f68f0ab67be1b8cd5db0c79a5fe66b2fd7bbc2ee,groth16,bn128,compliance_1,1,7,0,2928,94092,11,890,122.6196,10.9939,0,1001,100,767496192,824471552,21,7.484273669951015,1,
locally_measured,2026-07-19T10:54:06.725Z,048d2f8811e5c5e9eca57526f68f0ab67be1b8cd5db0c79a5fe66b2fd7bbc2ee,groth16,bn128,compliance_1,1,8,0,2928,94092,11,890,141.5241,12.3235,0,937,100,767496192,824471552,24,6.499938900574334,1,
locally_measured,2026-07-19T10:54:07.242Z,048d2f8811e5c5e9eca57526f68f0ab67be1b8cd5db0c79a5fe66b2fd7bbc2ee,groth16,bn128,compliance_1,1,9,0,2928,94092,11,890,117.0811,10.7028,0,1016,100,767496192,759709696,21,7.825712002842298,1,
locally_measured,2026-07-19T10:54:07.756Z,048d2f8811e5c5e9eca57526f68f0ab67be1b8cd5db0c79a5fe66b2fd7bbc2ee,groth16,bn128,compliance_1,1,10,0,2928,94092,11,888,111.8737,10.3682,0,1110,100,767496192,854110208,19,8.180501121137679,1,
locally_measured,2026-07-19T10:54:08.266Z,048d2f8811e5c5e9eca57526f68f0ab67be1b8cd5db0c79a5fe66b2fd7bbc2ee,groth16,bn128,compliance_1,1,11,0,2928,94092,11,888,123.8291,10.2488,0,1031,100,787107840,854110208,22,7.458350705075184,1,
locally_measured,2026-07-19T10:54:08.791Z,048d2f8811e5c5e9eca57526f68f0ab67be1b8cd5db0c79a5fe66b2fd7bbc2ee,groth16,bn128,compliance_1,1,12,0,2928,94092,11,889,137.1977,9.786,0,703,100,787107840,796667904,22,6.803475487417993,1,
locally_measured,2026-07-19T10:54:09.330Z,048d2f8811e5c5e9eca57526f68f0ab67be1b8cd5db0c79a5fe66b2fd7bbc2ee,groth16,bn128,compliance_1,1,13,0,2928,94092,11,890,128.2937,12.0602,0,750,100,787107840,704585728,23,7.124846548617459,1,
locally_measured,2026-07-19T10:54:09.835Z,048d2f8811e5c5e9eca57526f68f0ab67be1b8cd5db0c79a5fe66b2fd7bbc2ee,groth16,bn128,compliance_1,1,14,0,2928,94092,11,889,112.5397,11.674,0,1032,100,787107840,545357824,19,8.050641756907652,1,
locally_measured,2026-07-19T10:54:10.387Z,048d2f8811e5c5e9eca57526f68f0ab67be1b8cd5db0c79a5fe66b2fd7bbc2ee,groth16,bn128,compliance_1,1,15,0,2928,94092,11,890,128.4048,11.7877,0,1312,100,787107840,537067520,22,7.133049200206859,1,
locally_measured,2026-07-19T10:54:10.948Z,048d2f8811e5c5e9eca57526f68f0ab67be1b8cd5db0c79a5fe66b2fd7bbc2ee,groth16,bn128,compliance_1,1,16,0,2928,94092,11,888,136.4265,11.6794,0,1000,100,787107840,661917696,25,6.751925480348859,1,
locally_measured,2026-07-19T10:54:11.477Z,048d2f8811e5c5e9eca57526f68f0ab67be1b8cd5db0c79a5fe66b2fd7bbc2ee,groth16,bn128,compliance_1,1,17,0,2928,94092,11,893,116.1685,10.8411,0,952,100,787107840,661917696,21,7.873420591829279,1,
locally_measured,2026-07-19T10:54:11.977Z,048d2f8811e5c5e9eca57526f68f0ab67be1b8cd5db0c79a5fe66b2fd7bbc2ee,groth16,bn128,compliance_1,1,18,0,2928,94092,11,891,115.3308,11.5138,0,876,100,787107840,655724544,19,7.883662371121829,1,
locally_measured,2026-07-19T10:54:12.497Z,048d2f8811e5c5e9eca57526f68f0ab67be1b8cd5db0c79a5fe66b2fd7bbc2ee,groth16,bn128,compliance_1,1,19,0,2928,94092,11,892,126.8663,11.2391,0,812,100,787107840,563392512,22,7.240846483917355,1,
locally_measured,2026-07-19T10:54:12.993Z,048d2f8811e5c5e9eca57526f68f0ab67be1b8cd5db0c79a5fe66b2fd7bbc2ee,groth16,bn128,compliance_1,1,20,0,2928,94092,11,890,111.3072,9.8962,0,984,100,787107840,679432192,20,8.250593630211695,1,
locally_measured,2026-07-19T10:54:13.491Z,048d2f8811e5c5e9eca57526f68f0ab67be1b8cd5db0c79a5fe66b2fd7bbc2ee,groth16,bn128,compliance_1,1,21,0,2928,94092,11,889,107.095,9.996,0,876,100,787107840,679432192,20,8.540366040088479,1,
locally_measured,2026-07-19T10:54:13.995Z,048d2f8811e5c5e9eca57526f68f0ab67be1b8cd5db0c79a5fe66b2fd7bbc2ee,groth16,bn128,compliance_1,1,22,0,2928,94092,11,891,110.4363,11.5152,0,1156,100,787107840,730681344,21,8.199981140043377,1,
locally_measured,2026-07-19T10:54:14.501Z,048d2f8811e5c5e9eca57526f68f0ab67be1b8cd5db0c79a5fe66b2fd7bbc2ee,groth16,bn128,compliance_1,1,23,0,2928,94092,11,890,114.0966,10.0242,0,812,100,787107840,730681344,21,8.056667375653396,1,
locally_measured,2026-07-19T10:54:15.010Z,048d2f8811e5c5e9eca57526f68f0ab67be1b8cd5db0c79a5fe66b2fd7bbc2ee,groth16,bn128,compliance_1,1,24,0,2928,94092,11,892,108.6436,10.6874,0,953,100,787107840,682971136,20,8.38005212392421,1,
locally_measured,2026-07-19T10:54:15.520Z,048d2f8811e5c5e9eca57526f68f0ab67be1b8cd5db0c79a5fe66b2fd7bbc2ee,groth16,bn128,compliance_1,1,25,0,2928,94092,11,889,109.7334,11.0278,0,828,100,787107840,683962368,22,8.280805424258785,1,
locally_measured,2026-07-19T10:54:16.042Z,048d2f8811e5c5e9eca57526f68f0ab67be1b8cd5db0c79a5fe66b2fd7bbc2ee,groth16,bn128,compliance_1,1,26,0,2928,94092,11,887,113.7792,10.811,0,1376,100,787107840,684351488,20,8.026313466067155,1,
locally_measured,2026-07-19T10:54:16.544Z,048d2f8811e5c5e9eca57526f68f0ab67be1b8cd5db0c79a5fe66b2fd7bbc2ee,groth16,bn128,compliance_1,1,27,0,2928,94092,11,889,109.1603,10.1928,0,922,100,787107840,684351488,20,8.378500432749547,1,
locally_measured,2026-07-19T10:54:17.038Z,048d2f8811e5c5e9eca57526f68f0ab67be1b8cd5db0c79a5fe66b2fd7bbc2ee,groth16,bn128,compliance_1,1,28,0,2928,94092,11,890,108.5798,10.4728,0,1015,100,787107840,702644224,20,8.399648558704303,1,
locally_measured,2026-07-19T10:54:17.590Z,048d2f8811e5c5e9eca57526f68f0ab67be1b8cd5db0c79a5fe66b2fd7bbc2ee,groth16,bn128,compliance_1,1,29,0,2928,94092,11,890,150.259,11.6801,0,875,100,787107840,734822400,25,6.175160909255393,1,
locally_measured,2026-07-19T10:54:24.743Z,048d2f8811e5c5e9eca57526f68f0ab67be1b8cd5db0c79a5fe66b2fd7bbc2ee,groth16,bn128,compliance_2,2,0,1,3445,110668,11,887,195.6611,14.487,0,1344,100,787107840,2865827840,30,4.758548851976297,1,
locally_measured,2026-07-19T10:54:25.484Z,048d2f8811e5c5e9eca57526f68f0ab67be1b8cd5db0c79a5fe66b2fd7bbc2ee,groth16,bn128,compliance_2,2,1,1,3445,110668,11,892,185.0495,14.9577,0,1172,100,787107840,664293376,27,4.9998200064797675,1,
locally_measured,2026-07-19T10:54:26.211Z,048d2f8811e5c5e9eca57526f68f0ab67be1b8cd5db0c79a5fe66b2fd7bbc2ee,groth16,bn128,compliance_2,2,0,0,3445,110668,11,888,189.3617,13.7137,0,1360,100,787107840,709881856,30,4.924279356337597,1,
locally_measured,2026-07-19T10:54:27.040Z,048d2f8811e5c5e9eca57526f68f0ab67be1b8cd5db0c79a5fe66b2fd7bbc2ee,groth16,bn128,compliance_2,2,1,0,3445,110668,11,893,211.0298,19.073,0,1640,100,787107840,760668160,34,4.345883665909324,1,
locally_measured,2026-07-19T10:54:27.729Z,048d2f8811e5c5e9eca57526f68f0ab67be1b8cd5db0c79a5fe66b2fd7bbc2ee,groth16,bn128,compliance_2,2,2,0,3445,110668,11,890,200.5502,15.182,0,1626,100,787107840,760668160,32,4.635376638257989,1,
locally_measured,2026-07-19T10:54:28.378Z,048d2f8811e5c5e9eca57526f68f0ab67be1b8cd5db0c79a5fe66b2fd7bbc2ee,groth16,bn128,compliance_2,2,3,0,3445,110668,11,890,162.0841,14.7534,0,937,100,787107840,667860992,27,5.654909168021488,1,
locally_measured,2026-07-19T10:54:29.125Z,048d2f8811e5c5e9eca57526f68f0ab67be1b8cd5db0c79a5fe66b2fd7bbc2ee,groth16,bn128,compliance_2,2,4,0,3445,110668,11,890,166.6838,16.625,0,1532,100,787107840,703737856,29,5.455275469590113,1,
locally_measured,2026-07-19T10:54:29.803Z,048d2f8811e5c5e9eca57526f68f0ab67be1b8cd5db0c79a5fe66b2fd7bbc2ee,groth16,bn128,compliance_2,2,5,0,3445,110668,11,892,161.6843,26.8483,0,1203,100,787107840,769253376,29,5.304122470066185,1,
locally_measured,2026-07-19T10:54:30.481Z,048d2f8811e5c5e9eca57526f68f0ab67be1b8cd5db0c79a5fe66b2fd7bbc2ee,groth16,bn128,compliance_2,2,6,0,3445,110668,11,892,196.011,14.1653,0,1173,100,787107840,769253376,30,4.757910382854774,1,
locally_measured,2026-07-19T10:54:31.159Z,048d2f8811e5c5e9eca57526f68f0ab67be1b8cd5db0c79a5fe66b2fd7bbc2ee,groth16,bn128,compliance_2,2,7,0,3445,110668,11,892,160.2748,13.9813,0,1593,100,787107840,679268352,28,5.738680023253131,1,
locally_measured,2026-07-19T10:54:31.909Z,048d2f8811e5c5e9eca57526f68f0ab67be1b8cd5db0c79a5fe66b2fd7bbc2ee,groth16,bn128,compliance_2,2,8,0,3445,110668,11,891,184.5522,14.0324,0,1360,100,787107840,703795200,31,5.03563720449622,1,
locally_measured,2026-07-19T10:54:32.624Z,048d2f8811e5c5e9eca57526f68f0ab67be1b8cd5db0c79a5fe66b2fd7bbc2ee,groth16,bn128,compliance_2,2,9,0,3445,110668,11,891,211.231,15.6742,0,1562,100,787107840,761061376,33,4.407126852976485,1,
locally_measured,2026-07-19T10:54:33.258Z,048d2f8811e5c5e9eca57526f68f0ab67be1b8cd5db0c79a5fe66b2fd7bbc2ee,groth16,bn128,compliance_2,2,10,0,3445,110668,11,892,152.7819,17.3344,0,1187,100,787107840,761061376,29,5.878331470881979,1,
locally_measured,2026-07-19T10:54:33.864Z,048d2f8811e5c5e9eca57526f68f0ab67be1b8cd5db0c79a5fe66b2fd7bbc2ee,groth16,bn128,compliance_2,2,11,0,3445,110668,11,890,144.5453,14.0715,0,1157,100,787107840,708218880,27,6.304502423450731,1,
locally_measured,2026-07-19T10:54:34.543Z,048d2f8811e5c5e9eca57526f68f0ab67be1b8cd5db0c79a5fe66b2fd7bbc2ee,groth16,bn128,compliance_2,2,12,0,3445,110668,11,889,151.6295,14.3855,0,1156,100,787107840,723959808,27,6.023552088666686,1,
locally_measured,2026-07-19T10:54:35.216Z,048d2f8811e5c5e9eca57526f68f0ab67be1b8cd5db0c79a5fe66b2fd7bbc2ee,groth16,bn128,compliance_2,2,13,0,3445,110668,11,888,154.1844,13.4685,0,1078,100,787107840,723959808,27,5.96470445784117,1,
locally_measured,2026-07-19T10:54:35.850Z,048d2f8811e5c5e9eca57526f68f0ab67be1b8cd5db0c79a5fe66b2fd7bbc2ee,groth16,bn128,compliance_2,2,14,0,3445,110668,11,888,153.9994,21.7247,0,1546,100,787107840,721719296,28,5.6907390619727165,1,
locally_measured,2026-07-19T10:54:36.521Z,048d2f8811e5c5e9eca57526f68f0ab67be1b8cd5db0c79a5fe66b2fd7bbc2ee,groth16,bn128,compliance_2,2,15,0,3445,110668,11,889,169.7777,14.477,0,1485,100,787107840,693063680,27,5.427269969232806,1,
locally_measured,2026-07-19T10:54:37.202Z,048d2f8811e5c5e9eca57526f68f0ab67be1b8cd5db0c79a5fe66b2fd7bbc2ee,groth16,bn128,compliance_2,2,16,0,3445,110668,11,890,173.0199,14.6537,0,922,100,787107840,721317888,29,5.328399945437184,1,
locally_measured,2026-07-19T10:54:37.891Z,048d2f8811e5c5e9eca57526f68f0ab67be1b8cd5db0c79a5fe66b2fd7bbc2ee,groth16,bn128,compliance_2,2,17,0,3445,110668,11,891,202.8858,14.768,0,1765,100,787107840,721317888,34,4.5944522907479675,1,
locally_measured,2026-07-19T10:54:38.527Z,048d2f8811e5c5e9eca57526f68f0ab67be1b8cd5db0c79a5fe66b2fd7bbc2ee,groth16,bn128,compliance_2,2,18,0,3445,110668,11,893,170.4362,13.5308,0,1344,100,787107840,706560000,27,5.43575749998641,1,
locally_measured,2026-07-19T10:54:39.157Z,048d2f8811e5c5e9eca57526f68f0ab67be1b8cd5db0c79a5fe66b2fd7bbc2ee,groth16,bn128,compliance_2,2,19,0,3445,110668,11,893,153.5599,12.9971,0,1219,100,787107840,699752448,26,6.003950599494468,1,
locally_measured,2026-07-19T10:54:39.782Z,048d2f8811e5c5e9eca57526f68f0ab67be1b8cd5db0c79a5fe66b2fd7bbc2ee,groth16,bn128,compliance_2,2,20,0,3445,110668,11,890,153.2875,13.0928,0,1265,100,787107840,753074176,25,6.010326943754759,1,
locally_measured,2026-07-19T10:54:40.473Z,048d2f8811e5c5e9eca57526f68f0ab67be1b8cd5db0c79a5fe66b2fd7bbc2ee,groth16,bn128,compliance_2,2,21,0,3445,110668,11,890,191.8658,18.3831,0,1250,100,787107840,753086464,30,4.756267452528884,1,
locally_measured,2026-07-19T10:54:41.123Z,048d2f8811e5c5e9eca57526f68f0ab67be1b8cd5db0c79a5fe66b2fd7bbc2ee,groth16,bn128,compliance_2,2,22,0,3445,110668,11,891,165.604,14.1224,0,1641,100,787107840,709496832,28,5.5640128550953,1,
locally_measured,2026-07-19T10:54:41.778Z,048d2f8811e5c5e9eca57526f68f0ab67be1b8cd5db0c79a5fe66b2fd7bbc2ee,groth16,bn128,compliance_2,2,23,0,3445,110668,11,890,170.4658,14.4191,0,1375,100,787107840,719413248,27,5.408770537777828,1,
locally_measured,2026-07-19T10:54:42.453Z,048d2f8811e5c5e9eca57526f68f0ab67be1b8cd5db0c79a5fe66b2fd7bbc2ee,groth16,bn128,compliance_2,2,24,0,3445,110668,11,892,173.2316,15.2126,0,1390,100,787107840,778788864,29,5.306610657160051,1,
locally_measured,2026-07-19T10:54:43.097Z,048d2f8811e5c5e9eca57526f68f0ab67be1b8cd5db0c79a5fe66b2fd7bbc2ee,groth16,bn128,compliance_2,2,25,0,3445,110668,11,893,158.4929,14.1076,0,1157,100,787107840,778788864,28,5.7937259741426015,1,
locally_measured,2026-07-19T10:54:43.750Z,048d2f8811e5c5e9eca57526f68f0ab67be1b8cd5db0c79a5fe66b2fd7bbc2ee,groth16,bn128,compliance_2,2,26,0,3445,110668,11,891,157.7246,14.688,0,1280,100,787107840,728027136,27,5.800040136277743,1,
locally_measured,2026-07-19T10:54:44.386Z,048d2f8811e5c5e9eca57526f68f0ab67be1b8cd5db0c79a5fe66b2fd7bbc2ee,groth16,bn128,compliance_2,2,27,0,3445,110668,11,890,151.9835,13.631,0,1235,100,787107840,726020096,27,6.038118642993217,1,
locally_measured,2026-07-19T10:54:45.050Z,048d2f8811e5c5e9eca57526f68f0ab67be1b8cd5db0c79a5fe66b2fd7bbc2ee,groth16,bn128,compliance_2,2,28,0,3445,110668,11,893,159.4236,15.067,0,1312,100,787107840,772067328,27,5.730967742674964,1,
locally_measured,2026-07-19T10:54:45.676Z,048d2f8811e5c5e9eca57526f68f0ab67be1b8cd5db0c79a5fe66b2fd7bbc2ee,groth16,bn128,compliance_2,2,29,0,3445,110668,11,890,157.5147,13.7663,0,1219,100,787107840,772067328,27,5.838359187533936,1,
locally_measured,2026-07-19T10:54:55.321Z,048d2f8811e5c5e9eca57526f68f0ab67be1b8cd5db0c79a5fe66b2fd7bbc2ee,groth16,bn128,compliance_4,4,0,1,4479,143820,11,889,237.7677,20.6505,0,1750,100,787107840,2865094656,36,3.869696484225956,1,
locally_measured,2026-07-19T10:54:56.053Z,048d2f8811e5c5e9eca57526f68f0ab67be1b8cd5db0c79a5fe66b2fd7bbc2ee,groth16,bn128,compliance_4,4,1,1,4479,143820,11,890,238.7745,14.4254,0,1906,100,787107840,827183104,35,3.949448637223001,1,
locally_measured,2026-07-19T10:54:56.787Z,048d2f8811e5c5e9eca57526f68f0ab67be1b8cd5db0c79a5fe66b2fd7bbc2ee,groth16,bn128,compliance_4,4,0,0,4479,143820,11,889,258.0948,14.612,0,2093,100,787107840,827183104,37,3.666941931774345,1,
locally_measured,2026-07-19T10:54:57.550Z,048d2f8811e5c5e9eca57526f68f0ab67be1b8cd5db0c79a5fe66b2fd7bbc2ee,groth16,bn128,compliance_4,4,1,0,4479,143820,11,889,235.8531,19.4999,0,1470,100,787107840,741240832,35,3.916147450783817,1,
locally_measured,2026-07-19T10:54:58.400Z,048d2f8811e5c5e9eca57526f68f0ab67be1b8cd5db0c79a5fe66b2fd7bbc2ee,groth16,bn128,compliance_4,4,2,0,4479,143820,11,893,269.5681,22.7068,0,2172,100,787107840,786817024,42,3.4214364627273843,1,
locally_measured,2026-07-19T10:54:59.175Z,048d2f8811e5c5e9eca57526f68f0ab67be1b8cd5db0c79a5fe66b2fd7bbc2ee,groth16,bn128,compliance_4,4,3,0,4479,143820,11,890,246.7187,21.6737,0,1906,100,787107840,786817024,39,3.725887916349345,1,
locally_measured,2026-07-19T10:54:59.946Z,048d2f8811e5c5e9eca57526f68f0ab67be1b8cd5db0c79a5fe66b2fd7bbc2ee,groth16,bn128,compliance_4,4,4,0,4479,143820,11,888,271.5866,15.6421,0,1875,100,787107840,758448128,37,3.4815462382415125,1,
locally_measured,2026-07-19T10:55:00.714Z,048d2f8811e5c5e9eca57526f68f0ab67be1b8cd5db0c79a5fe66b2fd7bbc2ee,groth16,bn128,compliance_4,4,5,0,4479,143820,11,890,254.5154,20.1742,0,2094,100,787107840,779718656,38,3.640472737227766,1,
locally_measured,2026-07-19T10:55:01.438Z,048d2f8811e5c5e9eca57526f68f0ab67be1b8cd5db0c79a5fe66b2fd7bbc2ee,groth16,bn128,compliance_4,4,6,0,4479,143820,11,890,233.1597,19.6805,0,1874,100,787107840,787095552,36,3.9550672717392255,1,
locally_measured,2026-07-19T10:55:02.156Z,048d2f8811e5c5e9eca57526f68f0ab67be1b8cd5db0c79a5fe66b2fd7bbc2ee,groth16,bn128,compliance_4,4,7,0,4479,143820,11,891,231.0175,14.1546,0,2125,100,787107840,787095552,35,4.078767526973909,1,
locally_measured,2026-07-19T10:55:02.907Z,048d2f8811e5c5e9eca57526f68f0ab67be1b8cd5db0c79a5fe66b2fd7bbc2ee,groth16,bn128,compliance_4,4,8,0,4479,143820,11,888,237.205,14.9484,0,2048,100,787107840,818888704,37,3.965839841937487,1,
locally_measured,2026-07-19T10:55:03.715Z,048d2f8811e5c5e9eca57526f68f0ab67be1b8cd5db0c79a5fe66b2fd7bbc2ee,groth16,bn128,compliance_4,4,9,0,4479,143820,11,889,276.4309,14.9286,0,2031,100,787107840,818888704,39,3.4321860107530386,1,
locally_measured,2026-07-19T10:55:04.507Z,048d2f8811e5c5e9eca57526f68f0ab67be1b8cd5db0c79a5fe66b2fd7bbc2ee,groth16,bn128,compliance_4,4,10,0,4479,143820,11,887,249.4981,15.0963,0,1968,100,787107840,796459008,36,3.779369480230874,1,
locally_measured,2026-07-19T10:55:05.316Z,048d2f8811e5c5e9eca57526f68f0ab67be1b8cd5db0c79a5fe66b2fd7bbc2ee,groth16,bn128,compliance_4,4,11,0,4479,143820,11,889,252.8874,15.9879,0,2048,100,787107840,774979584,39,3.719196222189245,1,
locally_measured,2026-07-19T10:55:06.107Z,048d2f8811e5c5e9eca57526f68f0ab67be1b8cd5db0c79a5fe66b2fd7bbc2ee,groth16,bn128,compliance_4,4,12,0,4479,143820,11,889,254.3607,21.4962,0,1781,100,787107840,808456192,39,3.6250679247102395,1,
locally_measured,2026-07-19T10:55:06.850Z,048d2f8811e5c5e9eca57526f68f0ab67be1b8cd5db0c79a5fe66b2fd7bbc2ee,groth16,bn128,compliance_4,4,13,0,4479,143820,11,889,243.6332,16.4179,0,2078,100,787107840,808456192,37,3.845398077531686,1,
locally_measured,2026-07-19T10:55:07.596Z,048d2f8811e5c5e9eca57526f68f0ab67be1b8cd5db0c79a5fe66b2fd7bbc2ee,groth16,bn128,compliance_4,4,14,0,4479,143820,11,890,231.9413,16.6125,0,1672,100,787107840,782868480,34,4.023273834477686,1,
locally_measured,2026-07-19T10:55:08.342Z,048d2f8811e5c5e9eca57526f68f0ab67be1b8cd5db0c79a5fe66b2fd7bbc2ee,groth16,bn128,compliance_4,4,15,0,4479,143820,11,888,240.3961,19.7734,0,1796,100,787107840,788267008,38,3.8436480832687927,1,
locally_measured,2026-07-19T10:55:09.144Z,048d2f8811e5c5e9eca57526f68f0ab67be1b8cd5db0c79a5fe66b2fd7bbc2ee,groth16,bn128,compliance_4,4,16,0,4479,143820,11,889,248.3567,20.6383,0,1953,100,787107840,788267008,39,3.717541218238257,1,
locally_measured,2026-07-19T10:55:09.978Z,048d2f8811e5c5e9eca57526f68f0ab67be1b8cd5db0c79a5fe66b2fd7bbc2ee,groth16,bn128,compliance_4,4,17,0,4479,143820,11,889,281.7906,22.2525,0,2063,100,787107840,779132928,41,3.2890073808614635,1,
locally_measured,2026-07-19T10:55:10.738Z,048d2f8811e5c5e9eca57526f68f0ab67be1b8cd5db0c79a5fe66b2fd7bbc2ee,groth16,bn128,compliance_4,4,18,0,4479,143820,11,890,237.2276,19.3606,0,1921,100,787107840,770043904,37,3.897295354969559,1,
locally_measured,2026-07-19T10:55:11.474Z,048d2f8811e5c5e9eca57526f68f0ab67be1b8cd5db0c79a5fe66b2fd7bbc2ee,groth16,bn128,compliance_4,4,19,0,4479,143820,11,890,237.721,20.757,0,2203,100,787107840,770043904,37,3.8688012132560603,1,
locally_measured,2026-07-19T10:55:12.212Z,048d2f8811e5c5e9eca57526f68f0ab67be1b8cd5db0c79a5fe66b2fd7bbc2ee,groth16,bn128,compliance_4,4,20,0,4479,143820,11,890,233.1408,21.3761,0,2281,100,787107840,766963712,38,3.929012179544855,1,
locally_measured,2026-07-19T10:55:12.931Z,048d2f8811e5c5e9eca57526f68f0ab67be1b8cd5db0c79a5fe66b2fd7bbc2ee,groth16,bn128,compliance_4,4,21,0,4479,143820,11,892,226.7857,14.8385,0,1735,100,787107840,784838656,34,4.138658296644127,1,
locally_measured,2026-07-19T10:55:13.684Z,048d2f8811e5c5e9eca57526f68f0ab67be1b8cd5db0c79a5fe66b2fd7bbc2ee,groth16,bn128,compliance_4,4,22,0,4479,143820,11,889,232.9517,17.3663,0,1844,100,787107840,784838656,34,3.9949184637141557,1,
locally_measured,2026-07-19T10:55:14.490Z,048d2f8811e5c5e9eca57526f68f0ab67be1b8cd5db0c79a5fe66b2fd7bbc2ee,groth16,bn128,compliance_4,4,23,0,4479,143820,11,893,250.2185,18.7945,0,2110,100,787107840,773808128,38,3.717292472854471,1,
locally_measured,2026-07-19T10:55:15.275Z,048d2f8811e5c5e9eca57526f68f0ab67be1b8cd5db0c79a5fe66b2fd7bbc2ee,groth16,bn128,compliance_4,4,24,0,4479,143820,11,889,233.1358,17.4429,0,2281,100,787107840,773808128,35,3.9907621836971776,1,
locally_measured,2026-07-19T10:55:16.070Z,048d2f8811e5c5e9eca57526f68f0ab67be1b8cd5db0c79a5fe66b2fd7bbc2ee,groth16,bn128,compliance_4,4,25,0,4479,143820,11,888,245.0766,16.5066,0,2312,100,787107840,801521664,38,3.822875475183421,1,
locally_measured,2026-07-19T10:55:16.842Z,048d2f8811e5c5e9eca57526f68f0ab67be1b8cd5db0c79a5fe66b2fd7bbc2ee,groth16,bn128,compliance_4,4,26,0,4479,143820,11,892,236.2995,20.4143,0,1766,100,787107840,801521664,34,3.895388561113583,1,
locally_measured,2026-07-19T10:55:17.642Z,048d2f8811e5c5e9eca57526f68f0ab67be1b8cd5db0c79a5fe66b2fd7bbc2ee,groth16,bn128,compliance_4,4,27,0,4479,143820,11,892,258.4842,21.7981,0,2172,100,787107840,788422656,39,3.5678314328089935,1,
locally_measured,2026-07-19T10:55:18.412Z,048d2f8811e5c5e9eca57526f68f0ab67be1b8cd5db0c79a5fe66b2fd7bbc2ee,groth16,bn128,compliance_4,4,28,0,4479,143820,11,890,239.7984,15.9441,0,1516,100,787107840,778543104,37,3.910183094323392,1,
locally_measured,2026-07-19T10:55:19.093Z,048d2f8811e5c5e9eca57526f68f0ab67be1b8cd5db0c79a5fe66b2fd7bbc2ee,groth16,bn128,compliance_4,4,29,0,4479,143820,11,890,187.1379,13.8383,0,1374,100,787107840,816009216,29,4.975713542200519,1,
locally_measured,2026-07-19T10:55:27.151Z,048d2f8811e5c5e9eca57526f68f0ab67be1b8cd5db0c79a5fe66b2fd7bbc2ee,groth16,bn128,compliance_6,6,0,1,5513,176972,11,891,236.9654,16.5563,0,1937,100,787107840,2965078016,32,3.944435525637451,1,
locally_measured,2026-07-19T10:55:27.807Z,048d2f8811e5c5e9eca57526f68f0ab67be1b8cd5db0c79a5fe66b2fd7bbc2ee,groth16,bn128,compliance_6,6,1,1,5513,176972,11,890,220.1703,15.603,0,1719,100,787107840,836313088,30,4.241362359520777,1,
locally_measured,2026-07-19T10:55:28.525Z,048d2f8811e5c5e9eca57526f68f0ab67be1b8cd5db0c79a5fe66b2fd7bbc2ee,groth16,bn128,compliance_6,6,0,0,5513,176972,11,891,268.4172,11.3656,0,1922,100,787107840,836313088,40,3.574201130305366,1,
locally_measured,2026-07-19T10:55:29.173Z,048d2f8811e5c5e9eca57526f68f0ab67be1b8cd5db0c79a5fe66b2fd7bbc2ee,groth16,bn128,compliance_6,6,1,0,5513,176972,11,892,209.8859,13.6266,0,1749,100,787107840,790093824,30,4.474022705665232,1,
locally_measured,2026-07-19T10:55:29.859Z,048d2f8811e5c5e9eca57526f68f0ab67be1b8cd5db0c79a5fe66b2fd7bbc2ee,groth16,bn128,compliance_6,6,2,0,5513,176972,11,891,234.3824,15.2349,0,1673,100,787107840,796078080,35,4.006132587765351,1,
locally_measured,2026-07-19T10:55:30.603Z,048d2f8811e5c5e9eca57526f68f0ab67be1b8cd5db0c79a5fe66b2fd7bbc2ee,groth16,bn128,compliance_6,6,3,0,5513,176972,11,891,254.4307,13.7876,0,2000,100,787107840,846430208,38,3.728306383270642,1,
locally_measured,2026-07-19T10:55:31.416Z,048d2f8811e5c5e9eca57526f68f0ab67be1b8cd5db0c79a5fe66b2fd7bbc2ee,groth16,bn128,compliance_6,6,4,0,5513,176972,11,890,286.5426,14.798,0,1937,100,787107840,846430208,39,3.3185040449245804,1,
locally_measured,2026-07-19T10:55:32.229Z,048d2f8811e5c5e9eca57526f68f0ab67be1b8cd5db0c79a5fe66b2fd7bbc2ee,groth16,bn128,compliance_6,6,5,0,5513,176972,11,891,280.6756,18.0369,0,2531,100,787107840,850087936,40,3.347700548185965,1,
locally_measured,2026-07-19T10:55:32.994Z,048d2f8811e5c5e9eca57526f68f0ab67be1b8cd5db0c79a5fe66b2fd7bbc2ee,groth16,bn128,compliance_6,6,6,0,5513,176972,11,888,263.0715,21.379,0,2250,100,787107840,850087936,41,3.5155501572329806,1,
locally_measured,2026-07-19T10:55:33.772Z,048d2f8811e5c5e9eca57526f68f0ab67be1b8cd5db0c79a5fe66b2fd7bbc2ee,groth16,bn128,compliance_6,6,7,0,5513,176972,11,889,261.8101,14.0346,0,2141,100,787107840,820596736,39,3.625228253433907,1,
locally_measured,2026-07-19T10:55:34.510Z,048d2f8811e5c5e9eca57526f68f0ab67be1b8cd5db0c79a5fe66b2fd7bbc2ee,groth16,bn128,compliance_6,6,8,0,5513,176972,11,890,247.3506,19.0678,0,2031,100,787107840,820596736,38,3.7534945033826497,1,
locally_measured,2026-07-19T10:55:35.284Z,048d2f8811e5c5e9eca57526f68f0ab67be1b8cd5db0c79a5fe66b2fd7bbc2ee,groth16,bn128,compliance_6,6,9,0,5513,176972,11,891,254.1533,20.6064,0,2047,100,787107840,827842560,37,3.639543936028464,1,
locally_measured,2026-07-19T10:55:36.105Z,048d2f8811e5c5e9eca57526f68f0ab67be1b8cd5db0c79a5fe66b2fd7bbc2ee,groth16,bn128,compliance_6,6,10,0,5513,176972,11,891,266.0681,14.7721,0,2578,100,787107840,827842560,40,3.5607437966501942,1,
locally_measured,2026-07-19T10:55:36.925Z,048d2f8811e5c5e9eca57526f68f0ab67be1b8cd5db0c79a5fe66b2fd7bbc2ee,groth16,bn128,compliance_6,6,11,0,5513,176972,11,892,287.6477,22.6915,0,2016,100,787107840,811728896,42,3.2222806529113948,1,
locally_measured,2026-07-19T10:55:37.677Z,048d2f8811e5c5e9eca57526f68f0ab67be1b8cd5db0c79a5fe66b2fd7bbc2ee,groth16,bn128,compliance_6,6,12,0,5513,176972,11,888,253.7461,19.2429,0,2078,100,787107840,792031232,36,3.663151262505082,1,
locally_measured,2026-07-19T10:55:38.402Z,048d2f8811e5c5e9eca57526f68f0ab67be1b8cd5db0c79a5fe66b2fd7bbc2ee,groth16,bn128,compliance_6,6,13,0,5513,176972,11,891,244.4698,18.7753,0,2077,100,787107840,792031232,35,3.798741173150042,1,
locally_measured,2026-07-19T10:55:39.147Z,048d2f8811e5c5e9eca57526f68f0ab67be1b8cd5db0c79a5fe66b2fd7bbc2ee,groth16,bn128,compliance_6,6,14,0,5513,176972,11,890,255.4693,21.3288,0,2047,100,787107840,788774912,38,3.61274156144858,1,
locally_measured,2026-07-19T10:55:39.906Z,048d2f8811e5c5e9eca57526f68f0ab67be1b8cd5db0c79a5fe66b2fd7bbc2ee,groth16,bn128,compliance_6,6,15,0,5513,176972,11,890,259.3446,21.0581,0,2187,100,787107840,823058432,40,3.566299468585716,1,
locally_measured,2026-07-19T10:55:40.711Z,048d2f8811e5c5e9eca57526f68f0ab67be1b8cd5db0c79a5fe66b2fd7bbc2ee,groth16,bn128,compliance_6,6,16,0,5513,176972,11,893,281.6728,17.717,0,2562,100,787107840,823058432,39,3.340127151960421,1,
locally_measured,2026-07-19T10:55:41.518Z,048d2f8811e5c5e9eca57526f68f0ab67be1b8cd5db0c79a5fe66b2fd7bbc2ee,groth16,bn128,compliance_6,6,17,0,5513,176972,11,893,279.9135,14.3805,0,2359,100,787107840,809283584,42,3.397962581636051,1,
locally_measured,2026-07-19T10:55:42.333Z,048d2f8811e5c5e9eca57526f68f0ab67be1b8cd5db0c79a5fe66b2fd7bbc2ee,groth16,bn128,compliance_6,6,18,0,5513,176972,11,887,281.3757,19.591,0,2469,100,787107840,844627968,42,3.3226267224912256,1,
locally_measured,2026-07-19T10:55:43.099Z,048d2f8811e5c5e9eca57526f68f0ab67be1b8cd5db0c79a5fe66b2fd7bbc2ee,groth16,bn128,compliance_6,6,19,0,5513,176972,11,886,259.566,19.8644,0,2046,100,787107840,844627968,39,3.5787086873869134,1,
locally_measured,2026-07-19T10:55:43.841Z,048d2f8811e5c5e9eca57526f68f0ab67be1b8cd5db0c79a5fe66b2fd7bbc2ee,groth16,bn128,compliance_6,6,20,0,5513,176972,11,888,250.6889,16.478,0,2126,100,787107840,810082304,37,3.7429786399437956,1,
locally_measured,2026-07-19T10:55:44.610Z,048d2f8811e5c5e9eca57526f68f0ab67be1b8cd5db0c79a5fe66b2fd7bbc2ee,groth16,bn128,compliance_6,6,21,0,5513,176972,11,888,274.3016,19.5584,0,1984,100,787107840,828956672,40,3.402981011365956,1,
locally_measured,2026-07-19T10:55:45.370Z,048d2f8811e5c5e9eca57526f68f0ab67be1b8cd5db0c79a5fe66b2fd7bbc2ee,groth16,bn128,compliance_6,6,22,0,5513,176972,11,888,266.4808,16.6479,0,2032,100,787107840,828956672,39,3.531962672805689,1,
locally_measured,2026-07-19T10:55:46.138Z,048d2f8811e5c5e9eca57526f68f0ab67be1b8cd5db0c79a5fe66b2fd7bbc2ee,groth16,bn128,compliance_6,6,23,0,5513,176972,11,890,277.9554,15.7134,0,2110,100,787107840,826880000,39,3.405196602431038,1,
locally_measured,2026-07-19T10:55:46.908Z,048d2f8811e5c5e9eca57526f68f0ab67be1b8cd5db0c79a5fe66b2fd7bbc2ee,groth16,bn128,compliance_6,6,24,0,5513,176972,11,890,250.7721,18.0902,0,2031,100,787107840,820334592,37,3.719376052350962,1,
locally_measured,2026-07-19T10:55:47.825Z,048d2f8811e5c5e9eca57526f68f0ab67be1b8cd5db0c79a5fe66b2fd7bbc2ee,groth16,bn128,compliance_6,6,25,0,5513,176972,11,888,309.0493,22.9154,0,2422,100,787107840,820334592,45,3.01236848375746,1,
locally_measured,2026-07-19T10:55:48.641Z,048d2f8811e5c5e9eca57526f68f0ab67be1b8cd5db0c79a5fe66b2fd7bbc2ee,groth16,bn128,compliance_6,6,26,0,5513,176972,11,890,299.448,13.9987,0,1875,100,787107840,844161024,38,3.190335071321536,1,
locally_measured,2026-07-19T10:55:49.371Z,048d2f8811e5c5e9eca57526f68f0ab67be1b8cd5db0c79a5fe66b2fd7bbc2ee,groth16,bn128,compliance_6,6,27,0,5513,176972,11,891,236.6239,15.9505,0,1875,100,787107840,844161024,34,3.9592294389296776,1,
locally_measured,2026-07-19T10:55:50.081Z,048d2f8811e5c5e9eca57526f68f0ab67be1b8cd5db0c79a5fe66b2fd7bbc2ee,groth16,bn128,compliance_6,6,28,0,5513,176972,11,890,204.649,15.4421,0,1562,100,787107840,807718912,31,4.543573093141885,1,
locally_measured,2026-07-19T10:55:50.701Z,048d2f8811e5c5e9eca57526f68f0ab67be1b8cd5db0c79a5fe66b2fd7bbc2ee,groth16,bn128,compliance_6,6,29,0,5513,176972,11,884,191.3366,11.8018,0,1641,100,787107840,808763392,31,4.922752172902809,1,
locally_measured,2026-07-19T10:55:59.385Z,048d2f8811e5c5e9eca57526f68f0ab67be1b8cd5db0c79a5fe66b2fd7bbc2ee,groth16,bn128,compliance_8,8,0,1,6547,210124,11,890,239.469,10.3128,0,2000,100,787107840,2956677120,36,4.003494249781209,1,
locally_measured,2026-07-19T10:56:00.034Z,048d2f8811e5c5e9eca57526f68f0ab67be1b8cd5db0c79a5fe66b2fd7bbc2ee,groth16,bn128,compliance_8,8,1,1,6547,210124,11,890,217.8582,10.6924,0,1718,100,787107840,834650112,31,4.375398708207285,1,
locally_measured,2026-07-19T10:56:00.689Z,048d2f8811e5c5e9eca57526f68f0ab67be1b8cd5db0c79a5fe66b2fd7bbc2ee,groth16,bn128,compliance_8,8,0,0,6547,210124,11,889,219.0924,9.228,0,1907,100,787107840,830775296,34,4.379810126471397,1,
locally_measured,2026-07-19T10:56:01.349Z,048d2f8811e5c5e9eca57526f68f0ab67be1b8cd5db0c79a5fe66b2fd7bbc2ee,groth16,bn128,compliance_8,8,1,0,6547,210124,11,888,232.9004,12.0716,0,1484,100,787107840,830775296,34,4.082099178681646,1,
locally_measured,2026-07-19T10:56:01.981Z,048d2f8811e5c5e9eca57526f68f0ab67be1b8cd5db0c79a5fe66b2fd7bbc2ee,groth16,bn128,compliance_8,8,2,0,6547,210124,11,892,211.1503,11.6705,0,1797,100,787107840,829468672,30,4.487911361955437,1,
locally_measured,2026-07-19T10:56:02.641Z,048d2f8811e5c5e9eca57526f68f0ab67be1b8cd5db0c79a5fe66b2fd7bbc2ee,groth16,bn128,compliance_8,8,3,0,6547,210124,11,891,215.5183,14.896,0,1547,100,787107840,829530112,34,4.3400084109363,1,
locally_measured,2026-07-19T10:56:03.327Z,048d2f8811e5c5e9eca57526f68f0ab67be1b8cd5db0c79a5fe66b2fd7bbc2ee,groth16,bn128,compliance_8,8,4,0,6547,210124,11,890,223.7036,12.948,0,1797,100,787107840,825122816,35,4.225621124049024,1,
locally_measured,2026-07-19T10:56:04.029Z,048d2f8811e5c5e9eca57526f68f0ab67be1b8cd5db0c79a5fe66b2fd7bbc2ee,groth16,bn128,compliance_8,8,5,0,6547,210124,11,890,216.8888,9.5495,0,1609,100,787107840,860123136,33,4.4162140415291935,1,
locally_measured,2026-07-19T10:56:04.688Z,048d2f8811e5c5e9eca57526f68f0ab67be1b8cd5db0c79a5fe66b2fd7bbc2ee,groth16,bn128,compliance_8,8,6,0,6547,210124,11,892,212.4795,14.458,0,1547,100,787107840,860123136,34,4.406499586890663,1,
locally_measured,2026-07-19T10:56:05.359Z,048d2f8811e5c5e9eca57526f68f0ab67be1b8cd5db0c79a5fe66b2fd7bbc2ee,groth16,bn128,compliance_8,8,7,0,6547,210124,11,890,235.3428,15.1155,0,1922,100,787107840,835596288,35,3.9926806178912817,1,
locally_measured,2026-07-19T10:56:06.044Z,048d2f8811e5c5e9eca57526f68f0ab67be1b8cd5db0c79a5fe66b2fd7bbc2ee,groth16,bn128,compliance_8,8,8,0,6547,210124,11,891,235.4617,13.5487,0,1953,100,787107840,835596288,33,4.015896524803783,1,
locally_measured,2026-07-19T10:56:06.692Z,048d2f8811e5c5e9eca57526f68f0ab67be1b8cd5db0c79a5fe66b2fd7bbc2ee,groth16,bn128,compliance_8,8,9,0,6547,210124,11,891,223.5823,16.0411,0,1953,100,787107840,832352256,33,4.173215136752087,1,
locally_measured,2026-07-19T10:56:07.348Z,048d2f8811e5c5e9eca57526f68f0ab67be1b8cd5db0c79a5fe66b2fd7bbc2ee,groth16,bn128,compliance_8,8,10,0,6547,210124,11,889,225.5011,16.8847,0,1594,100,787107840,831930368,33,4.1256542256188276,1,
locally_measured,2026-07-19T10:56:08.005Z,048d2f8811e5c5e9eca57526f68f0ab67be1b8cd5db0c79a5fe66b2fd7bbc2ee,groth16,bn128,compliance_8,8,11,0,6547,210124,11,890,226.1739,13.7971,0,1891,100,787107840,851902464,36,4.1671701997324675,1,
locally_measured,2026-07-19T10:56:08.668Z,048d2f8811e5c5e9eca57526f68f0ab67be1b8cd5db0c79a5fe66b2fd7bbc2ee,groth16,bn128,compliance_8,8,12,0,6547,210124,11,890,228.2638,13.5918,0,1937,100,787107840,851902464,33,4.1346985556671,1,
locally_measured,2026-07-19T10:56:09.333Z,048d2f8811e5c5e9eca57526f68f0ab67be1b8cd5db0c79a5fe66b2fd7bbc2ee,groth16,bn128,compliance_8,8,13,0,6547,210124,11,890,228.7314,10.8096,0,1875,100,787107840,851873792,31,4.17465068610384,1,
locally_measured,2026-07-19T10:56:10.001Z,048d2f8811e5c5e9eca57526f68f0ab67be1b8cd5db0c79a5fe66b2fd7bbc2ee,groth16,bn128,compliance_8,8,14,0,6547,210124,11,891,225.0743,12.7099,0,1875,100,787107840,851873792,32,4.20549388899683,1,
locally_measured,2026-07-19T10:56:10.658Z,048d2f8811e5c5e9eca57526f68f0ab67be1b8cd5db0c79a5fe66b2fd7bbc2ee,groth16,bn128,compliance_8,8,15,0,6547,210124,11,892,229.3825,13.257,0,2109,100,787107840,841674752,34,4.121340507213376,1,
locally_measured,2026-07-19T10:56:11.304Z,048d2f8811e5c5e9eca57526f68f0ab67be1b8cd5db0c79a5fe66b2fd7bbc2ee,groth16,bn128,compliance_8,8,16,0,6547,210124,11,887,226.9169,12.7068,0,1906,100,787107840,801464320,33,4.173209912041255,1,
locally_measured,2026-07-19T10:56:11.949Z,048d2f8811e5c5e9eca57526f68f0ab67be1b8cd5db0c79a5fe66b2fd7bbc2ee,groth16,bn128,compliance_8,8,17,0,6547,210124,11,890,223.17,12.5822,0,1922,100,787107840,838385664,30,4.24174196465611,1,
locally_measured,2026-07-19T10:56:12.616Z,048d2f8811e5c5e9eca57526f68f0ab67be1b8cd5db0c79a5fe66b2fd7bbc2ee,groth16,bn128,compliance_8,8,18,0,6547,210124,11,888,235.9772,15.2306,0,2297,100,787107840,838385664,33,3.9807681130920294,1,
locally_measured,2026-07-19T10:56:13.276Z,048d2f8811e5c5e9eca57526f68f0ab67be1b8cd5db0c79a5fe66b2fd7bbc2ee,groth16,bn128,compliance_8,8,19,0,6547,210124,11,887,221.6148,15.8329,0,1875,100,787107840,858128384,33,4.211453722230201,1,
locally_measured,2026-07-19T10:56:13.952Z,048d2f8811e5c5e9eca57526f68f0ab67be1b8cd5db0c79a5fe66b2fd7bbc2ee,groth16,bn128,compliance_8,8,20,0,6547,210124,11,892,238.7234,11.5581,0,1969,100,787107840,858128384,33,3.9955010657999095,1,
locally_measured,2026-07-19T10:56:14.743Z,048d2f8811e5c5e9eca57526f68f0ab67be1b8cd5db0c79a5fe66b2fd7bbc2ee,groth16,bn128,compliance_8,8,21,0,6547,210124,11,891,268.5798,16.957,0,1781,100,787107840,854224896,39,3.5021755514525625,1,
locally_measured,2026-07-19T10:56:15.433Z,048d2f8811e5c5e9eca57526f68f0ab67be1b8cd5db0c79a5fe66b2fd7bbc2ee,groth16,bn128,compliance_8,8,22,0,6547,210124,11,890,212.7424,12.7379,0,1578,100,787107840,854224896,32,4.434977246349238,1,
locally_measured,2026-07-19T10:56:16.139Z,048d2f8811e5c5e9eca57526f68f0ab67be1b8cd5db0c79a5fe66b2fd7bbc2ee,groth16,bn128,compliance_8,8,23,0,6547,210124,11,887,252.0614,12.167,0,2017,100,787107840,832630784,34,3.7846045315340824,1,
locally_measured,2026-07-19T10:56:16.780Z,048d2f8811e5c5e9eca57526f68f0ab67be1b8cd5db0c79a5fe66b2fd7bbc2ee,groth16,bn128,compliance_8,8,24,0,6547,210124,11,887,208.31,14.7612,0,1562,100,787107840,871178240,31,4.482873629585531,1,
locally_measured,2026-07-19T10:56:17.414Z,048d2f8811e5c5e9eca57526f68f0ab67be1b8cd5db0c79a5fe66b2fd7bbc2ee,groth16,bn128,compliance_8,8,25,0,6547,210124,11,889,205.141,11.4664,0,1985,100,787107840,871178240,30,4.616647446024467,1,
locally_measured,2026-07-19T10:56:18.059Z,048d2f8811e5c5e9eca57526f68f0ab67be1b8cd5db0c79a5fe66b2fd7bbc2ee,groth16,bn128,compliance_8,8,26,0,6547,210124,11,889,208.7269,11.8358,0,2063,100,787107840,831946752,32,4.533858172755411,1,
locally_measured,2026-07-19T10:56:18.691Z,048d2f8811e5c5e9eca57526f68f0ab67be1b8cd5db0c79a5fe66b2fd7bbc2ee,groth16,bn128,compliance_8,8,27,0,6547,210124,11,890,205.0052,13.2837,0,2219,100,787107840,830935040,31,4.58108497500331,1,
locally_measured,2026-07-19T10:56:19.360Z,048d2f8811e5c5e9eca57526f68f0ab67be1b8cd5db0c79a5fe66b2fd7bbc2ee,groth16,bn128,compliance_8,8,28,0,6547,210124,11,893,223.6197,13.2281,0,1764,100,787107840,840847360,35,4.222120703675525,1,
locally_measured,2026-07-19T10:56:20.023Z,048d2f8811e5c5e9eca57526f68f0ab67be1b8cd5db0c79a5fe66b2fd7bbc2ee,groth16,bn128,compliance_8,8,29,0,6547,210124,11,889,214.6673,13.5382,0,1923,100,787107840,840847360,34,4.382015332671649,1,
locally_measured,2026-07-19T10:56:29.298Z,048d2f8811e5c5e9eca57526f68f0ab67be1b8cd5db0c79a5fe66b2fd7bbc2ee,groth16,bn128,compliance_10,10,0,1,7581,243276,11,890,258.3488,10.0616,0,2656,100,787107840,2982404096,34,3.725638052772918,1,
locally_measured,2026-07-19T10:56:30.178Z,048d2f8811e5c5e9eca57526f68f0ab67be1b8cd5db0c79a5fe66b2fd7bbc2ee,groth16,bn128,compliance_10,10,1,1,7581,243276,11,889,349.8866,13.499,0,2438,100,787107840,849305600,42,2.7518977086598917,1,
locally_measured,2026-07-19T10:56:30.973Z,048d2f8811e5c5e9eca57526f68f0ab67be1b8cd5db0c79a5fe66b2fd7bbc2ee,groth16,bn128,compliance_10,10,0,0,7581,243276,11,888,303.1848,12.1597,0,2155,100,787107840,849305600,38,3.171135060227783,1,
locally_measured,2026-07-19T10:56:31.830Z,048d2f8811e5c5e9eca57526f68f0ab67be1b8cd5db0c79a5fe66b2fd7bbc2ee,groth16,bn128,compliance_10,10,1,0,7581,243276,11,890,351.5896,18.197,0,2719,100,787107840,806428672,46,2.7042624043164354,1,
locally_measured,2026-07-19T10:56:33.011Z,048d2f8811e5c5e9eca57526f68f0ab67be1b8cd5db0c79a5fe66b2fd7bbc2ee,groth16,bn128,compliance_10,10,2,0,7581,243276,11,892,410.8682,24.9575,0,2359,100,787107840,824741888,49,2.294495253492394,1,
locally_measured,2026-07-19T10:56:34.223Z,048d2f8811e5c5e9eca57526f68f0ab67be1b8cd5db0c79a5fe66b2fd7bbc2ee,groth16,bn128,compliance_10,10,3,0,7581,243276,11,891,466.9656,26.0663,0,2468,100,787107840,840282112,51,2.0282663251607045,1,
locally_measured,2026-07-19T10:56:35.191Z,048d2f8811e5c5e9eca57526f68f0ab67be1b8cd5db0c79a5fe66b2fd7bbc2ee,groth16,bn128,compliance_10,10,4,0,7581,243276,11,888,346.569,18.8913,0,2407,100,787107840,840282112,44,2.7362753218338627,1,
locally_measured,2026-07-19T10:56:36.111Z,048d2f8811e5c5e9eca57526f68f0ab67be1b8cd5db0c79a5fe66b2fd7bbc2ee,groth16,bn128,compliance_10,10,5,0,7581,243276,11,892,333.6806,21.849,0,2312,100,787107840,843837440,45,2.8127053274889064,1,
locally_measured,2026-07-19T10:56:36.903Z,048d2f8811e5c5e9eca57526f68f0ab67be1b8cd5db0c79a5fe66b2fd7bbc2ee,groth16,bn128,compliance_10,10,6,0,7581,243276,11,889,283.8424,13.5327,0,2266,100,787107840,848359424,42,3.362756330304723,1,
locally_measured,2026-07-19T10:56:37.733Z,048d2f8811e5c5e9eca57526f68f0ab67be1b8cd5db0c79a5fe66b2fd7bbc2ee,groth16,bn128,compliance_10,10,7,0,7581,243276,11,892,293.5712,11.4012,0,2280,100,787107840,848359424,42,3.278985245877988,1,
locally_measured,2026-07-19T10:56:38.740Z,048d2f8811e5c5e9eca57526f68f0ab67be1b8cd5db0c79a5fe66b2fd7bbc2ee,groth16,bn128,compliance_10,10,8,0,7581,243276,11,886,335.909,18.1411,0,2219,100,787107840,842756096,46,2.824459024301928,1,
locally_measured,2026-07-19T10:56:39.485Z,048d2f8811e5c5e9eca57526f68f0ab67be1b8cd5db0c79a5fe66b2fd7bbc2ee,groth16,bn128,compliance_10,10,9,0,7581,243276,11,890,269.2962,11.3264,0,2016,100,787107840,852291584,38,3.563504863827789,1,
locally_measured,2026-07-19T10:56:40.266Z,048d2f8811e5c5e9eca57526f68f0ab67be1b8cd5db0c79a5fe66b2fd7bbc2ee,groth16,bn128,compliance_10,10,10,0,7581,243276,11,891,318.3418,11.416,0,2515,100,787107840,852291584,41,3.032528722595796,1,
locally_measured,2026-07-19T10:56:41.024Z,048d2f8811e5c5e9eca57526f68f0ab67be1b8cd5db0c79a5fe66b2fd7bbc2ee,groth16,bn128,compliance_10,10,11,0,7581,243276,11,892,277.2183,16.668,0,2438,100,787107840,801042432,37,3.4026764772634857,1,
locally_measured,2026-07-19T10:56:41.791Z,048d2f8811e5c5e9eca57526f68f0ab67be1b8cd5db0c79a5fe66b2fd7bbc2ee,groth16,bn128,compliance_10,10,12,0,7581,243276,11,888,288.4978,14.6547,0,2235,100,787107840,859271168,39,3.298669811398554,1,
locally_measured,2026-07-19T10:56:42.520Z,048d2f8811e5c5e9eca57526f68f0ab67be1b8cd5db0c79a5fe66b2fd7bbc2ee,groth16,bn128,compliance_10,10,13,0,7581,243276,11,889,262.3685,15.04,0,2281,100,787107840,859271168,38,3.604792210764991,1,
locally_measured,2026-07-19T10:56:43.253Z,048d2f8811e5c5e9eca57526f68f0ab67be1b8cd5db0c79a5fe66b2fd7bbc2ee,groth16,bn128,compliance_10,10,14,0,7581,243276,11,891,266.4085,14.4734,0,2156,100,787107840,856809472,40,3.5602151651637213,1,
locally_measured,2026-07-19T10:56:44.014Z,048d2f8811e5c5e9eca57526f68f0ab67be1b8cd5db0c79a5fe66b2fd7bbc2ee,groth16,bn128,compliance_10,10,15,0,7581,243276,11,891,281.7295,11.8303,0,1813,100,787107840,827760640,41,3.4064609663857244,1,
locally_measured,2026-07-19T10:56:44.797Z,048d2f8811e5c5e9eca57526f68f0ab67be1b8cd5db0c79a5fe66b2fd7bbc2ee,groth16,bn128,compliance_10,10,16,0,7581,243276,11,890,279.0144,19.1915,0,2343,100,787107840,821719040,38,3.3533877096328406,1,
locally_measured,2026-07-19T10:56:45.611Z,048d2f8811e5c5e9eca57526f68f0ab67be1b8cd5db0c79a5fe66b2fd7bbc2ee,groth16,bn128,compliance_10,10,17,0,7581,243276,11,891,295.2473,15.6965,0,2250,100,787107840,821719040,39,3.2160152413394316,1,
locally_measured,2026-07-19T10:56:46.364Z,048d2f8811e5c5e9eca57526f68f0ab67be1b8cd5db0c79a5fe66b2fd7bbc2ee,groth16,bn128,compliance_10,10,18,0,7581,243276,11,890,287.7549,13.5885,0,2110,100,787107840,826789888,41,3.31847321029762,1,
locally_measured,2026-07-19T10:56:47.131Z,048d2f8811e5c5e9eca57526f68f0ab67be1b8cd5db0c79a5fe66b2fd7bbc2ee,groth16,bn128,compliance_10,10,19,0,7581,243276,11,891,279.0863,16.6382,0,2015,100,787107840,826789888,37,3.3815257105853593,1,
locally_measured,2026-07-19T10:56:47.938Z,048d2f8811e5c5e9eca57526f68f0ab67be1b8cd5db0c79a5fe66b2fd7bbc2ee,groth16,bn128,compliance_10,10,20,0,7581,243276,11,893,276.8843,17.7876,0,2344,100,787107840,879218688,38,3.3936048873340146,1,
locally_measured,2026-07-19T10:56:48.734Z,048d2f8811e5c5e9eca57526f68f0ab67be1b8cd5db0c79a5fe66b2fd7bbc2ee,groth16,bn128,compliance_10,10,21,0,7581,243276,11,890,273.7929,15.6762,0,2046,100,787107840,879218688,39,3.454600162849852,1,
locally_measured,2026-07-19T10:56:49.547Z,048d2f8811e5c5e9eca57526f68f0ab67be1b8cd5db0c79a5fe66b2fd7bbc2ee,groth16,bn128,compliance_10,10,22,0,7581,243276,11,892,277.8297,15.0353,0,2251,100,787107840,851566592,38,3.4145425366636504,1,
locally_measured,2026-07-19T10:56:50.298Z,048d2f8811e5c5e9eca57526f68f0ab67be1b8cd5db0c79a5fe66b2fd7bbc2ee,groth16,bn128,compliance_10,10,23,0,7581,243276,11,888,262.9453,17.6809,0,2126,100,787107840,851566592,37,3.5634591495733474,1,
locally_measured,2026-07-19T10:56:51.067Z,048d2f8811e5c5e9eca57526f68f0ab67be1b8cd5db0c79a5fe66b2fd7bbc2ee,groth16,bn128,compliance_10,10,24,0,7581,243276,11,888,272.4705,14.7093,0,2546,100,787107840,847941632,38,3.4821390640985195,1,
locally_measured,2026-07-19T10:56:51.815Z,048d2f8811e5c5e9eca57526f68f0ab67be1b8cd5db0c79a5fe66b2fd7bbc2ee,groth16,bn128,compliance_10,10,25,0,7581,243276,11,891,269.3395,16.7383,0,2032,100,787107840,848191488,38,3.4955526084163124,1,
locally_measured,2026-07-19T10:56:52.580Z,048d2f8811e5c5e9eca57526f68f0ab67be1b8cd5db0c79a5fe66b2fd7bbc2ee,groth16,bn128,compliance_10,10,26,0,7581,243276,11,889,275.4764,16.1127,0,2359,100,787107840,848191488,41,3.4294834752053487,1,
locally_measured,2026-07-19T10:56:53.326Z,048d2f8811e5c5e9eca57526f68f0ab67be1b8cd5db0c79a5fe66b2fd7bbc2ee,groth16,bn128,compliance_10,10,27,0,7581,243276,11,889,269.9391,16.6503,0,2172,100,787107840,839495680,36,3.489312584484981,1,
locally_measured,2026-07-19T10:56:54.076Z,048d2f8811e5c5e9eca57526f68f0ab67be1b8cd5db0c79a5fe66b2fd7bbc2ee,groth16,bn128,compliance_10,10,28,0,7581,243276,11,886,269.298,17.4567,0,2125,100,787107840,836345856,38,3.4873011671648273,1,
locally_measured,2026-07-19T10:56:54.910Z,048d2f8811e5c5e9eca57526f68f0ab67be1b8cd5db0c79a5fe66b2fd7bbc2ee,groth16,bn128,compliance_10,10,29,0,7581,243276,11,891,291.5091,17.3017,0,2328,100,787107840,836345856,39,3.238228714798835,1,
