operation,category,metric,unit,count,min,p25,median,mean,std,p75,p95,p99,max
atomic_settlement_valid,settlement,submit_ack_ms,ms,30,1026.303,1079.6910000000003,1192.7755,1224.1420333333333,173.16749345119962,1312.35,1518.6959999999995,1719.1717400000002,1768.093
atomic_settlement_valid,settlement,inclusion_latency_ms,ms,30,3314.32,3574.7135,3719.1695,3724.9947,222.88966940636644,3859.3655000000003,4133.3501,4204.261050000001,4211.962
atomic_settlement_valid,settlement,confirmation_5_latency_ms,ms,30,10957.181,11246.458,11429.5295,11443.428533333332,270.80447427716797,11641.43925,11848.103500000001,11937.83644,11969.755
atomic_settlement_valid,settlement,confirmation_12_latency_ms,ms,30,24936.089,25307.68975,25409.9455,25456.167699999998,288.1834533543723,25628.6065,25921.2624,26074.224130000002,26122.481
atomic_settlement_valid,settlement,post_inclusion_confirmation_5_ms,ms,30,7030.243,7572.1035,7794.6565,7718.4339666666665,284.0538471589963,7897.1097500000005,8134.0568,8214.02682,8237.413
atomic_settlement_valid,settlement,post_inclusion_confirmation_12_ms,ms,30,21249.948,21582.9225,21711.127,21731.1729,211.03119817946015,21857.067499999997,22123.3841,22209.98844,22224.478
atomic_settlement_valid,settlement,gas_used,gas,30,471127.0,471151.0,471163.0,471731.8,3122.290299962734,471175.0,471187.0,483310.95999999996,488263.0
atomic_settlement_valid,settlement,total_fee_wei,wei,30,2860581987025.0,2863656783075.25,2864141955408.5,2867523796933.433,18409282442.120567,2865296519036.75,2867118554097.25,2936644885042.83,2964672722588.0
atomic_settlement_valid,settlement,calldata_bytes,bytes,30,772.0,772.0,772.0,772.0,0.0,772.0,772.0,772.0,772.0
atomic_settlement_valid,settlement,calldata_zero_bytes,bytes,30,93.0,94.0,95.0,95.1,1.3982747990981972,96.0,97.55,98.0,98.0
atomic_settlement_valid,settlement,calldata_nonzero_bytes,bytes,30,674.0,676.0,677.0,676.9,1.3982747990981972,678.0,679.0,679.0,679.0
attack_approve_request,setup,submit_ack_ms,ms,10,845.107,1120.5104999999999,1166.2095,1185.2832,215.71226989765788,1228.47575,1525.4216999999999,1567.9643399999998,1578.6
attack_approve_request,setup,inclusion_latency_ms,ms,10,3583.736,3760.9305,3849.183,3938.6331,273.8474602403681,4122.0765,4358.318749999999,4430.3853500000005,4448.402
attack_approve_request,setup,confirmation_5_latency_ms,ms,10,11129.062,11383.910750000001,11528.702000000001,11535.9044,232.66401805808582,11696.651,11849.795549999999,11868.45111,11873.115
attack_approve_request,setup,confirmation_12_latency_ms,ms,10,25251.313,25580.555500000002,25647.197,25642.349299999998,213.02279050428686,25779.69075,25897.1178,25928.46516,25936.302
attack_approve_request,setup,post_inclusion_confirmation_5_ms,ms,10,7103.758,7427.6635,7641.047,7597.2714,282.9007626796208,7802.57175,7926.14395,7977.7783899999995,7990.687
attack_approve_request,setup,post_inclusion_confirmation_12_ms,ms,10,21400.824,21480.39075,21576.089,21703.716099999998,273.1866327299382,21987.12525,22068.8976,22081.29312,22084.392
attack_approve_request,setup,gas_used,gas,10,30883.0,30886.0,30895.0,30891.4,5.796550698475776,30895.0,30895.0,30895.0,30895.0
attack_approve_request,setup,total_fee_wei,wei,10,190974090724.0,191099346708.0,191360224866.0,191330582938.9,249687582.13937813,191525505833.5,191647392085.25,191649621477.05,191650178825.0
attack_approve_request,setup,calldata_bytes,bytes,10,36.0,36.0,36.0,36.0,0.0,36.0,36.0,36.0,36.0
attack_approve_request,setup,calldata_zero_bytes,bytes,10,0.0,0.0,0.0,0.3,0.48304589153964794,0.75,1.0,1.0,1.0
attack_approve_request,setup,calldata_nonzero_bytes,bytes,10,35.0,35.25,36.0,35.7,0.48304589153964794,36.0,36.0,36.0,36.0
attack_control_valid_settlement,settlement,submit_ack_ms,ms,10,984.063,999.35475,1039.259,1124.9378000000002,168.87787190340308,1196.7715,1412.2111,1449.13342,1458.364
attack_control_valid_settlement,settlement,inclusion_latency_ms,ms,10,2826.605,3163.51575,3535.9605,3466.8444000000004,402.6726902723297,3835.5860000000002,3922.64185,3929.58517,3931.321
attack_control_valid_settlement,settlement,confirmation_5_latency_ms,ms,10,10501.26,10826.88725,11091.408,11096.8166,356.27476918842655,11341.75325,11567.8652,11582.00024,11585.534
attack_control_valid_settlement,settlement,confirmation_12_latency_ms,ms,10,24595.927,25060.3275,25242.834499999997,25207.3546,355.44132062274946,25474.533499999998,25593.9645,25606.1433,25609.188
attack_control_valid_settlement,settlement,post_inclusion_confirmation_5_ms,ms,10,7140.203,7452.8395,7680.4355,7629.972,273.03263976634315,7797.415999999999,7952.766599999999,8037.5005200000005,8058.684
attack_control_valid_settlement,settlement,post_inclusion_confirmation_12_ms,ms,10,21195.969,21505.320750000003,21741.489,21740.509700000002,338.4228275548699,21962.499999999996,22202.2873,22205.83186,22206.718
attack_control_valid_settlement,settlement,gas_used,gas,10,471091.0,471130.0,471151.0,471143.8,26.653329998332293,471160.0,471175.0,471175.0,471175.0
attack_control_valid_settlement,settlement,total_fee_wei,wei,10,2861483902860.0,2862714558629.25,2865488727603.0,2864662275112.5,2149278768.4205866,2866008503618.5,2866951369679.95,2867505501497.59,2867644034452.0
attack_control_valid_settlement,settlement,calldata_bytes,bytes,10,772.0,772.0,772.0,772.0,0.0,772.0,772.0,772.0,772.0
attack_control_valid_settlement,settlement,calldata_zero_bytes,bytes,10,94.0,95.25,96.0,96.6,2.2211108331943574,97.75,100.1,100.82,101.0
attack_control_valid_settlement,settlement,calldata_nonzero_bytes,bytes,10,671.0,674.25,676.0,675.4,2.2211108331943574,676.75,678.0,678.0,678.0
attack_register_expectation,setup,submit_ack_ms,ms,10,945.918,1146.853,1183.6795,1219.0048000000002,185.3600356829918,1322.4745,1490.1233499999998,1521.0822699999999,1528.822
attack_register_expectation,setup,inclusion_latency_ms,ms,10,3241.947,3534.92825,3753.2635,3755.6709,356.5814982831803,3965.62875,4243.915849999999,4262.22077,4266.797
attack_register_expectation,setup,confirmation_5_latency_ms,ms,10,11001.787,11322.89675,11610.511999999999,11526.8403,287.1554715302997,11732.2255,11856.253949999998,11871.36999,11875.149
attack_register_expectation,setup,confirmation_12_latency_ms,ms,10,25080.77,25392.231249999997,25589.597999999998,25580.8479,310.24391627680086,25783.829999999998,26011.8249,26124.302579999996,26152.422
attack_register_expectation,setup,post_inclusion_confirmation_5_ms,ms,10,7283.45,7578.11,7748.8189999999995,7771.1693,278.0760294380139,7937.9130000000005,8151.9213,8190.43626,8200.065
attack_register_expectation,setup,post_inclusion_confirmation_12_ms,ms,10,21112.158,21580.741,21916.305,21825.1771,360.783128307005,22120.141750000003,22188.07005,22194.208409999996,22195.743
attack_register_expectation,setup,gas_used,gas,10,283336.0,283348.0,283360.0,283365.5,22.42642290791031,283389.0,283395.0,283395.0,283395.0
attack_register_expectation,setup,total_fee_wei,wei,10,1716396805029.0,1717489474393.0,1718560564826.5,1718176917612.2,1129972090.4655402,1719108364707.5,1719293228775.45,1719357153730.29,1719373134969.0
attack_register_expectation,setup,calldata_bytes,bytes,10,388.0,388.0,388.0,388.0,0.0,388.0,388.0,388.0,388.0
attack_register_expectation,setup,calldata_zero_bytes,bytes,10,118.0,118.25,119.5,119.5,1.35400640077266,120.0,121.55,121.91,122.0
attack_register_expectation,setup,calldata_nonzero_bytes,bytes,10,266.0,268.0,268.5,268.5,1.35400640077266,269.75,270.0,270.0,270.0
attack_request_access,setup,submit_ack_ms,ms,10,1011.255,1114.6235,1141.5785,1167.6235,97.04191708998744,1215.9744999999998,1318.04765,1341.52793,1347.398
attack_request_access,setup,inclusion_latency_ms,ms,10,2705.539,2970.4165000000003,3400.2225,3315.4892999999997,396.40773548569916,3616.498,3792.0420000000004,3797.7084,3799.125
attack_request_access,setup,confirmation_5_latency_ms,ms,10,10421.674,10995.21675,11115.7545,11090.0343,357.0712645795731,11266.1315,11562.8056,11658.541120000002,11682.475
attack_request_access,setup,confirmation_12_latency_ms,ms,10,24386.333,24998.09075,25040.930500000002,25057.6125,325.69401326713955,25244.564749999998,25450.374900000003,25562.434979999998,25590.45
attack_request_access,setup,post_inclusion_confirmation_5_ms,ms,10,7313.231,7492.432000000001,7774.4220000000005,7774.545,341.97078833010164,7962.731250000001,8282.7866,8332.53572,8344.973
attack_request_access,setup,post_inclusion_confirmation_12_ms,ms,10,21444.37,21569.51975,21723.951,21742.1231,217.1103847367612,21910.043,22043.338649999998,22064.903729999998,22070.295
attack_request_access,setup,gas_used,gas,10,207179.0,207191.0,207195.0,207197.4,13.091133555875816,207211.0,207211.0,207211.0,207211.0
attack_request_access,setup,total_fee_wei,wei,10,1255057321107.0,1255647357149.0,1256027010716.5,1255921316827.6,475489169.5521014,1256244286294.5,1256467860192.05,1256543451944.81,1256562349883.0
attack_request_access,setup,calldata_bytes,bytes,10,260.0,260.0,260.0,260.0,0.0,260.0,260.0,260.0,260.0
attack_request_access,setup,calldata_zero_bytes,bytes,10,91.0,91.0,91.0,91.3,0.48304589153964794,91.75,92.0,92.0,92.0
attack_request_access,setup,calldata_nonzero_bytes,bytes,10,168.0,168.25,169.0,168.7,0.48304589153964794,169.0,169.0,169.0,169.0
attack_reserve_budget,setup,submit_ack_ms,ms,10,789.283,1111.0755000000001,1136.219,1126.1931,151.00971796576536,1215.5525000000002,1294.5139,1334.92678,1345.03
attack_reserve_budget,setup,inclusion_latency_ms,ms,10,3378.719,3641.4787499999998,3755.88,3799.2182000000003,262.12286700273467,3924.38675,4200.781649999999,4296.28353,4320.159
attack_reserve_budget,setup,confirmation_5_latency_ms,ms,10,10903.509,11101.51625,11369.154,11363.2418,349.34946430498184,11618.582499999999,11845.0149,11882.61978,11892.021
attack_reserve_budget,setup,confirmation_12_latency_ms,ms,10,24566.963,25267.547749999998,25455.563000000002,25489.7391,442.56027231137944,25842.244,26007.9313,26049.607060000002,26060.026
attack_reserve_budget,setup,post_inclusion_confirmation_5_ms,ms,10,7067.176,7318.19125,7517.5995,7564.0235,348.1934130965622,7814.0545,8059.315649999999,8154.53673,8178.342
attack_reserve_budget,setup,post_inclusion_confirmation_12_ms,ms,10,21188.244,21543.51525,21667.536500000002,21690.5206,357.4493001473387,21780.26325,22247.015,22257.7718,22260.461
attack_reserve_budget,setup,gas_used,gas,10,149183.0,149186.0,149195.0,149191.4,5.796550698475776,149195.0,149195.0,149195.0,149195.0
attack_reserve_budget,setup,total_fee_wei,wei,10,900840614759.0,900899346708.0,901239841320.5,901157150868.9,245242808.82365084,901335486422.5,901447392085.25,901449621477.05,901450178825.0
attack_reserve_budget,setup,calldata_bytes,bytes,10,36.0,36.0,36.0,36.0,0.0,36.0,36.0,36.0,36.0
attack_reserve_budget,setup,calldata_zero_bytes,bytes,10,0.0,0.0,0.0,0.3,0.48304589153964794,0.75,1.0,1.0,1.0
attack_reserve_budget,setup,calldata_nonzero_bytes,bytes,10,35.0,35.25,36.0,35.7,0.48304589153964794,36.0,36.0,36.0,36.0
deploy_AccessController,deployment,submit_ack_ms,ms,10,886.042,1026.4472500000002,1265.943,1243.166,254.60932834573572,1375.5905,1599.1764999999998,1684.6225,1705.984
deploy_AccessController,deployment,inclusion_latency_ms,ms,10,1847.057,3726.3942500000003,3823.277,3678.1324999999997,666.7167350247446,3884.59175,4184.4285500000005,4189.71371,4191.035
deploy_AccessController,deployment,confirmation_5_latency_ms,ms,10,9977.84,11297.631250000002,11507.643,11424.9797,595.0719057481017,11623.009999999998,12109.28175,12164.21235,12177.945
deploy_AccessController,deployment,confirmation_12_latency_ms,ms,10,23760.06,25501.3115,25550.786,25384.23,594.0831402008376,25564.8815,25798.34555,25921.10591,25951.796
deploy_AccessController,deployment,post_inclusion_confirmation_5_ms,ms,10,7094.603,7513.260249999999,7747.5035,7746.847199999999,405.8140129577151,8078.651000000001,8266.7488,8316.69376,8329.18
deploy_AccessController,deployment,post_inclusion_confirmation_12_ms,ms,10,21374.852,21637.10225,21720.584000000003,21706.0972,153.1031602444721,21796.43525,21890.258199999997,21908.454039999997,21913.003
deploy_AccessController,deployment,gas_used,gas,10,707598.0,707598.0,707598.0,707598.0,0.0,707598.0,707598.0,707598.0,707598.0
deploy_AccessController,deployment,total_fee_wei,wei,10,4343576134132.0,4345137330589.75,4347624911982.5,4347849075080.0,3660796196.369575,4349452410664.25,4353449311964.9004,4355303651667.3804,4355767236593.0
deploy_AccessController,deployment,calldata_bytes,bytes,10,3061.0,3061.0,3061.0,3061.0,0.0,3061.0,3061.0,3061.0,3061.0
deploy_AccessController,deployment,calldata_zero_bytes,bytes,10,84.0,84.0,84.0,84.0,0.0,84.0,84.0,84.0,84.0
deploy_AccessController,deployment,calldata_nonzero_bytes,bytes,10,2977.0,2977.0,2977.0,2977.0,0.0,2977.0,2977.0,2977.0,2977.0
deploy_AuditLedger,deployment,submit_ack_ms,ms,10,953.738,1009.99575,1146.7705,1147.8617,152.66574483422562,1232.21775,1371.81635,1379.08727,1380.905
deploy_AuditLedger,deployment,inclusion_latency_ms,ms,10,1926.243,3462.495,3805.757,3550.2658,605.8242292769963,3863.7290000000003,3936.3064999999997,3943.3877,3945.158
deploy_AuditLedger,deployment,confirmation_5_latency_ms,ms,10,9708.819,11110.730000000001,11560.817500000001,11310.5924,635.9306129342519,11674.78275,11831.5174,11914.47868,11935.219
deploy_AuditLedger,deployment,confirmation_12_latency_ms,ms,10,24035.82,25126.92225,25302.4295,25264.7479,500.5466703727148,25623.198249999998,25732.137600000002,25781.82912,25794.252
deploy_AuditLedger,deployment,post_inclusion_confirmation_5_ms,ms,10,7122.283,7634.4255,7808.9965,7760.3267000000005,333.4157435515174,7971.474,8173.15805,8190.442010000001,8194.763
deploy_AuditLedger,deployment,post_inclusion_confirmation_12_ms,ms,10,21180.079,21462.6375,21780.2445,21714.4821,312.5167488309667,21879.0095,22104.4577,22108.552340000002,22109.576
deploy_AuditLedger,deployment,gas_used,gas,10,205562.0,205562.0,205562.0,205562.0,0.0,205562.0,205562.0,205562.0,205562.0
deploy_AuditLedger,deployment,total_fee_wei,wei,10,1265406824248.0,1265734862935.25,1266064729575.0,1266467882593.6,1108262803.6272748,1266947154089.5,1268276503604.0,1268923810892.0,1269085637714.0
deploy_AuditLedger,deployment,calldata_bytes,bytes,10,737.0,737.0,737.0,737.0,0.0,737.0,737.0,737.0,737.0
deploy_AuditLedger,deployment,calldata_zero_bytes,bytes,10,39.0,39.0,39.0,39.0,0.0,39.0,39.0,39.0,39.0
deploy_AuditLedger,deployment,calldata_nonzero_bytes,bytes,10,698.0,698.0,698.0,698.0,0.0,698.0,698.0,698.0,698.0
deploy_BudgetLedger,deployment,submit_ack_ms,ms,10,858.908,995.162,1113.972,1166.0933,261.9665103464987,1236.9612499999998,1580.5016999999993,1754.16354,1797.579
deploy_BudgetLedger,deployment,inclusion_latency_ms,ms,10,3118.984,3753.78575,4093.223,3974.8853000000004,407.65499012496934,4246.89075,4384.4212,4442.116239999999,4456.54
deploy_BudgetLedger,deployment,confirmation_5_latency_ms,ms,10,11058.602,11397.475,11568.5365,11563.4245,346.61972868236074,11832.164999999999,12022.809400000002,12094.308280000001,12112.183
deploy_BudgetLedger,deployment,confirmation_12_latency_ms,ms,10,25012.734,25321.913,25494.482,25428.0875,239.11336404087618,25516.64325,25728.252,25740.3264,25743.345
deploy_BudgetLedger,deployment,post_inclusion_confirmation_5_ms,ms,10,7152.775,7460.260499999999,7554.317,7588.5391,288.22107667338764,7833.97825,7933.16725,7938.327850000001,7939.618
deploy_BudgetLedger,deployment,post_inclusion_confirmation_12_ms,ms,10,21219.821,21264.116,21406.292,21453.2022,239.71624769195572,21518.25925,21865.072099999998,21943.783219999998,21963.461
deploy_BudgetLedger,deployment,gas_used,gas,10,549451.0,549451.0,549451.0,549451.0,0.0,549451.0,549451.0,549451.0,549451.0
deploy_BudgetLedger,deployment,total_fee_wei,wei,10,3380198922755.0,3381124703171.0,3382117290582.0,3382714277122.0,2156952705.245225,3384548771934.25,3385856425699.95,3386129399821.59,3386197643352.0
deploy_BudgetLedger,deployment,calldata_bytes,bytes,10,2329.0,2329.0,2329.0,2329.0,0.0,2329.0,2329.0,2329.0,2329.0
deploy_BudgetLedger,deployment,calldata_zero_bytes,bytes,10,71.0,71.0,71.0,71.0,0.0,71.0,71.0,71.0,71.0
deploy_BudgetLedger,deployment,calldata_nonzero_bytes,bytes,10,2258.0,2258.0,2258.0,2258.0,0.0,2258.0,2258.0,2258.0,2258.0
deploy_ComplianceVerifier,deployment,submit_ack_ms,ms,10,936.897,1026.4795,1157.6795000000002,1149.3303,158.8972010753074,1293.16525,1347.8993,1355.4614600000002,1357.352
deploy_ComplianceVerifier,deployment,inclusion_latency_ms,ms,10,3482.918,3811.821,3891.105,3950.8675000000003,278.74065494180945,4070.8819999999996,4387.94155,4401.499510000001,4404.889
deploy_ComplianceVerifier,deployment,confirmation_5_latency_ms,ms,10,10976.24,11328.21175,11450.01,11466.6775,339.8199634581853,11507.61875,12024.17555,12130.98071,12157.682
deploy_ComplianceVerifier,deployment,confirmation_12_latency_ms,ms,10,24971.733,25170.292250000002,25401.796000000002,25470.4672,396.9959054336282,25825.94375,25986.572,26043.639199999998,26057.906
deploy_ComplianceVerifier,deployment,post_inclusion_confirmation_5_ms,ms,10,6740.118,7214.7212500000005,7589.707,7515.8101,446.96908286354403,7794.335,8097.810799999999,8212.53416,8241.215
deploy_ComplianceVerifier,deployment,post_inclusion_confirmation_12_ms,ms,10,20643.449,21244.832499999997,21669.9335,21519.599599999998,425.6183561442493,21866.6095,21949.7136,21958.68192,21960.924
deploy_ComplianceVerifier,deployment,gas_used,gas,10,897995.0,897995.0,897995.0,897995.0,0.0,897995.0,897995.0,897995.0,897995.0
deploy_ComplianceVerifier,deployment,total_fee_wei,wei,10,5522172896565.0,5523886587162.5,5524717911714.0,5527026699495.6,5242699515.724252,5529063789564.25,5536141350041.65,5537101100488.33,5537341038100.0
deploy_ComplianceVerifier,deployment,calldata_bytes,bytes,10,4032.0,4032.0,4032.0,4032.0,0.0,4032.0,4032.0,4032.0,4032.0
deploy_ComplianceVerifier,deployment,calldata_zero_bytes,bytes,10,214.0,214.0,214.0,214.0,0.0,214.0,214.0,214.0,214.0
deploy_ComplianceVerifier,deployment,calldata_nonzero_bytes,bytes,10,3818.0,3818.0,3818.0,3818.0,0.0,3818.0,3818.0,3818.0,3818.0
deploy_DataRegistry,deployment,submit_ack_ms,ms,10,808.148,996.7617499999999,1175.0065,1272.5776,489.5704615011908,1328.9512499999998,2078.285049999999,2414.96101,2499.13
deploy_DataRegistry,deployment,inclusion_latency_ms,ms,10,1852.76,3537.4269999999997,3765.159,3668.1542,732.1182219946601,4152.38275,4352.94665,4397.09813,4408.136
deploy_DataRegistry,deployment,confirmation_5_latency_ms,ms,10,10012.551,11457.923999999999,11724.7855,11535.7352,657.0304097046211,11846.053,12206.3535,12331.4715,12362.751
deploy_DataRegistry,deployment,confirmation_12_latency_ms,ms,10,24040.285,25026.07075,25636.194499999998,25477.8854,705.8611599119665,25998.660999999996,26225.92025,26318.841650000002,26342.072
deploy_DataRegistry,deployment,post_inclusion_confirmation_5_ms,ms,10,7278.731,7787.21875,7881.5345,7867.580800000001,344.30071135912584,8139.15775,8246.098,8283.3796,8292.7
deploy_DataRegistry,deployment,post_inclusion_confirmation_12_ms,ms,10,21226.762,21655.31225,21925.323,21809.731200000002,321.4396806770032,22012.48325,22165.0754,22183.03508,22187.525
deploy_DataRegistry,deployment,gas_used,gas,10,438043.0,438043.0,438043.0,438043.0,0.0,438043.0,438043.0,438043.0,438043.0
deploy_DataRegistry,deployment,total_fee_wei,wei,10,2689066858197.0,2690038364494.0,2691432380529.5,2691717133297.0,2278386713.6652236,2692840966908.25,2695193892620.0,2696344647056.0,2696632335665.0
deploy_DataRegistry,deployment,calldata_bytes,bytes,10,1813.0,1813.0,1813.0,1813.0,0.0,1813.0,1813.0,1813.0,1813.0
deploy_DataRegistry,deployment,calldata_zero_bytes,bytes,10,56.0,56.0,56.0,56.0,0.0,56.0,56.0,56.0,56.0
deploy_DataRegistry,deployment,calldata_nonzero_bytes,bytes,10,1757.0,1757.0,1757.0,1757.0,0.0,1757.0,1757.0,1757.0,1757.0
deploy_Phase7Groth16Verifier,deployment,submit_ack_ms,ms,10,936.749,1015.8254999999999,1191.628,1149.5956,155.95581217069864,1293.0895,1315.42685,1324.0981700000002,1326.266
deploy_Phase7Groth16Verifier,deployment,inclusion_latency_ms,ms,10,3188.773,3612.479,3754.667,3803.2538999999997,365.91502903465613,3951.1684999999998,4362.6885999999995,4363.28332,4363.432
deploy_Phase7Groth16Verifier,deployment,confirmation_5_latency_ms,ms,10,10830.986,11261.307,11545.6165,11510.8303,415.9242265237076,11810.424500000001,12038.079000000002,12074.511,12083.619
deploy_Phase7Groth16Verifier,deployment,confirmation_12_latency_ms,ms,10,25029.627,25135.458250000003,25359.794,25476.0968,403.71356573353995,25865.48125,26026.396050000003,26079.154410000003,26092.344
deploy_Phase7Groth16Verifier,deployment,post_inclusion_confirmation_5_ms,ms,10,7312.934,7486.56825,7685.4275,7707.5762,309.5271540099689,7847.1497500000005,8185.879299999999,8199.151059999998,8202.469
deploy_Phase7Groth16Verifier,deployment,post_inclusion_confirmation_12_ms,ms,10,21068.488,21364.583249999996,21575.849000000002,21672.8428,439.23058978546635,22071.13575,22213.911949999998,22292.69759,22312.394
deploy_Phase7Groth16Verifier,deployment,gas_used,gas,10,552207.0,552207.0,552207.0,552207.0,0.0,552207.0,552207.0,552207.0,552207.0
deploy_Phase7Groth16Verifier,deployment,total_fee_wei,wei,10,3415318876462.0,3416207108276.0,3416967802560.0,3418915132000.7,3821608202.4065657,3420654547083.75,3425364351234.65,3426090601462.13,3426272164019.0
deploy_Phase7Groth16Verifier,deployment,calldata_bytes,bytes,10,2342.0,2342.0,2342.0,2342.0,0.0,2342.0,2342.0,2342.0,2342.0
deploy_Phase7Groth16Verifier,deployment,calldata_zero_bytes,bytes,10,76.0,76.0,76.0,76.0,0.0,76.0,76.0,76.0,76.0
deploy_Phase7Groth16Verifier,deployment,calldata_nonzero_bytes,bytes,10,2266.0,2266.0,2266.0,2266.0,0.0,2266.0,2266.0,2266.0,2266.0
deploy_TrustCircuitSettlement,deployment,submit_ack_ms,ms,10,1038.752,1187.29575,1295.4895000000001,1274.0533,128.65363303161453,1335.13375,1441.9587,1447.64454,1449.066
deploy_TrustCircuitSettlement,deployment,inclusion_latency_ms,ms,10,2883.441,3664.15975,3779.8140000000003,3727.2083,385.31074470327064,3914.3579999999997,4170.0603,4299.835260000001,4332.279
deploy_TrustCircuitSettlement,deployment,confirmation_5_latency_ms,ms,10,10549.236,11052.999749999999,11488.2,11379.7135,468.9883266240333,11725.836,11936.30085,11958.70257,11964.303
deploy_TrustCircuitSettlement,deployment,confirmation_12_latency_ms,ms,10,24872.957,25279.0795,25473.368000000002,25407.6506,294.2566084752863,25524.96775,25761.296049999997,25909.562410000002,25946.629
deploy_TrustCircuitSettlement,deployment,post_inclusion_confirmation_5_ms,ms,10,7177.324,7420.675,7676.2474999999995,7652.505099999999,329.3529415105557,7891.567499999999,8089.3986,8104.55172,8108.34
deploy_TrustCircuitSettlement,deployment,post_inclusion_confirmation_12_ms,ms,10,21106.357,21598.02475,21692.908000000003,21680.4424,326.9041027437726,21802.154000000002,22128.14185,22218.87877,22241.563
deploy_TrustCircuitSettlement,deployment,gas_used,gas,10,905768.0,905780.0,905780.0,905777.6,5.059644256269407,905780.0,905780.0,905780.0,905780.0
deploy_TrustCircuitSettlement,deployment,total_fee_wei,wei,10,5571248880398.0,5573435612971.0,5574777638646.5,5576930080970.4,5224381363.952965,5578936357056.75,5585859898333.85,5587095966760.37,5587404983867.0
deploy_TrustCircuitSettlement,deployment,calldata_bytes,bytes,10,4477.0,4477.0,4477.0,4477.0,0.0,4477.0,4477.0,4477.0,4477.0
deploy_TrustCircuitSettlement,deployment,calldata_zero_bytes,bytes,10,633.0,633.0,633.0,633.2,0.4216370213557839,633.0,634.0,634.0,634.0
deploy_TrustCircuitSettlement,deployment,calldata_nonzero_bytes,bytes,10,3843.0,3844.0,3844.0,3843.8,0.4216370213557839,3844.0,3844.0,3844.0,3844.0
register_asset,setup,submit_ack_ms,ms,1,1033.745,1033.745,1033.745,1033.745,0.0,1033.745,1033.745,1033.745,1033.745
register_asset,setup,inclusion_latency_ms,ms,1,3371.416,3371.416,3371.416,3371.416,0.0,3371.416,3371.416,3371.416,3371.416
register_asset,setup,confirmation_5_latency_ms,ms,1,11235.266,11235.266,11235.266,11235.266,0.0,11235.266,11235.266,11235.266,11235.266
register_asset,setup,confirmation_12_latency_ms,ms,1,25054.864,25054.864,25054.864,25054.864,0.0,25054.864,25054.864,25054.864,25054.864
register_asset,setup,post_inclusion_confirmation_5_ms,ms,1,7863.85,7863.85,7863.85,7863.85,0.0,7863.85,7863.85,7863.85,7863.85
register_asset,setup,post_inclusion_confirmation_12_ms,ms,1,21683.447,21683.447,21683.447,21683.447,0.0,21683.447,21683.447,21683.447,21683.447
register_asset,setup,gas_used,gas,1,139517.0,139517.0,139517.0,139517.0,0.0,139517.0,139517.0,139517.0,139517.0
register_asset,setup,total_fee_wei,wei,1,848005678816.0,848005678816.0,848005678816.0,848005678816.0,0.0,848005678816.0,848005678816.0,848005678816.0,848005678816.0
register_asset,setup,calldata_bytes,bytes,1,164.0,164.0,164.0,164.0,0.0,164.0,164.0,164.0,164.0
register_asset,setup,calldata_zero_bytes,bytes,1,32.0,32.0,32.0,32.0,0.0,32.0,32.0,32.0,32.0
register_asset,setup,calldata_nonzero_bytes,bytes,1,132.0,132.0,132.0,132.0,0.0,132.0,132.0,132.0,132.0
register_budget,setup,submit_ack_ms,ms,1,842.299,842.299,842.299,842.299,0.0,842.299,842.299,842.299,842.299
register_budget,setup,inclusion_latency_ms,ms,1,3827.617,3827.617,3827.617,3827.617,0.0,3827.617,3827.617,3827.617,3827.617
register_budget,setup,confirmation_5_latency_ms,ms,1,11394.796,11394.796,11394.796,11394.796,0.0,11394.796,11394.796,11394.796,11394.796
register_budget,setup,confirmation_12_latency_ms,ms,1,25553.888,25553.888,25553.888,25553.888,0.0,25553.888,25553.888,25553.888,25553.888
register_budget,setup,post_inclusion_confirmation_5_ms,ms,1,7567.178,7567.178,7567.178,7567.178,0.0,7567.178,7567.178,7567.178,7567.178
register_budget,setup,post_inclusion_confirmation_12_ms,ms,1,21726.271,21726.271,21726.271,21726.271,0.0,21726.271,21726.271,21726.271,21726.271
register_budget,setup,gas_used,gas,1,72582.0,72582.0,72582.0,72582.0,0.0,72582.0,72582.0,72582.0,72582.0
register_budget,setup,total_fee_wei,wei,1,441756037663.0,441756037663.0,441756037663.0,441756037663.0,0.0,441756037663.0,441756037663.0,441756037663.0,441756037663.0
register_budget,setup,calldata_bytes,bytes,1,68.0,68.0,68.0,68.0,0.0,68.0,68.0,68.0,68.0
register_budget,setup,calldata_zero_bytes,bytes,1,28.0,28.0,28.0,28.0,0.0,28.0,28.0,28.0,28.0
register_budget,setup,calldata_nonzero_bytes,bytes,1,40.0,40.0,40.0,40.0,0.0,40.0,40.0,40.0,40.0
revert_context_mismatch,revert,submit_ack_ms,ms,10,634.912,822.836,834.7535,864.0781000000001,128.65587838144046,890.145,1064.5014999999999,1121.7163,1136.02
revert_context_mismatch,revert,inclusion_latency_ms,ms,10,2276.913,2970.5685,3240.9674999999997,3311.1121,598.4616873916455,3685.49825,4108.58375,4352.91035,4413.992
revert_context_mismatch,revert,confirmation_5_latency_ms,ms,10,10205.371,10675.6505,10991.759999999998,10941.8314,421.866279549496,11150.5445,11503.022149999999,11585.98523,11606.726
revert_context_mismatch,revert,confirmation_12_latency_ms,ms,10,24337.387,24560.764,24786.001,24828.283499999998,350.07034312874566,25055.413,25337.35295,25462.996189999998,25494.407
revert_context_mismatch,revert,post_inclusion_confirmation_5_ms,ms,10,7192.734,7404.4794999999995,7564.5765,7630.719500000001,324.0740327748344,7956.067,8009.30055,8009.70411,8009.805
revert_context_mismatch,revert,post_inclusion_confirmation_12_ms,ms,10,20871.833,21285.237999999998,21457.214500000002,21517.1714,415.2268085656317,21669.25675,22154.751149999996,22216.45983,22231.887
revert_context_mismatch,revert,gas_used,gas,10,70686.0,70725.0,70746.0,70738.8,26.653329998332293,70755.0,70770.0,70770.0,70770.0
revert_context_mismatch,revert,total_fee_wei,wei,10,459053902860.0,460292105992.75,462743797774.0,461848463735.5,1882884261.9212348,463119903123.25,463902573081.9,464052491754.77997,464089971423.0
revert_context_mismatch,revert,calldata_bytes,bytes,10,772.0,772.0,772.0,772.0,0.0,772.0,772.0,772.0,772.0
revert_context_mismatch,revert,calldata_zero_bytes,bytes,10,94.0,95.25,96.0,96.6,2.2211108331943574,97.75,100.1,100.82,101.0
revert_context_mismatch,revert,calldata_nonzero_bytes,bytes,10,671.0,674.25,676.0,675.4,2.2211108331943574,676.75,678.0,678.0,678.0
revert_invalid_proof,revert,submit_ack_ms,ms,10,667.594,721.1132499999999,841.048,845.8486,141.2948864414027,963.1252499999999,1022.0852,1047.81944,1054.253
revert_invalid_proof,revert,inclusion_latency_ms,ms,10,2104.911,3025.0987499999997,3337.679,3149.1373,586.4258074370819,3414.94375,3790.5695,3834.7307,3845.771
revert_invalid_proof,revert,confirmation_5_latency_ms,ms,10,10000.512,10420.15875,10913.593499999999,10822.1784,497.65727479220067,11280.37675,11322.730800000001,11327.97816,11329.29
revert_invalid_proof,revert,confirmation_12_latency_ms,ms,10,23888.982,24725.98875,24776.919,24648.1226,411.42565779499523,24832.708499999997,25018.3416,25066.06752,25077.999
revert_invalid_proof,revert,post_inclusion_confirmation_5_ms,ms,10,6961.706,7227.304249999999,7823.7165,7673.0410999999995,489.02602520076124,8060.2445,8232.34635,8251.97247,8256.879
revert_invalid_proof,revert,post_inclusion_confirmation_12_ms,ms,10,20993.419,21399.359249999998,21572.421000000002,21498.985399999998,302.7748895834434,21750.9825,21779.1506,21783.086119999996,21784.07
revert_invalid_proof,revert,gas_used,gas,10,1913620.0,1913622.0,1913622.0,1913622.6,1.5776212754932308,1913623.5,1913625.0,1913625.0,1913625.0
revert_invalid_proof,revert,total_fee_wei,wei,10,11516543429677.0,11517652216208.25,11520011717431.0,11519185276503.2,1859038709.275537,11520413860757.75,11521251124885.65,11521367368375.53,11521396429248.0
revert_invalid_proof,revert,calldata_bytes,bytes,10,772.0,772.0,772.0,772.0,0.0,772.0,772.0,772.0,772.0
revert_invalid_proof,revert,calldata_zero_bytes,bytes,10,94.0,95.25,96.0,96.6,2.2211108331943574,97.75,100.1,100.82,101.0
revert_invalid_proof,revert,calldata_nonzero_bytes,bytes,10,671.0,674.25,676.0,675.4,2.2211108331943574,676.75,678.0,678.0,678.0
revert_replay,revert,submit_ack_ms,ms,10,692.534,830.367,918.5260000000001,912.6159,165.3086099777222,984.812,1143.9466999999997,1244.31974,1269.413
revert_replay,revert,inclusion_latency_ms,ms,10,2300.09,2910.281,3386.566,3227.9317,473.27572481847784,3541.56625,3744.9506999999994,3780.02694,3788.796
revert_replay,revert,confirmation_5_latency_ms,ms,10,10167.368,10515.255000000001,10741.9235,10714.083600000002,312.95093404422937,10897.21075,11130.83335,11154.46267,11160.37
revert_replay,revert,confirmation_12_latency_ms,ms,10,24488.362,24570.30175,24643.625500000002,24708.797,207.49414929957805,24861.187750000005,25030.58235,25075.79007,25087.092
revert_replay,revert,post_inclusion_confirmation_5_ms,ms,10,6964.048,7210.9185,7446.7029999999995,7486.1516,419.6623212251065,7624.25,8144.69155,8288.33911,8324.251
revert_replay,revert,post_inclusion_confirmation_12_ms,ms,10,20973.516,21277.188,21415.4095,21480.865299999998,389.30396763541756,21664.65975,22086.24035,22282.61207,22331.705
revert_replay,revert,gas_used,gas,10,54765.0,54804.0,54825.0,54817.8,26.653329998332293,54834.0,54849.0,54849.0,54849.0
revert_replay,revert,total_fee_wei,wei,10,362940962212.0,365006592940.5,367073362252.5,366491687869.3,2087265396.7339213,367764842300.0,368995369679.95,369549501497.59,369688034452.0
revert_replay,revert,calldata_bytes,bytes,10,772.0,772.0,772.0,772.0,0.0,772.0,772.0,772.0,772.0
revert_replay,revert,calldata_zero_bytes,bytes,10,94.0,95.25,96.0,96.6,2.2211108331943574,97.75,100.1,100.82,101.0
revert_replay,revert,calldata_nonzero_bytes,bytes,10,671.0,674.25,676.0,675.4,2.2211108331943574,676.75,678.0,678.0,678.0
valid_approve_request,setup,submit_ack_ms,ms,30,802.319,1020.07275,1162.536,1170.4932000000001,245.4026955471775,1236.72625,1371.07355,1989.4920000000009,2236.63
valid_approve_request,setup,inclusion_latency_ms,ms,30,3208.045,3600.0547500000002,3846.5344999999998,3826.4600333333337,279.8573941980874,4028.38775,4211.16195,4427.59137,4503.15
valid_approve_request,setup,confirmation_5_latency_ms,ms,30,11030.539,11434.054250000001,11526.121500000001,11547.072433333333,241.05247324564047,11642.499,11996.419,12026.2252,12031.132
valid_approve_request,setup,confirmation_12_latency_ms,ms,30,24898.779,25266.0095,25463.6425,25479.814366666666,305.81827767601305,25713.36,25962.2244,26014.64064,26032.935
valid_approve_request,setup,post_inclusion_confirmation_5_ms,ms,30,7255.186,7559.6695,7707.76,7720.612366666666,253.94364336511873,7936.370499999999,8131.748149999999,8140.79182,8141.877
valid_approve_request,setup,post_inclusion_confirmation_12_ms,ms,30,21183.404,21498.58775,21651.3635,21653.35426666667,232.52262533070868,21817.050000000003,21961.111,22123.48013,22185.396
valid_approve_request,setup,gas_used,gas,30,30883.0,30895.0,30895.0,30893.4,4.148950843701125,30895.0,30895.0,30895.0,30895.0
valid_approve_request,setup,total_fee_wei,wei,30,190660361223.0,191087300924.25,191153264192.5,191170610528.36667,214074530.2352661,191264883051.5,191540584763.59998,191599532967.21,191612305597.0
valid_approve_request,setup,calldata_bytes,bytes,30,36.0,36.0,36.0,36.0,0.0,36.0,36.0,36.0,36.0
valid_approve_request,setup,calldata_zero_bytes,bytes,30,0.0,0.0,0.0,0.13333333333333333,0.3457459036417604,0.0,1.0,1.0,1.0
valid_approve_request,setup,calldata_nonzero_bytes,bytes,30,35.0,36.0,36.0,35.86666666666667,0.3457459036417604,36.0,36.0,36.0,36.0
valid_register_expectation,setup,submit_ack_ms,ms,30,950.684,1002.08825,1133.924,1130.9432666666667,161.68623463958346,1188.178,1421.2067499999998,1493.26199,1507.26
valid_register_expectation,setup,inclusion_latency_ms,ms,30,2299.945,3756.32025,3940.041,3840.5318666666667,384.08827606933363,4028.91475,4206.7532,4235.848480000001,4245.879
valid_register_expectation,setup,confirmation_5_latency_ms,ms,30,9915.37,11329.08225,11497.038,11468.768866666667,391.24761738296064,11693.6905,11902.51515,12002.83667,12037.543
valid_register_expectation,setup,confirmation_12_latency_ms,ms,30,23884.248,25254.837999999996,25441.5235,25439.566,384.0053788322101,25674.04925,25881.758950000003,25922.17275,25936.274
valid_register_expectation,setup,post_inclusion_confirmation_5_ms,ms,30,7053.964,7449.317,7667.273999999999,7628.236966666666,253.52245068979084,7825.4775,7984.635,8051.0094500000005,8071.018
valid_register_expectation,setup,post_inclusion_confirmation_12_ms,ms,30,21074.353,21364.688250000003,21610.7555,21599.034233333332,280.7712715075711,21738.122750000002,22056.538500000002,22132.08885,22146.396
valid_register_expectation,setup,gas_used,gas,30,283336.0,283372.0,283372.0,283376.7,13.94607842543114,283383.0,283395.0,283395.0,283395.0
valid_register_expectation,setup,total_fee_wei,wei,30,1716387066555.0,1717661626089.0,1718093256923.5,1717962842327.9,782812547.8115805,1718328086806.5,1719332137543.4,1719441712427.65,1719486118305.0
valid_register_expectation,setup,calldata_bytes,bytes,30,388.0,388.0,388.0,388.0,0.0,388.0,388.0,388.0,388.0
valid_register_expectation,setup,calldata_zero_bytes,bytes,30,118.0,118.0,118.0,118.56666666666666,0.7738543627276671,119.0,120.0,120.71000000000001,121.0
valid_register_expectation,setup,calldata_nonzero_bytes,bytes,30,267.0,269.0,270.0,269.43333333333334,0.7738543627276671,270.0,270.0,270.0,270.0
valid_request_access,setup,submit_ack_ms,ms,30,843.973,1003.04625,1091.6135,1142.3375666666666,191.1760302349433,1279.30675,1495.96615,1590.6366500000001,1627.152
valid_request_access,setup,inclusion_latency_ms,ms,30,3137.598,3461.27125,3624.2545,3649.9869000000003,298.3100170623646,3838.38025,4161.5411,4185.37753,4187.739
valid_request_access,setup,confirmation_5_latency_ms,ms,30,10819.91,11162.110749999998,11237.520499999999,11327.944133333334,244.6407103179642,11547.0675,11740.80785,11769.304079999998,11777.38
valid_request_access,setup,confirmation_12_latency_ms,ms,30,24810.738,25146.137000000002,25323.8185,25305.08623333333,225.90429399724127,25461.04575,25620.8075,25736.26416,25780.807
valid_request_access,setup,post_inclusion_confirmation_5_ms,ms,30,7162.919,7561.268249999999,7689.0805,7677.957133333333,240.5093336991216,7781.389000000001,8081.165849999999,8108.52325,8113.649
valid_request_access,setup,post_inclusion_confirmation_12_ms,ms,30,21112.405,21532.49025,21653.632,21655.09933333333,265.7195681488199,21827.382749999997,22048.45935,22238.93148,22295.391
valid_request_access,setup,gas_used,gas,30,207179.0,207191.0,207195.0,207199.4,11.713829139245982,207211.0,207211.0,207211.0,207211.0
valid_request_access,setup,total_fee_wei,wei,30,1254528994453.0,1255261182570.0,1255491403677.0,1255565092922.7334,514815420.81701136,1255890814132.0,1256444610890.1,1256725073184.65,1256737213894.0
valid_request_access,setup,calldata_bytes,bytes,30,260.0,260.0,260.0,260.0,0.0,260.0,260.0,260.0,260.0
valid_request_access,setup,calldata_zero_bytes,bytes,30,91.0,91.0,91.0,91.13333333333334,0.3457459036417604,91.0,92.0,92.0,92.0
valid_request_access,setup,calldata_nonzero_bytes,bytes,30,168.0,169.0,169.0,168.86666666666667,0.3457459036417604,169.0,169.0,169.0,169.0
valid_reserve_budget,setup,submit_ack_ms,ms,30,796.857,953.8495,1007.752,1016.159,137.74085879525788,1146.15925,1222.3547999999998,1263.42783,1274.904
valid_reserve_budget,setup,inclusion_latency_ms,ms,30,1788.363,3459.7945000000004,3746.508,3599.8697333333334,670.7854383905653,3998.2535000000003,4183.0681,4517.86678,4653.244
valid_reserve_budget,setup,confirmation_5_latency_ms,ms,30,9598.618,11165.751250000001,11347.639,11248.430533333334,565.611436763714,11536.727,11938.663250000001,11969.934650000001,11978.378
valid_reserve_budget,setup,confirmation_12_latency_ms,ms,30,23614.369,25344.283499999998,25501.805,25407.3603,616.3137399609319,25728.37275,25962.51915,26103.883149999998,26147.141
valid_reserve_budget,setup,post_inclusion_confirmation_5_ms,ms,30,6974.007,7433.80975,7632.038500000001,7648.560933333333,298.3062921102187,7823.04875,8113.8885,8208.11765,8245.648
valid_reserve_budget,setup,post_inclusion_confirmation_12_ms,ms,30,21258.576,21703.127,21830.6575,21807.490633333335,238.055802460406,21983.931,22110.90315,22186.548600000002,22209.882
valid_reserve_budget,setup,gas_used,gas,30,149183.0,149195.0,149195.0,149193.4,4.148950843701125,149195.0,149195.0,149195.0,149195.0
valid_reserve_budget,setup,total_fee_wei,wei,30,900460361223.0,900883210170.5,900953264192.5,900959053872.4667,203148837.3313864,901039729486.0,901339708918.25,901399532967.21,901412305597.0
valid_reserve_budget,setup,calldata_bytes,bytes,30,36.0,36.0,36.0,36.0,0.0,36.0,36.0,36.0,36.0
valid_reserve_budget,setup,calldata_zero_bytes,bytes,30,0.0,0.0,0.0,0.13333333333333333,0.3457459036417604,0.0,1.0,1.0,1.0
valid_reserve_budget,setup,calldata_nonzero_bytes,bytes,30,35.0,36.0,36.0,35.86666666666667,0.3457459036417604,36.0,36.0,36.0,36.0
